Numero_Publicacion_MLM,SKU_Proveedor,Titulo_Publicacion,Categoria_MercadoLibre,URL_Imagen_Alta_Resolucion_800,Dimensiones_Minimas,Estado_Fondo,Accion_Reactivacion
MLM3424392485,GABMVA070,Gabinete De Pared Enson Ens-rkgb6ud 6ur Puerta Frontal De Cr,Gabinetes para computadoras ...,https://static.ctonline.mx/imagenes/GABMVA070/GABMVA070_800.jpg,800x800 px,Fondo blanco puro verificado,Reactivación Automática Mercado Libre
MLM3424393347,GABBLR1050,Gabinete Gamer Media Torre Tank Expert  Curve 7800 Legend Se,Gabinetes para computadoras ...,https://static.ctonline.mx/imagenes/GABBLR1050/GABBLR1050_800.jpg,800x800 px,Fondo blanco puro verificado,Reactivación Automática Mercado Libre
MLM6133202816,GABSTY140,Gabinete Gamer Xzeal Xz110-1 Xzcgb12b. Puerto Para Tarjeta M,Gabinetes para computadoras ...,https://static.ctonline.mx/imagenes/GABSTY140/GABSTY140_800.jpg,800x800 px,Fondo blanco puro verificado,Reactivación Automática Mercado Libre
MLM6133203996,GABNZX010,"Gabinete Nzxt Cm-h91ew-01 H9 Elite Blanco, Tamaños De Disco",Gabinetes para computadoras ...,https://static.ctonline.mx/imagenes/GABNZX010/GABNZX010_800.jpg,800x800 px,Fondo blanco puro verificado,Reactivación Automática Mercado Libre
MLM3424165317,ACCTRL2770,Gabinete Estación De Carga De Ca Para 16 Dispositivos Chrome,Gabinetes para computadoras ...,https://static.ctonline.mx/imagenes/ACCTRL2770/ACCTRL2770_800.jpg,800x800 px,Fondo blanco puro verificado,Reactivación Automática Mercado Libre
MLM3424165323,GABITL850,"Gabinete De Piso (716246) Pro Line 38u, 19 , Unidad De Venti",Gabinetes para computadoras ...,https://static.ctonline.mx/imagenes/GABITL850/GABITL850_800.jpg,800x800 px,Fondo blanco puro verificado,Reactivación Automática Mercado Libre
MLM3424165397,ACCTRL380,Gabinete Srw6u Tripp Lite De 6u De Profundidad Estándar Para,Gabinetes para computadoras ...,https://static.ctonline.mx/imagenes/ACCTRL380/ACCTRL380_800.jpg,800x800 px,Fondo blanco puro verificado,Reactivación Automática Mercado Libre
MLM3424165475,ACCRBT8930,"Gabinete De Aluminio Para Mac Mini M4 (406313), Brobotix El",Gabinetes para computadoras ...,https://static.ctonline.mx/imagenes/ACCRBT8930/ACCRBT8930_800.jpg,800x800 px,Fondo blanco puro verificado,Reactivación Automática Mercado Libre
MLM3424165585,GABBLR420,"Gabinete Media Torre Nyx Gi730 Azender Series, Factor: Micro",Gabinetes para computadoras ...,https://static.ctonline.mx/imagenes/GABBLR420/GABBLR420_800.jpg,800x800 px,Fondo blanco puro verificado,Reactivación Automática Mercado Libre
MLM3424165619,GABNXX040,Gabinete Nexxt Modelo Aw222nxt04 Pared Fijos Semi-ensamblado,Gabinetes para computadoras ...,https://static.ctonline.mx/imagenes/GABNXX040/GABNXX040_800.jpg,800x800 px,Fondo blanco puro verificado,Reactivación Automática Mercado Libre
MLM3424165657,ACCTRL2780,Gabinete Estación De Carga Usb Para 16 Dispositivos Con Sinc,Gabinetes para computadoras ...,https://static.ctonline.mx/imagenes/ACCTRL2780/ACCTRL2780_800.jpg,800x800 px,Fondo blanco puro verificado,Reactivación Automática Mercado Libre
MLM3424165771,ACCMVA1110,Gabinete Para Sirena 30w Lince11,Gabinetes para computadoras ...,https://static.ctonline.mx/imagenes/ACCMVA1110/ACCMVA1110_800.jpg,800x800 px,Fondo blanco puro verificado,Reactivación Automática Mercado Libre
MLM3424389275,GABBLR720,"Gabinete Gamer Media Torre Tank Super 9200tb Legend Series,",Gabinetes para computadoras ...,https://static.ctonline.mx/imagenes/GABBLR720/GABBLR720_800.jpg,800x800 px,Fondo blanco puro verificado,Reactivación Automática Mercado Libre
MLM3424389277,GABACT250,"Gabinete Media Torre Draco Gm450 Advanced Series, Factor: At",Gabinetes para computadoras ...,https://static.ctonline.mx/imagenes/GABACT250/GABACT250_800.jpg,800x800 px,Fondo blanco puro verificado,Reactivación Automática Mercado Libre
MLM3424389289,GABGEN125,Gabinete Minitorre Atx. Acteck. Bern Td501. Gapc-301. Fuente,Gabinetes para computadoras ...,https://static.ctonline.mx/imagenes/GABGEN125/GABGEN125_800.jpg,800x800 px,Fondo blanco puro verificado,Reactivación Automática Mercado Libre
MLM3424389291,GABGET020,Gabinete. Getttech. Gg-1802. Gabinete Elaborado Con Lamina S,Gabinetes para computadoras ...,https://static.ctonline.mx/imagenes/GABGET020/GABGET020_800.jpg,800x800 px,Fondo blanco puro verificado,Reactivación Automática Mercado Libre
MLM3424389299,GABACT170,Gabinete Micro Slim Acteck Kioto Gc460 Rgb Essential Series,Gabinetes para computadoras ...,https://static.ctonline.mx/imagenes/GABACT170/GABACT170_800.jpg,800x800 px,Fondo blanco puro verificado,Reactivación Automática Mercado Libre
MLM3424389315,GABDTS020,Gabinete Grande Para 6 Ó 8 Baterías Me-5151 De Ciclo Profund,Gabinetes para computadoras ...,https://static.ctonline.mx/imagenes/GABDTS020/GABDTS020_800.jpg,800x800 px,Fondo blanco puro verificado,Reactivación Automática Mercado Libre
MLM3424389335,GABBLR860,Gabinete Gamer Mini Torre Tank Expert  Curve 7400 Legend Ser,Gabinetes para computadoras ...,https://static.ctonline.mx/imagenes/GABBLR860/GABBLR860_800.jpg,800x800 px,Fondo blanco puro verificado,Reactivación Automática Mercado Libre
MLM3424389345,GABVGO050,"Gabinete. Game Factor. Csg-500. Gamer, Rgb, Filtros De Polvo",Gabinetes para computadoras ...,https://static.ctonline.mx/imagenes/GABVGO050/GABVGO050_800.jpg,800x800 px,Fondo blanco puro verificado,Reactivación Automática Mercado Libre
MLM3424389367,GABACT010,"Gabinete Slim Atom Acteck-e  Lector De Tarjetas Sd, 2 Puerto",Gabinetes para computadoras ...,https://static.ctonline.mx/imagenes/GABACT010/GABACT010_800.jpg,800x800 px,Fondo blanco puro verificado,Reactivación Automática Mercado Libre
MLM3424389379,ACCDAT1680,"Gabinete Externo Para Ssd Adata Ec680 Para Ssd M.2 Pcie, Usb",Gabinetes para computadoras ...,https://static.ctonline.mx/imagenes/ACCDAT1680/ACCDAT1680_800.jpg,800x800 px,Fondo blanco puro verificado,Reactivación Automática Mercado Libre
MLM3424389381,GABNSY010,Gabinete De Piso. Marca North System. Opt004-bkt. Gabinete O,Gabinetes para computadoras ...,https://static.ctonline.mx/imagenes/GABNSY010/GABNSY010_800.jpg,800x800 px,Fondo blanco puro verificado,Reactivación Automática Mercado Libre
MLM3424389473,GABBEQ020,Be Quiet! Gabinete Base Pura 500 Window Blanco Bgw35,Gabinetes para computadoras ...,https://static.ctonline.mx/imagenes/GABBEQ020/GABBEQ020_800.jpg,800x800 px,Fondo blanco puro verificado,Reactivación Automática Mercado Libre
MLM3424389479,ACCRBT6190,"Gabinete De 19  Para Montaje En Pared  Mural , 6 U (810315),",Gabinetes para computadoras ...,https://static.ctonline.mx/imagenes/ACCRBT6190/ACCRBT6190_800.jpg,800x800 px,Fondo blanco puro verificado,Reactivación Automática Mercado Libre
MLM3424389531,GABCLR1210,Gabinete Gaming Cooler Master Ncore 100 Air Black (nr100-knn,Gabinetes para computadoras ...,https://static.ctonline.mx/imagenes/GABCLR1210/GABCLR1210_800.jpg,800x800 px,Fondo blanco puro verificado,Reactivación Automática Mercado Libre
MLM3424389633,GABBLR030,Gabinete Gaming Talos Balam Rush Spectrum Tamaño Micro Gamin,Gabinetes para computadoras ...,https://static.ctonline.mx/imagenes/GABBLR030/GABBLR030_800.jpg,800x800 px,Fondo blanco puro verificado,Reactivación Automática Mercado Libre
MLM3424389695,GABDTS010,Gabinete Chico Para 2 Ó 4 Baterías Me-5150 De Ciclo Profundo,Gabinetes para computadoras ...,https://static.ctonline.mx/imagenes/GABDTS010/GABDTS010_800.jpg,800x800 px,Fondo blanco puro verificado,Reactivación Automática Mercado Libre
MLM3424389709,GABNCB110,"Gabinete Gaming Naceb Colosus, Rgb, 3 Ventiladores Incluidos",Gabinetes para computadoras ...,https://static.ctonline.mx/imagenes/GABNCB110/GABNCB110_800.jpg,800x800 px,Fondo blanco puro verificado,Reactivación Automática Mercado Libre
MLM3424389711,GABEVO560,"Gabinete Mini Torre Toledo (ev-1026), Gabinete Mini Torre To",Gabinetes para computadoras ...,https://static.ctonline.mx/imagenes/GABEVO560/GABEVO560_800.jpg,800x800 px,Fondo blanco puro verificado,Reactivación Automática Mercado Libre
MLM3424389739,GABCLR880,Gabinete Cooler Master  Mb520-wgnn-s00 Masterbox 520 Argb Co,Gabinetes para computadoras ...,https://static.ctonline.mx/imagenes/GABCLR880/GABCLR880_800.jpg,800x800 px,Fondo blanco puro verificado,Reactivación Automática Mercado Libre
MLM3424389837,GABBLR1100,Gabinete Mini Torre Nitrox Edge Pro Crystal 4900c Factor: Mi,Gabinetes para computadoras ...,https://static.ctonline.mx/imagenes/GABBLR1100/GABBLR1100_800.jpg,800x800 px,Fondo blanco puro verificado,Reactivación Automática Mercado Libre
MLM3424389937,GABBLR660,Gabinete Gamer Mini Torre  Carbono Twin Mate 6000 Legend Ser,Gabinetes para computadoras ...,https://static.ctonline.mx/imagenes/GABBLR660/GABBLR660_800.jpg,800x800 px,Fondo blanco puro verificado,Reactivación Automática Mercado Libre
MLM3424390091,GABSTY390,Gabinete Gamer X-tron Mid Tower Xzeal Atx Xzgaxt1w Panel Der,Gabinetes para computadoras ...,https://static.ctonline.mx/imagenes/GABSTY390/GABSTY390_800.jpg,800x800 px,Fondo blanco puro verificado,Reactivación Automática Mercado Libre
MLM3424390095,GABSTY440,Gabinete Curvo Xzeal M-atx/itx Xzgamc3b 2x Usb 2.0 + 1x Usb,Gabinetes para computadoras ...,https://static.ctonline.mx/imagenes/GABSTY440/GABSTY440_800.jpg,800x800 px,Fondo blanco puro verificado,Reactivación Automática Mercado Libre
MLM3424390159,GABACT620,Gabinete Mini Torre Slim Onex Gs450 Acteck  Factor Micro Atx,Gabinetes para computadoras ...,https://static.ctonline.mx/imagenes/GABACT620/GABACT620_800.jpg,800x800 px,Fondo blanco puro verificado,Reactivación Automática Mercado Libre
MLM3424390217,GABVGO250,Gabinete Start The Game Matx. Csg-350 Factor: Micro Atx. Slo,Gabinetes para computadoras ...,https://static.ctonline.mx/imagenes/GABVGO250/GABVGO250_800.jpg,800x800 px,Fondo blanco puro verificado,Reactivación Automática Mercado Libre
MLM3424390261,RCKACC2350,Gabinete Mural 19 .9u (711777) Gabinete Para Rack De 19  (71,Gabinetes para computadoras ...,https://static.ctonline.mx/imagenes/RCKACC2350/RCKACC2350_800.jpg,800x800 px,Fondo blanco puro verificado,Reactivación Automática Mercado Libre
MLM3424390349,GABACT220,Gabinete Mini Torre Acteck Doom Gi630 Elite Series Factor: M,Gabinetes para computadoras ...,https://static.ctonline.mx/imagenes/GABACT220/GABACT220_800.jpg,800x800 px,Fondo blanco puro verificado,Reactivación Automática Mercado Libre
MLM3424390367,GABBLR600,Gabinete Gamer Full Torre  Carbono Twin Mate 9000 Legend Ser,Gabinetes para computadoras ...,https://static.ctonline.mx/imagenes/GABBLR600/GABBLR600_800.jpg,800x800 px,Fondo blanco puro verificado,Reactivación Automática Mercado Libre
MLM3424390373,GABACT290,"Gabinete Micro Torre Fusión Ii Gi440 Advanced Series, Factor",Gabinetes para computadoras ...,https://static.ctonline.mx/imagenes/GABACT290/GABACT290_800.jpg,800x800 px,Fondo blanco puro verificado,Reactivación Automática Mercado Libre
MLM3424390419,GABNCB180,Naceb Gabinete Gamer C/ventana M-atx Negro 3 Ventiladores Rg,Gabinetes para computadoras ...,https://static.ctonline.mx/imagenes/GABNCB180/GABNCB180_800.jpg,800x800 px,Fondo blanco puro verificado,Reactivación Automática Mercado Libre
MLM3424390445,GABACT450,Gabinete Mini Torre Acteck Doom Pro Crystal Gi730c Factor: M,Gabinetes para computadoras ...,https://static.ctonline.mx/imagenes/GABACT450/GABACT450_800.jpg,800x800 px,Fondo blanco puro verificado,Reactivación Automática Mercado Libre
MLM3424390477,GABBLR300,Gabinete Gamer Micro Torre Atx Eris Frost Gi985 Legend Serie,Gabinetes para computadoras ...,https://static.ctonline.mx/imagenes/GABBLR300/GABBLR300_800.jpg,800x800 px,Fondo blanco puro verificado,Reactivación Automática Mercado Libre
MLM3424390537,GABBLR630,Gabinete Gamer Media Torre  Carbono Twin Mate 7000 Legend Se,Gabinetes para computadoras ...,https://static.ctonline.mx/imagenes/GABBLR630/GABBLR630_800.jpg,800x800 px,Fondo blanco puro verificado,Reactivación Automática Mercado Libre
MLM3424390551,GABTRL090,"Gabinete De Batería Externa ±120vdc, Tripp Lite,  Modelo Bp2",Gabinetes para computadoras ...,https://static.ctonline.mx/imagenes/GABTRL090/GABTRL090_800.jpg,800x800 px,Fondo blanco puro verificado,Reactivación Automática Mercado Libre
MLM3424390555,GABBLR1090,Gabinete Mini Torre Tank Core Pro Gi925 Factor: Micro Atx -,Gabinetes para computadoras ...,https://static.ctonline.mx/imagenes/GABBLR1090/GABBLR1090_800.jpg,800x800 px,Fondo blanco puro verificado,Reactivación Automática Mercado Libre
MLM3424390591,ACCTPL190,"Gabinete Para Convertidor De Medios No Gestionable (mc1400),",Gabinetes para computadoras ...,https://static.ctonline.mx/imagenes/ACCTPL190/ACCTPL190_800.jpg,800x800 px,Fondo blanco puro verificado,Reactivación Automática Mercado Libre
MLM3424390675,GABVGO270,Gabinete Game Factor Matx. Csg700 Factor: Atx. Mother Board:,Gabinetes para computadoras ...,https://static.ctonline.mx/imagenes/GABVGO270/GABVGO270_800.jpg,800x800 px,Fondo blanco puro verificado,Reactivación Automática Mercado Libre
MLM3424390679,GABGIG180,"Gabinete Gigabyte Gamer Aorus Gb-ac700g, Full Tower Mini-itx",Gabinetes para computadoras ...,https://static.ctonline.mx/imagenes/GABGIG180/GABGIG180_800.jpg,800x800 px,Fondo blanco puro verificado,Reactivación Automática Mercado Libre
MLM3424390703,GABGET200,Gabinete Gaming Getttech Panel Frontal  Modelos Gcm-asgx1-01,Gabinetes para computadoras ...,https://static.ctonline.mx/imagenes/GABGET200/GABGET200_800.jpg,800x800 px,Fondo blanco puro verificado,Reactivación Automática Mercado Libre
MLM3424390709,RCKACC2480,"Gabinete Mural De 19 ,15u, Flatpack 600m (713887) Gabinete M",Gabinetes para computadoras ...,https://static.ctonline.mx/imagenes/RCKACC2480/RCKACC2480_800.jpg,800x800 px,Fondo blanco puro verificado,Reactivación Automática Mercado Libre
MLM3424390867,GABBLR610,Gabinete Gamer Mini Torre  Carbono Twin Mate 8000 Legend Ser,Gabinetes para computadoras ...,https://static.ctonline.mx/imagenes/GABBLR610/GABBLR610_800.jpg,800x800 px,Fondo blanco puro verificado,Reactivación Automática Mercado Libre
MLM3424390893,GABBLR380,Gabinete Gamer Mini Torre Atx Dragonfly Mesh Gm740 Azender S,Gabinetes para computadoras ...,https://static.ctonline.mx/imagenes/GABBLR380/GABBLR380_800.jpg,800x800 px,Fondo blanco puro verificado,Reactivación Automática Mercado Libre
MLM3424390987,GABSTY310,"Gabinete Gamer Mid Tower Xzeal Atx  Xzcgb08b, Panel Der. Vid",Gabinetes para computadoras ...,https://static.ctonline.mx/imagenes/GABSTY310/GABSTY310_800.jpg,800x800 px,Fondo blanco puro verificado,Reactivación Automática Mercado Libre
MLM3424391055,ACCXRX1660,Gabinete Bajo Xerox 097s04954. Solo Necesario Para Bandejas,Gabinetes para computadoras ...,https://static.ctonline.mx/imagenes/ACCXRX1660/ACCXRX1660_800.jpg,800x800 px,Fondo blanco puro verificado,Reactivación Automática Mercado Libre
MLM3424391109,GABACT700,Gabinete Mini Torre Acteck Doom Ultra Mesh Gi750m Factor: Mi,Gabinetes para computadoras ...,https://static.ctonline.mx/imagenes/GABACT700/GABACT700_800.jpg,800x800 px,Fondo blanco puro verificado,Reactivación Automática Mercado Libre
MLM3424391121,GABITL700,Gabinete Mural 19° 6u (711753) Compatible Con Accesorios De,Gabinetes para computadoras ...,https://static.ctonline.mx/imagenes/GABITL700/GABITL700_800.jpg,800x800 px,Fondo blanco puro verificado,Reactivación Automática Mercado Libre
MLM3424391127,GABACT100,Gabinete Micro Atx-mini Atx- Mini Itx. Acteck Milan  Fuente,Gabinetes para computadoras ...,https://static.ctonline.mx/imagenes/GABACT100/GABACT100_800.jpg,800x800 px,Fondo blanco puro verificado,Reactivación Automática Mercado Libre
MLM3424391135,GABSTY470,"Gabinete Gamer Xzeal Full Tower Xz160, Eatx/atx Panel Der.fr",Gabinetes para computadoras ...,https://static.ctonline.mx/imagenes/GABSTY470/GABSTY470_800.jpg,800x800 px,Fondo blanco puro verificado,Reactivación Automática Mercado Libre
MLM3424391173,ACCVIC340,Gabinete Con Banco Adicional De Baterías Modelo Bbe Alpha 2k,Gabinetes para computadoras ...,https://static.ctonline.mx/imagenes/ACCVIC340/ACCVIC340_800.jpg,800x800 px,Fondo blanco puro verificado,Reactivación Automática Mercado Libre
MLM3424391179,GABACT330,"Gabinete Compacto Mini Torre Fuji Gc470 Advanced Series, Fac",Gabinetes para computadoras ...,https://static.ctonline.mx/imagenes/GABACT330/GABACT330_800.jpg,800x800 px,Fondo blanco puro verificado,Reactivación Automática Mercado Libre
MLM3424391181,RCKACC2370,"Gabinete De Montaje En Pared 19 ,12u 570x450 (711869) Gabine",Gabinetes para computadoras ...,https://static.ctonline.mx/imagenes/RCKACC2370/RCKACC2370_800.jpg,800x800 px,Fondo blanco puro verificado,Reactivación Automática Mercado Libre
MLM3424391223,GABEVO530,Evotec Gabinete Mini Atx Fuente 500w Ev-1023,Gabinetes para computadoras ...,https://static.ctonline.mx/imagenes/GABEVO530/GABEVO530_800.jpg,800x800 px,Fondo blanco puro verificado,Reactivación Automática Mercado Libre
MLM3424391257,GABBLR370,Gabinete Gamer Mini Torre Atx Dragonfly Mesh Gm740 Azender S,Gabinetes para computadoras ...,https://static.ctonline.mx/imagenes/GABBLR370/GABBLR370_800.jpg,800x800 px,Fondo blanco puro verificado,Reactivación Automática Mercado Libre
MLM3424391281,GABACT410,Gabinete Mini Torre Acteck Neuss Pro Gi717 Elite Series Tarj,Gabinetes para computadoras ...,https://static.ctonline.mx/imagenes/GABACT410/GABACT410_800.jpg,800x800 px,Fondo blanco puro verificado,Reactivación Automática Mercado Libre
MLM3424391295,ACCVIC350,Gabinete Con Banco Adicional De Baterías Modelo Bbe Alpha 3k,Gabinetes para computadoras ...,https://static.ctonline.mx/imagenes/ACCVIC350/ACCVIC350_800.jpg,800x800 px,Fondo blanco puro verificado,Reactivación Automática Mercado Libre
MLM3424391395,GABTMK2330,"Gabinete Thermaltake Core P6 Tg Snow(ca-1v2-00m6wn-00), Colo",Gabinetes para computadoras ...,https://static.ctonline.mx/imagenes/GABTMK2330/GABTMK2330_800.jpg,800x800 px,Fondo blanco puro verificado,Reactivación Automática Mercado Libre
MLM3424391411,GABEVO300,"Gabinete Evotec (ev-1004) Conectores: 1 X Usb 3.0, 1 X Usb 2",Gabinetes para computadoras ...,https://static.ctonline.mx/imagenes/GABEVO300/GABEVO300_800.jpg,800x800 px,Fondo blanco puro verificado,Reactivación Automática Mercado Libre
MLM3424391429,GABBLR310,"Gabinete Gamer Micro Torre Atx Tank Pro Gm930 Legend Series,",Gabinetes para computadoras ...,https://static.ctonline.mx/imagenes/GABBLR310/GABBLR310_800.jpg,800x800 px,Fondo blanco puro verificado,Reactivación Automática Mercado Libre
MLM3424391461,GABBLR1040,Gabinete Gamer Media Torre Tank Expert  Curve 7800 Legend Se,Gabinetes para computadoras ...,https://static.ctonline.mx/imagenes/GABBLR1040/GABBLR1040_800.jpg,800x800 px,Fondo blanco puro verificado,Reactivación Automática Mercado Libre
MLM3424391483,ACCRBT5250,"Gabinete 2.5  Estuche Protector Negro Cuadros (190917-2), Br",Gabinetes para computadoras ...,https://static.ctonline.mx/imagenes/ACCRBT5250/ACCRBT5250_800.jpg,800x800 px,Fondo blanco puro verificado,Reactivación Automática Mercado Libre
MLM3424391489,GABACT710,"Gabinete Mini Torre  Apex Gi205f Acteck  Factor: Micro Atx,",Gabinetes para computadoras ...,https://static.ctonline.mx/imagenes/GABACT710/GABACT710_800.jpg,800x800 px,Fondo blanco puro verificado,Reactivación Automática Mercado Libre
MLM3424391497,GABTRL040,"Canaleta Para Cables, Tripp Lite,  Modelo Srcabletray, Dirig",Gabinetes para computadoras ...,https://static.ctonline.mx/imagenes/GABTRL040/GABTRL040_800.jpg,800x800 px,Fondo blanco puro verificado,Reactivación Automática Mercado Libre
MLM3424391553,GABBLR180,"Gabinete Gaming Thinos Balam Rush Spectrum Color Rojo, Tamañ",Gabinetes para computadoras ...,https://static.ctonline.mx/imagenes/GABBLR180/GABBLR180_800.jpg,800x800 px,Fondo blanco puro verificado,Reactivación Automática Mercado Libre
MLM3424391561,GABWAM160,Gabinete Para Montaje En Pared Wam Wam-wc12ur06-a 12ur Alto:,Gabinetes para computadoras ...,https://static.ctonline.mx/imagenes/GABWAM160/GABWAM160_800.jpg,800x800 px,Fondo blanco puro verificado,Reactivación Automática Mercado Libre
MLM3424391615,ACCRBT4510,"Gabinete 2.5  Estuche Protector Negro (190917-4), Brobotix N",Gabinetes para computadoras ...,https://static.ctonline.mx/imagenes/ACCRBT4510/ACCRBT4510_800.jpg,800x800 px,Fondo blanco puro verificado,Reactivación Automática Mercado Libre
MLM3424391689,GABACT260,"Gabinete Media Torre Draco Gm450 Advanced Series, Factor: At",Gabinetes para computadoras ...,https://static.ctonline.mx/imagenes/GABACT260/GABACT260_800.jpg,800x800 px,Fondo blanco puro verificado,Reactivación Automática Mercado Libre
MLM3424391723,GABEVO480,"Gabinete Gaming Seoul, Evotec Ev-1019, 3 Ventiladores Inclui",Gabinetes para computadoras ...,https://static.ctonline.mx/imagenes/GABEVO480/GABEVO480_800.jpg,800x800 px,Fondo blanco puro verificado,Reactivación Automática Mercado Libre
MLM3424391765,GABYEY390,"Gabinete Para Pc Gaming, Atx Hussar Plus, White- Modelo: Ycm",Gabinetes para computadoras ...,https://static.ctonline.mx/imagenes/GABYEY390/GABYEY390_800.jpg,800x800 px,Fondo blanco puro verificado,Reactivación Automática Mercado Libre
MLM3424391837,GABBLR440,"Gabinete Mini Torre Artic Gi725 Legend Nova, Factor: Micro A",Gabinetes para computadoras ...,https://static.ctonline.mx/imagenes/GABBLR440/GABBLR440_800.jpg,800x800 px,Fondo blanco puro verificado,Reactivación Automática Mercado Libre
MLM3424391855,GABDAT410,Gabinete Gamer Xpg Battlecruiser Ii. Media Torre. Compatible,Gabinetes para computadoras ...,https://static.ctonline.mx/imagenes/GABDAT410/GABDAT410_800.jpg,800x800 px,Fondo blanco puro verificado,Reactivación Automática Mercado Libre
MLM3424391915,ACCTRL3180,"Gabinete Smartrack De 6u Marca: Tripp-lite, Srwf6u36 De Bajo",Gabinetes para computadoras ...,https://static.ctonline.mx/imagenes/ACCTRL3180/ACCTRL3180_800.jpg,800x800 px,Fondo blanco puro verificado,Reactivación Automática Mercado Libre
MLM3424391953,GABBLR1180,Gabinete Gamer Media Torre Atx Dragonfly Hex Gm560  Factor:,Gabinetes para computadoras ...,https://static.ctonline.mx/imagenes/GABBLR1180/GABBLR1180_800.jpg,800x800 px,Fondo blanco puro verificado,Reactivación Automática Mercado Libre
MLM3424391965,RCKTRL080,"Gabinete Tripp-lite, Modelo Srw6udp, Gabinete Para Instalaci",Gabinetes para computadoras ...,https://static.ctonline.mx/imagenes/RCKTRL080/RCKTRL080_800.jpg,800x800 px,Fondo blanco puro verificado,Reactivación Automática Mercado Libre
MLM3424392019,GABTMK2540,"Gabinete Thermaltake The Tower 100 Black (ca-1r3-00s1wn-00),",Gabinetes para computadoras ...,https://static.ctonline.mx/imagenes/GABTMK2540/GABTMK2540_800.jpg,800x800 px,Fondo blanco puro verificado,Reactivación Automática Mercado Libre
MLM3424392069,GABNCB150,"Gabinete Gamer, White Nova Material: Lamina De Metal 1.5 Y 0",Gabinetes para computadoras ...,https://static.ctonline.mx/imagenes/GABNCB150/GABNCB150_800.jpg,800x800 px,Fondo blanco puro verificado,Reactivación Automática Mercado Libre
MLM3424392165,ACCTRL3390,Gabinete Smartrack Tripp-lite Srwf5u36 De 5u De Bajo Perfil,Gabinetes para computadoras ...,https://static.ctonline.mx/imagenes/ACCTRL3390/ACCTRL3390_800.jpg,800x800 px,Fondo blanco puro verificado,Reactivación Automática Mercado Libre
MLM3424392179,GABEVO420,"Gabinete Evotec Bassu, Compatibilidad: Mini Atx; Conectores:",Gabinetes para computadoras ...,https://static.ctonline.mx/imagenes/GABEVO420/GABEVO420_800.jpg,800x800 px,Fondo blanco puro verificado,Reactivación Automática Mercado Libre
MLM3424392261,GABDAT430,Gabinete Gamer Xpg Invader X. Media Torre. Compatible Con Pl,Gabinetes para computadoras ...,https://static.ctonline.mx/imagenes/GABDAT430/GABDAT430_800.jpg,800x800 px,Fondo blanco puro verificado,Reactivación Automática Mercado Libre
MLM3424392311,GABACT670,Gabinete Mini Torre Performance Mini Iii Gi210m Acteck Facto,Gabinetes para computadoras ...,https://static.ctonline.mx/imagenes/GABACT670/GABACT670_800.jpg,800x800 px,Fondo blanco puro verificado,Reactivación Automática Mercado Libre
MLM3424392317,GABACT160,Gabinete Micro Slim Acteck Kioto Gc220 Essential Series Fact,Gabinetes para computadoras ...,https://static.ctonline.mx/imagenes/GABACT160/GABACT160_800.jpg,800x800 px,Fondo blanco puro verificado,Reactivación Automática Mercado Libre
MLM3424392319,ACCTRL5530,"Gabinete Pequeño Smartrack, Tripp Lite, Modelo Srw12us33g, E",Gabinetes para computadoras ...,https://static.ctonline.mx/imagenes/ACCTRL5530/ACCTRL5530_800.jpg,800x800 px,Fondo blanco puro verificado,Reactivación Automática Mercado Libre
MLM3424392347,GABTMK2440,"Gabinete Thermaltake Core P3 Tg Pro Snow(ca-1g4-00m6wn-09),",Gabinetes para computadoras ...,https://static.ctonline.mx/imagenes/GABTMK2440/GABTMK2440_800.jpg,800x800 px,Fondo blanco puro verificado,Reactivación Automática Mercado Libre
MLM3424392469,GABEVO570,"Gabinete Mini Torre Toledo (ev-1027), Gabinete Mini Torre To",Gabinetes para computadoras ...,https://static.ctonline.mx/imagenes/GABEVO570/GABEVO570_800.jpg,800x800 px,Fondo blanco puro verificado,Reactivación Automática Mercado Libre
MLM3424392539,GABACT490,"Gabinete Mini Torre Acteck Zenith Gi656 Factor: Micro Atx, M",Gabinetes para computadoras ...,https://static.ctonline.mx/imagenes/GABACT490/GABACT490_800.jpg,800x800 px,Fondo blanco puro verificado,Reactivación Automática Mercado Libre
MLM3424392565,GABSTY450,Gabinete Curvo Xzeal M-atx/itx Xzgamc3w  2x Usb 2.0 + 1x Usb,Gabinetes para computadoras ...,https://static.ctonline.mx/imagenes/GABSTY450/GABSTY450_800.jpg,800x800 px,Fondo blanco puro verificado,Reactivación Automática Mercado Libre
MLM3424392583,GABVGO310,Gabinete Game Factor Matx. Csg700-bk Factor: Atx. Mother Boa,Gabinetes para computadoras ...,https://static.ctonline.mx/imagenes/GABVGO310/GABVGO310_800.jpg,800x800 px,Fondo blanco puro verificado,Reactivación Automática Mercado Libre
MLM3424392647,GABACT440,Gabinete Mini Torre Acteck Neuss Plus Gi707 Elite Series Tar,Gabinetes para computadoras ...,https://static.ctonline.mx/imagenes/GABACT440/GABACT440_800.jpg,800x800 px,Fondo blanco puro verificado,Reactivación Automática Mercado Libre
MLM3424392659,GABACT560,Gabinete Mini Torre Acteck Kioto Gc220f Essential Series Fac,Gabinetes para computadoras ...,https://static.ctonline.mx/imagenes/GABACT560/GABACT560_800.jpg,800x800 px,Fondo blanco puro verificado,Reactivación Automática Mercado Libre
MLM3424392661,GABACT530,"Gabinete Mini Torre Fuji Gc470 Advanced Series, Factor: Micr",Gabinetes para computadoras ...,https://static.ctonline.mx/imagenes/GABACT530/GABACT530_800.jpg,800x800 px,Fondo blanco puro verificado,Reactivación Automática Mercado Libre
MLM3424392673,GABTRL070,"Gabinete Pequeño Smartrack, Tripp Lite,  Modelo Srw12usdp, E",Gabinetes para computadoras ...,https://static.ctonline.mx/imagenes/GABTRL070/GABTRL070_800.jpg,800x800 px,Fondo blanco puro verificado,Reactivación Automática Mercado Libre
MLM3424392707,GABSTY260,Gabinete Cubo Gamer Cxi1 Blanco. Xzgamc1w. Gabinete Cubo Gam,Gabinetes para computadoras ...,https://static.ctonline.mx/imagenes/GABSTY260/GABSTY260_800.jpg,800x800 px,Fondo blanco puro verificado,Reactivación Automática Mercado Libre
MLM3424392765,GABBLR620,Gabinete Gamer Mini Torre  Carbono Twin Mate 8000 Legend Ser,Gabinetes para computadoras ...,https://static.ctonline.mx/imagenes/GABBLR620/GABBLR620_800.jpg,800x800 px,Fondo blanco puro verificado,Reactivación Automática Mercado Libre
MLM3424392771,GABVGO340,"Gabinete. Game Factor. Csg400. Gamer, 5 Ventiladores Arg Pre",Gabinetes para computadoras ...,https://static.ctonline.mx/imagenes/GABVGO340/GABVGO340_800.jpg,800x800 px,Fondo blanco puro verificado,Reactivación Automática Mercado Libre
MLM3424392783,GABBLR750,Gabinete Gamer Media Torre Nitrox Aircool  5500abw Legend Se,Gabinetes para computadoras ...,https://static.ctonline.mx/imagenes/GABBLR750/GABBLR750_800.jpg,800x800 px,Fondo blanco puro verificado,Reactivación Automática Mercado Libre
MLM3424392827,GABBLR320,"Gabinete Gamer Micro Torre Atx Tank Pro Gm930 Legend Series,",Gabinetes para computadoras ...,https://static.ctonline.mx/imagenes/GABBLR320/GABBLR320_800.jpg,800x800 px,Fondo blanco puro verificado,Reactivación Automática Mercado Libre
MLM3424392879,GABACT580,Gabinete Micro Torre Performance Ii Gi215f Essential Series,Gabinetes para computadoras ...,https://static.ctonline.mx/imagenes/GABACT580/GABACT580_800.jpg,800x800 px,Fondo blanco puro verificado,Reactivación Automática Mercado Libre
MLM3424392899,GABTMK2160,Gabinete Thermaltake The Tower 100 Turquoise Mini Chassis (c,Gabinetes para computadoras ...,https://static.ctonline.mx/imagenes/GABTMK2160/GABTMK2160_800.jpg,800x800 px,Fondo blanco puro verificado,Reactivación Automática Mercado Libre
MLM3424392919,GABBLR340,"Gabinete Gamer Mini Itx Tank Mini Gi930 Legend Series, Facto",Gabinetes para computadoras ...,https://static.ctonline.mx/imagenes/GABBLR340/GABBLR340_800.jpg,800x800 px,Fondo blanco puro verificado,Reactivación Automática Mercado Libre
MLM3424392943,GABDAT510,"Gabinete Gamer Xpg Defender, Media Torre. Panel Lateral De V",Gabinetes para computadoras ...,https://static.ctonline.mx/imagenes/GABDAT510/GABDAT510_800.jpg,800x800 px,Fondo blanco puro verificado,Reactivación Automática Mercado Libre
MLM3424392951,GABBLR270,Gabinete Gamer Media Torre Atx Eris Frost Gm985 Legend Serie,Gabinetes para computadoras ...,https://static.ctonline.mx/imagenes/GABBLR270/GABBLR270_800.jpg,800x800 px,Fondo blanco puro verificado,Reactivación Automática Mercado Libre
MLM3424392979,GABBLR840,Gabinete Gamer Media Torre Tank Expert  Curve 7400 Legend Se,Gabinetes para computadoras ...,https://static.ctonline.mx/imagenes/GABBLR840/GABBLR840_800.jpg,800x800 px,Fondo blanco puro verificado,Reactivación Automática Mercado Libre
MLM3424393011,ACCITL6850,Gabinete Usb A Sdd M.2 Nvme Y Sata (130639) Manhattan Conexi,Gabinetes para computadoras ...,https://static.ctonline.mx/imagenes/ACCITL6850/ACCITL6850_800.jpg,800x800 px,Fondo blanco puro verificado,Reactivación Automática Mercado Libre
MLM3424393059,ACCDAT1600,Gabinete De Unidad De Estado Solido Adata Ec700g Para Ssd M.,Gabinetes para computadoras ...,https://static.ctonline.mx/imagenes/ACCDAT1600/ACCDAT1600_800.jpg,800x800 px,Fondo blanco puro verificado,Reactivación Automática Mercado Libre
MLM3424393081,GABEVO540,Evotec Gabinete Mini Atx Fuente 500w Ev-1024,Gabinetes para computadoras ...,https://static.ctonline.mx/imagenes/GABEVO540/GABEVO540_800.jpg,800x800 px,Fondo blanco puro verificado,Reactivación Automática Mercado Libre
MLM3424393163,GABBLR880,"Gabinete Gamer Media Torre Tank Polar 7900 Legend Series, Fa",Gabinetes para computadoras ...,https://static.ctonline.mx/imagenes/GABBLR880/GABBLR880_800.jpg,800x800 px,Fondo blanco puro verificado,Reactivación Automática Mercado Libre
MLM3424393187,GABBLR1140,Gabinete Gamer Mini Torre Tank Glow Plus 3700 Factor: Micro,Gabinetes para computadoras ...,https://static.ctonline.mx/imagenes/GABBLR1140/GABBLR1140_800.jpg,800x800 px,Fondo blanco puro verificado,Reactivación Automática Mercado Libre
MLM3424393241,GABLKP050,Gabinete De Exterior Con Rack De 19 Linkedpro Modelo Lp-fort,Gabinetes para computadoras ...,https://static.ctonline.mx/imagenes/GABLKP050/GABLKP050_800.jpg,800x800 px,Fondo blanco puro verificado,Reactivación Automática Mercado Libre
MLM3424393371,GABSTY380,Gabinete Gamer Xzeal X-tron Mid Tower Atx Xzgaxt1b Panel Der,Gabinetes para computadoras ...,https://static.ctonline.mx/imagenes/GABSTY380/GABSTY380_800.jpg,800x800 px,Fondo blanco puro verificado,Reactivación Automática Mercado Libre
MLM3424393391,GABACT500,"Gabinete Mini Torre Acteck Zenith Gi656 Factor: Micro Atx, M",Gabinetes para computadoras ...,https://static.ctonline.mx/imagenes/GABACT500/GABACT500_800.jpg,800x800 px,Fondo blanco puro verificado,Reactivación Automática Mercado Libre
MLM3424393461,GABYEY370,Yeyian Gabinete Gamer Mirage S - Modelo: Ycm-apmir-s1 Vidrio,Gabinetes para computadoras ...,https://static.ctonline.mx/imagenes/GABYEY370/GABYEY370_800.jpg,800x800 px,Fondo blanco puro verificado,Reactivación Automática Mercado Libre
MLM3424393465,RCKACC2410,"Gabinete Mural Abatible 19 ,15u (712019)gabinete Mural Abati",Gabinetes para computadoras ...,https://static.ctonline.mx/imagenes/RCKACC2410/RCKACC2410_800.jpg,800x800 px,Fondo blanco puro verificado,Reactivación Automática Mercado Libre
MLM3424393495,GABNCB230,"Gabinete Gaming Atx Cristal Templado Na-0639, Metal 0.8mm,cr",Gabinetes para computadoras ...,https://static.ctonline.mx/imagenes/GABNCB230/GABNCB230_800.jpg,800x800 px,Fondo blanco puro verificado,Reactivación Automática Mercado Libre
MLM3424393515,GABITL820,Gabinete De Carga De 20 Contactos Ca (181112) Manhattan Gabi,Gabinetes para computadoras ...,https://static.ctonline.mx/imagenes/GABITL820/GABITL820_800.jpg,800x800 px,Fondo blanco puro verificado,Reactivación Automática Mercado Libre
MLM6133201622,GABITL840,"Gabinete De Piso (716239) Pro Line 27u, 19 , Unidad De Venti",Gabinetes para computadoras ...,https://static.ctonline.mx/imagenes/GABITL840/GABITL840_800.jpg,800x800 px,Fondo blanco puro verificado,Reactivación Automática Mercado Libre
MLM6133201644,GABDAT440,Gabinete Gamer Xpg Invader X. Media Torre. Compatible Con Pl,Gabinetes para computadoras ...,https://static.ctonline.mx/imagenes/GABDAT440/GABDAT440_800.jpg,800x800 px,Fondo blanco puro verificado,Reactivación Automática Mercado Libre
MLM6133201648,GABEVO360,"Gabinete Evotec Viena Slim, Compartimiento: 1 Bahia Hdd 3.5 ",Gabinetes para computadoras ...,https://static.ctonline.mx/imagenes/GABEVO360/GABEVO360_800.jpg,800x800 px,Fondo blanco puro verificado,Reactivación Automática Mercado Libre
MLM6133201650,GABBLR1010,Gabinete Gamer Media Torre Tank Expert  Curve 6800 Legend Se,Gabinetes para computadoras ...,https://static.ctonline.mx/imagenes/GABBLR1010/GABBLR1010_800.jpg,800x800 px,Fondo blanco puro verificado,Reactivación Automática Mercado Libre
MLM6133201736,GABACT540,Gabinete Mini Torre Acteck Kioto Gc220 Essential Series Fact,Gabinetes para computadoras ...,https://static.ctonline.mx/imagenes/GABACT540/GABACT540_800.jpg,800x800 px,Fondo blanco puro verificado,Reactivación Automática Mercado Libre
MLM6133201814,GABBLR360,Gabinete Gamer Mini Torre Atx Dragonfly Crystal Gm745 Azende,Gabinetes para computadoras ...,https://static.ctonline.mx/imagenes/GABBLR360/GABBLR360_800.jpg,800x800 px,Fondo blanco puro verificado,Reactivación Automática Mercado Libre
MLM6133201822,ACCRBT6200,"Gabinete De 19  Para Montaje En Pared  Mural , 9 U (810386),",Gabinetes para computadoras ...,https://static.ctonline.mx/imagenes/ACCRBT6200/ACCRBT6200_800.jpg,800x800 px,Fondo blanco puro verificado,Reactivación Automática Mercado Libre
MLM6133201850,GABWAM150,Gabinete Para Montaje En Pared Wam Wam-wc09ur06-a Alto: 9ur,Gabinetes para computadoras ...,https://static.ctonline.mx/imagenes/GABWAM150/GABWAM150_800.jpg,800x800 px,Fondo blanco puro verificado,Reactivación Automática Mercado Libre
MLM6133201886,GABBLR650,Gabinete Gamer Mini Torre  Carbono Twin Mate 6000 Legend Ser,Gabinetes para computadoras ...,https://static.ctonline.mx/imagenes/GABBLR650/GABBLR650_800.jpg,800x800 px,Fondo blanco puro verificado,Reactivación Automática Mercado Libre
MLM6133201896,GABBLR1080,Gabinete Mini Torre Nitrox Glow Crystal 4700c Factor: Mini I,Gabinetes para computadoras ...,https://static.ctonline.mx/imagenes/GABBLR1080/GABBLR1080_800.jpg,800x800 px,Fondo blanco puro verificado,Reactivación Automática Mercado Libre
MLM6133201920,ACCTRL560,"Gabinete. Cerrado De 19  Estandar, Soporte 2500 Lbs (1133.98",Gabinetes para computadoras ...,https://static.ctonline.mx/imagenes/ACCTRL560/ACCTRL560_800.jpg,800x800 px,Fondo blanco puro verificado,Reactivación Automática Mercado Libre
MLM6133201982,GABBLR1170,Gabinete Gamer Media Torre Atx Dragonfly Ventra Gm570  Facto,Gabinetes para computadoras ...,https://static.ctonline.mx/imagenes/GABBLR1170/GABBLR1170_800.jpg,800x800 px,Fondo blanco puro verificado,Reactivación Automática Mercado Libre
MLM6133202058,GABDAT210,"Gabinete Gamer Xpg Defender Pro, Media Torre E-atx. Panel Fr",Gabinetes para computadoras ...,https://static.ctonline.mx/imagenes/GABDAT210/GABDAT210_800.jpg,800x800 px,Fondo blanco puro verificado,Reactivación Automática Mercado Libre
MLM6133202084,GABDAT030,"Gabinete Gamer Xpg Invader, Media Torre. Puertos De E/s Vers",Gabinetes para computadoras ...,https://static.ctonline.mx/imagenes/GABDAT030/GABDAT030_800.jpg,800x800 px,Fondo blanco puro verificado,Reactivación Automática Mercado Libre
MLM6133202100,ACCHKV4490,Gabinete Para Montaje En Pared O Piso Hikvision Ds-xs6409-s/,Gabinetes para computadoras ...,https://static.ctonline.mx/imagenes/ACCHKV4490/ACCHKV4490_800.jpg,800x800 px,Fondo blanco puro verificado,Reactivación Automática Mercado Libre
MLM6133202124,GABACT690,Gabinete Mini Torre Rex Pro Gi757 Acteck Factor Micro Atx- M,Gabinetes para computadoras ...,https://static.ctonline.mx/imagenes/GABACT690/GABACT690_800.jpg,800x800 px,Fondo blanco puro verificado,Reactivación Automática Mercado Libre
MLM6133202148,GABCLR750,"Gabinete Coolermaster Haf 500 (h500-wgnn-s00), Media Torre,",Gabinetes para computadoras ...,https://static.ctonline.mx/imagenes/GABCLR750/GABCLR750_800.jpg,800x800 px,Fondo blanco puro verificado,Reactivación Automática Mercado Libre
MLM6133202212,GABACT650,"Gabinete Mini Torre  Zyron Gc606 Acteck  Factor: Micro Atx,",Gabinetes para computadoras ...,https://static.ctonline.mx/imagenes/GABACT650/GABACT650_800.jpg,800x800 px,Fondo blanco puro verificado,Reactivación Automática Mercado Libre
MLM6133202308,GABNCB240,"Gabinete Gaming Especial Con Cristal Templado Na-0641, Metal",Gabinetes para computadoras ...,https://static.ctonline.mx/imagenes/GABNCB240/GABNCB240_800.jpg,800x800 px,Fondo blanco puro verificado,Reactivación Automática Mercado Libre
MLM6133202338,GABEVO350,"Gabinete Evotec Aruba Slim, Compartimiento: 1 Bahia Hdd 3.5 ",Gabinetes para computadoras ...,https://static.ctonline.mx/imagenes/GABEVO350/GABEVO350_800.jpg,800x800 px,Fondo blanco puro verificado,Reactivación Automática Mercado Libre
MLM6133202596,GABITL720,Gabinete Mural 19  De Tamaño Reducido (713689) Intellinet Ca,Gabinetes para computadoras ...,https://static.ctonline.mx/imagenes/GABITL720/GABITL720_800.jpg,800x800 px,Fondo blanco puro verificado,Reactivación Automática Mercado Libre
MLM6133202614,GABBLR870,Gabinete Gamer Mini Torre Tank Expert  Curve 7400 Legend Ser,Gabinetes para computadoras ...,https://static.ctonline.mx/imagenes/GABBLR870/GABBLR870_800.jpg,800x800 px,Fondo blanco puro verificado,Reactivación Automática Mercado Libre
MLM6133202624,GABBLR1110,Gabinete Mini Torre Nitrox Edge Aircool 4700a  Factor: Mini,Gabinetes para computadoras ...,https://static.ctonline.mx/imagenes/GABBLR1110/GABBLR1110_800.jpg,800x800 px,Fondo blanco puro verificado,Reactivación Automática Mercado Libre
MLM6133202642,GABNXX020,Gabinete Nexxt Modelo Aw222nxt02  Pared Fijos Semi-ensamblad,Gabinetes para computadoras ...,https://static.ctonline.mx/imagenes/GABNXX020/GABNXX020_800.jpg,800x800 px,Fondo blanco puro verificado,Reactivación Automática Mercado Libre
MLM6133202702,GABITL660,Gabinete 15u Mural  (711951) Gabinete Mural Con Puerta De Cr,Gabinetes para computadoras ...,https://static.ctonline.mx/imagenes/GABITL660/GABITL660_800.jpg,800x800 px,Fondo blanco puro verificado,Reactivación Automática Mercado Libre
MLM6133202722,GABITL830,"Gabinete De Piso (716222) Pro Line 18u, 19 , Unidad De Venti",Gabinetes para computadoras ...,https://static.ctonline.mx/imagenes/GABITL830/GABITL830_800.jpg,800x800 px,Fondo blanco puro verificado,Reactivación Automática Mercado Libre
MLM6133202812,GABBLR970,"Gabinete Gamer Media Torre Tank Majestic 6600 Legend Series,",Gabinetes para computadoras ...,https://static.ctonline.mx/imagenes/GABBLR970/GABBLR970_800.jpg,800x800 px,Fondo blanco puro verificado,Reactivación Automática Mercado Libre
MLM6133202874,ACCTRL3810,"Gabinete Pared smartrack De 12u, Puerta Delantera Y Laterale",Gabinetes para computadoras ...,https://static.ctonline.mx/imagenes/ACCTRL3810/ACCTRL3810_800.jpg,800x800 px,Fondo blanco puro verificado,Reactivación Automática Mercado Libre
MLM6133202900,GABACT550,Gabinete Mini Torre Acteck Kioto Gc220f Essential Series Fac,Gabinetes para computadoras ...,https://static.ctonline.mx/imagenes/GABACT550/GABACT550_800.jpg,800x800 px,Fondo blanco puro verificado,Reactivación Automática Mercado Libre
MLM6133202904,GABWAM140,Gabinete Para Montaje En Pared Wam Wam-wc06ur06-a Alto: 6ur,Gabinetes para computadoras ...,https://static.ctonline.mx/imagenes/GABWAM140/GABWAM140_800.jpg,800x800 px,Fondo blanco puro verificado,Reactivación Automática Mercado Libre
MLM6133202930,GABITL510,"Gabinete De Piso (713108) 19 Pulgadas, 26u, Color: Negro Ral",Gabinetes para computadoras ...,https://static.ctonline.mx/imagenes/GABITL510/GABITL510_800.jpg,800x800 px,Fondo blanco puro verificado,Reactivación Automática Mercado Libre
MLM6133202932,GABNCB190,Naceb Gabinete Gamer Media Torre Atx Blanco  Na-0637b,Gabinetes para computadoras ...,https://static.ctonline.mx/imagenes/GABNCB190/GABNCB190_800.jpg,800x800 px,Fondo blanco puro verificado,Reactivación Automática Mercado Libre
MLM6133202952,GABTRL080,"Gabinete Smartrack, Tripp Lite,  Modelo Srwf4u, El Gabinete",Gabinetes para computadoras ...,https://static.ctonline.mx/imagenes/GABTRL080/GABTRL080_800.jpg,800x800 px,Fondo blanco puro verificado,Reactivación Automática Mercado Libre
MLM6133202958,GABITL750,"102254 Estación De Carga Con 6 Puertos Usb, Seis Puertos Usb",Gabinetes para computadoras ...,https://static.ctonline.mx/imagenes/GABITL750/GABITL750_800.jpg,800x800 px,Fondo blanco puro verificado,Reactivación Automática Mercado Libre
MLM6133202986,GABVGO260,Gabinete Game Factor Matx. Csg570 Factor: Atx. Calibre: 0.5m,Gabinetes para computadoras ...,https://static.ctonline.mx/imagenes/GABVGO260/GABVGO260_800.jpg,800x800 px,Fondo blanco puro verificado,Reactivación Automática Mercado Libre
MLM6133202994,GABTMK2420,Gabinete Thermaltake Ceres 500 Tg Argb Snow(ca-1x5-00m6wn-00,Gabinetes para computadoras ...,https://static.ctonline.mx/imagenes/GABTMK2420/GABTMK2420_800.jpg,800x800 px,Fondo blanco puro verificado,Reactivación Automática Mercado Libre
MLM6133203036,GABNCB250,"Gabinete Para Disco Duro (na-0146), Gabinete Para Disco Duro",Gabinetes para computadoras ...,https://static.ctonline.mx/imagenes/GABNCB250/GABNCB250_800.jpg,800x800 px,Fondo blanco puro verificado,Reactivación Automática Mercado Libre
MLM6133203076,GABBLR920,"Gabinete Gamer Mini Torre Tank Perform 3200 Legend Series, F",Gabinetes para computadoras ...,https://static.ctonline.mx/imagenes/GABBLR920/GABBLR920_800.jpg,800x800 px,Fondo blanco puro verificado,Reactivación Automática Mercado Libre
MLM6133203122,GABACT640,Gabinete Mini Torre Acteck Doom Ultra Crystal Gi750c Factor:,Gabinetes para computadoras ...,https://static.ctonline.mx/imagenes/GABACT640/GABACT640_800.jpg,800x800 px,Fondo blanco puro verificado,Reactivación Automática Mercado Libre
MLM6133203136,GABEVO460,"Gabinete Evotec Lisboa Slim Ev-1017, Compartimiento: 1 Bahia",Gabinetes para computadoras ...,https://static.ctonline.mx/imagenes/GABEVO460/GABEVO460_800.jpg,800x800 px,Fondo blanco puro verificado,Reactivación Automática Mercado Libre
MLM6133203140,RCKACC2420,"Gabinete Mural De 19 ,9u Ensamblado (712071) Gabinete Mural",Gabinetes para computadoras ...,https://static.ctonline.mx/imagenes/RCKACC2420/RCKACC2420_800.jpg,800x800 px,Fondo blanco puro verificado,Reactivación Automática Mercado Libre
MLM6133203164,GABEVO150,"Gabinete Evotec Ev-1005, Gamer, Negor, Torre Completa, Micro",Gabinetes para computadoras ...,https://static.ctonline.mx/imagenes/GABEVO150/GABEVO150_800.jpg,800x800 px,Fondo blanco puro verificado,Reactivación Automática Mercado Libre
MLM6133203170,GABBLR1030,"Gabinete Gamer Media Torre Tank Expert  7600 Legend Series,",Gabinetes para computadoras ...,https://static.ctonline.mx/imagenes/GABBLR1030/GABBLR1030_800.jpg,800x800 px,Fondo blanco puro verificado,Reactivación Automática Mercado Libre
MLM6133203190,GABACT630,Gabinete Mini Torre Panorak Gc600 Acteck Paneles De Cristal,Gabinetes para computadoras ...,https://static.ctonline.mx/imagenes/GABACT630/GABACT630_800.jpg,800x800 px,Fondo blanco puro verificado,Reactivación Automática Mercado Libre
MLM6133203198,GABBLR390,Gabinete Gamer Mini Torre Atx Dragonfly 2 Crystal Gm745s Aze,Gabinetes para computadoras ...,https://static.ctonline.mx/imagenes/GABBLR390/GABBLR390_800.jpg,800x800 px,Fondo blanco puro verificado,Reactivación Automática Mercado Libre
MLM6133203232,GABACT140,Gabinete Micro Atx Acteck Gc240 Kioto Essential Series Facto,Gabinetes para computadoras ...,https://static.ctonline.mx/imagenes/GABACT140/GABACT140_800.jpg,800x800 px,Fondo blanco puro verificado,Reactivación Automática Mercado Libre
MLM6133203258,GABACT420,Gabinete Mini Torre Acteck Neuss Pro Gi717 Elite Series Tarj,Gabinetes para computadoras ...,https://static.ctonline.mx/imagenes/GABACT420/GABACT420_800.jpg,800x800 px,Fondo blanco puro verificado,Reactivación Automática Mercado Libre
MLM6133203266,ACCTRL5450,Gabinete Para Cableado Estructurado Smartrack De 3u De Bajo,Gabinetes para computadoras ...,https://static.ctonline.mx/imagenes/ACCTRL5450/ACCTRL5450_800.jpg,800x800 px,Fondo blanco puro verificado,Reactivación Automática Mercado Libre
MLM6133203270,GABACT130,Gabinete Atx Acteck Gm270 Turin Essential Series Factor De F,Gabinetes para computadoras ...,https://static.ctonline.mx/imagenes/GABACT130/GABACT130_800.jpg,800x800 px,Fondo blanco puro verificado,Reactivación Automática Mercado Libre
MLM6133203318,GABACT680,Gabinete Media Torre Rex Max Gm757 Acteck Factor Atx Micro A,Gabinetes para computadoras ...,https://static.ctonline.mx/imagenes/GABACT680/GABACT680_800.jpg,800x800 px,Fondo blanco puro verificado,Reactivación Automática Mercado Libre
MLM6133203362,ACCDAT1670,Gabinete Externo Adata Ec600 Para Ssd Y Discos Duros 2.5  (7,Gabinetes para computadoras ...,https://static.ctonline.mx/imagenes/ACCDAT1670/ACCDAT1670_800.jpg,800x800 px,Fondo blanco puro verificado,Reactivación Automática Mercado Libre
MLM6133203400,GABSTY190,"Gabinete Xst-100 Xscgxt0p. Gabinete Cst-100, Color Rosa; Pue",Gabinetes para computadoras ...,https://static.ctonline.mx/imagenes/GABSTY190/GABSTY190_800.jpg,800x800 px,Fondo blanco puro verificado,Reactivación Automática Mercado Libre
MLM6133203538,GABBLR1070,"Gabinete Mini Torre Tank Glow Max 3900 Factor: Mini Itx, Pan",Gabinetes para computadoras ...,https://static.ctonline.mx/imagenes/GABBLR1070/GABBLR1070_800.jpg,800x800 px,Fondo blanco puro verificado,Reactivación Automática Mercado Libre
MLM6133203550,GABBLR290,"Gabinete Gamer Micro Torre Atx Eris Jet Gi985 Legend Series,",Gabinetes para computadoras ...,https://static.ctonline.mx/imagenes/GABBLR290/GABBLR290_800.jpg,800x800 px,Fondo blanco puro verificado,Reactivación Automática Mercado Libre
MLM6133203568,GABEVO430,"Gabinete Evotec Bardi, Compatibilidad:  Atx; Conectores: 2 U",Gabinetes para computadoras ...,https://static.ctonline.mx/imagenes/GABEVO430/GABEVO430_800.jpg,800x800 px,Fondo blanco puro verificado,Reactivación Automática Mercado Libre
MLM6133203594,GABSTY330,Gabinete Xst-100 Xzeal Starter Xsxgb00b. Puerto Para Ventila,Gabinetes para computadoras ...,https://static.ctonline.mx/imagenes/GABSTY330/GABSTY330_800.jpg,800x800 px,Fondo blanco puro verificado,Reactivación Automática Mercado Libre
MLM6133203612,GABVGO190,"Gabinete Game Factor Csg-300 Atx, Usb 3.0, 1 Vent 120mm, Cri",Gabinetes para computadoras ...,https://static.ctonline.mx/imagenes/GABVGO190/GABVGO190_800.jpg,800x800 px,Fondo blanco puro verificado,Reactivación Automática Mercado Libre
MLM6133203614,ACCVIC320,Gabinete Con Banco Adicional De Baterías Modelo Bbe Alpha 1k,Gabinetes para computadoras ...,https://static.ctonline.mx/imagenes/ACCVIC320/ACCVIC320_800.jpg,800x800 px,Fondo blanco puro verificado,Reactivación Automática Mercado Libre
MLM6133203642,ACCCYP570,Gabinete Para Baterías Bca200n250a Para Extensión De Tiempo,Gabinetes para computadoras ...,https://static.ctonline.mx/imagenes/ACCCYP570/ACCCYP570_800.jpg,800x800 px,Fondo blanco puro verificado,Reactivación Automática Mercado Libre
MLM6133203734,GABITL800,"Gabinete De Piso (716253) Pro Line 42u, 19 , Unidad De Venti",Gabinetes para computadoras ...,https://static.ctonline.mx/imagenes/GABITL800/GABITL800_800.jpg,800x800 px,Fondo blanco puro verificado,Reactivación Automática Mercado Libre
MLM6133203740,GABTMK2400,"Gabinete Thermaltake S200 Tg Argb Snow(ca-1x2-00m6wn-00), Co",Gabinetes para computadoras ...,https://static.ctonline.mx/imagenes/GABTMK2400/GABTMK2400_800.jpg,800x800 px,Fondo blanco puro verificado,Reactivación Automática Mercado Libre
MLM6133203762,RCKACC2360,"Gabinete Mural Abatible 19 ,9u (711845) Gabinete Mural Abati",Gabinetes para computadoras ...,https://static.ctonline.mx/imagenes/RCKACC2360/RCKACC2360_800.jpg,800x800 px,Fondo blanco puro verificado,Reactivación Automática Mercado Libre
MLM6133203800,GABBLR710,"Gabinete Gamer Media Torre Tank Super 9200tb Legend Series,",Gabinetes para computadoras ...,https://static.ctonline.mx/imagenes/GABBLR710/GABBLR710_800.jpg,800x800 px,Fondo blanco puro verificado,Reactivación Automática Mercado Libre
MLM6133203828,GABACT270,"Gabinete Media Torre Kiruna Ii Gm420 Advanced Series, Factor",Gabinetes para computadoras ...,https://static.ctonline.mx/imagenes/GABACT270/GABACT270_800.jpg,800x800 px,Fondo blanco puro verificado,Reactivación Automática Mercado Libre
MLM6133203836,ACCRBT5930,"Gabinete Para Cámara De Video-vigilancia Cctv (963363), Brob",Gabinetes para computadoras ...,https://static.ctonline.mx/imagenes/ACCRBT5930/ACCRBT5930_800.jpg,800x800 px,Fondo blanco puro verificado,Reactivación Automática Mercado Libre
MLM6133203852,GABSTY400,Gabinete Xzeal X-zynergy M-atx/itx Xzgazny1b 1xusb1.0 + 1x U,Gabinetes para computadoras ...,https://static.ctonline.mx/imagenes/GABSTY400/GABSTY400_800.jpg,800x800 px,Fondo blanco puro verificado,Reactivación Automática Mercado Libre
MLM6133203906,RCKTRL060,Gabinete Pequeño Smartrack Srw12uhd Para Instalación En La P,Gabinetes para computadoras ...,https://static.ctonline.mx/imagenes/RCKTRL060/RCKTRL060_800.jpg,800x800 px,Fondo blanco puro verificado,Reactivación Automática Mercado Libre
MLM6133203944,ACCHKV2180,Gabinete Metálico Gabvid4r3 Para Dvr/nvr Con Chapa Y Llave.,Gabinetes para computadoras ...,https://static.ctonline.mx/imagenes/ACCHKV2180/ACCHKV2180_800.jpg,800x800 px,Fondo blanco puro verificado,Reactivación Automática Mercado Libre
MLM6133204006,GABYEY120,"Gabinete Gaming Atx, Yeyian Yga-68809 Armageddon 2200, 2 Pue",Gabinetes para computadoras ...,https://static.ctonline.mx/imagenes/GABYEY120/GABYEY120_800.jpg,800x800 px,Fondo blanco puro verificado,Reactivación Automática Mercado Libre
MLM6133204028,GABNCB200,Naceb Gabinete Gamer Media Torre Atx Negro Na-0637n,Gabinetes para computadoras ...,https://static.ctonline.mx/imagenes/GABNCB200/GABNCB200_800.jpg,800x800 px,Fondo blanco puro verificado,Reactivación Automática Mercado Libre
MLM6133204270,GABBLR250,Gabinete Gamer Media Torre Atx Eris Special Gm985 Legend Ser,Gabinetes para computadoras ...,https://static.ctonline.mx/imagenes/GABBLR250/GABBLR250_800.jpg,800x800 px,Fondo blanco puro verificado,Reactivación Automática Mercado Libre
MLM6133204280,GABACT190,Gabinete Micro Atx/itx Acteck Neuss Gi480 Advanced Series Ta,Gabinetes para computadoras ...,https://static.ctonline.mx/imagenes/GABACT190/GABACT190_800.jpg,800x800 px,Fondo blanco puro verificado,Reactivación Automática Mercado Libre
MLM6133204304,GABVGO290,"Gabinete. Game Factor. Csg-503. Gamer, 4 Ventiladores Arg Pr",Gabinetes para computadoras ...,https://static.ctonline.mx/imagenes/GABVGO290/GABVGO290_800.jpg,800x800 px,Fondo blanco puro verificado,Reactivación Automática Mercado Libre
MLM6133204362,GABNXX030,Gabinete Nexxt Modelo Aw222nxt03 Pared Fijos Semi-ensamblado,Gabinetes para computadoras ...,https://static.ctonline.mx/imagenes/GABNXX030/GABNXX030_800.jpg,800x800 px,Fondo blanco puro verificado,Reactivación Automática Mercado Libre
MLM6133204396,GABBLR670,Gabinete Gamer Media Torre  Carbono Twin Mate 5000 Legend Se,Gabinetes para computadoras ...,https://static.ctonline.mx/imagenes/GABBLR670/GABBLR670_800.jpg,800x800 px,Fondo blanco puro verificado,Reactivación Automática Mercado Libre
MLM6133204402,ACCRBT6210,"Gabinete De 19  Para Montaje En Pared  Mural , 12 U (810332)",Gabinetes para computadoras ...,https://static.ctonline.mx/imagenes/ACCRBT6210/ACCRBT6210_800.jpg,800x800 px,Fondo blanco puro verificado,Reactivación Automática Mercado Libre
MLM6133204412,GABBLR280,Gabinete Gamer Micro Torre Atx Eris Special Gi985 Legend Ser,Gabinetes para computadoras ...,https://static.ctonline.mx/imagenes/GABBLR280/GABBLR280_800.jpg,800x800 px,Fondo blanco puro verificado,Reactivación Automática Mercado Libre
MLM6133204416,GABACT200,Gabinete Micro Torre Acteck Neuss Gi485 Advanced Series Fact,Gabinetes para computadoras ...,https://static.ctonline.mx/imagenes/GABACT200/GABACT200_800.jpg,800x800 px,Fondo blanco puro verificado,Reactivación Automática Mercado Libre
MLM6133204426,GABSTY300,Gabinete Gamer Micro Atx/mini Itx Ir02 Xzgairrgbw Blanco. Pu,Gabinetes para computadoras ...,https://static.ctonline.mx/imagenes/GABSTY300/GABSTY300_800.jpg,800x800 px,Fondo blanco puro verificado,Reactivación Automática Mercado Libre
MLM6133204452,GABSTY340,"Gabinete Xst-100 Xscgxt0p. Gabinete Cst-100, Color Rosa; Pue",Gabinetes para computadoras ...,https://static.ctonline.mx/imagenes/GABSTY340/GABSTY340_800.jpg,800x800 px,Fondo blanco puro verificado,Reactivación Automática Mercado Libre
MLM6133204480,GABLKP060,Gabinete De Pared De 6u Linkedpro Modelo Sr-1906-lh3g Puerta,Gabinetes para computadoras ...,https://static.ctonline.mx/imagenes/GABLKP060/GABLKP060_800.jpg,800x800 px,Fondo blanco puro verificado,Reactivación Automática Mercado Libre
MLM6133204496,GABSTY360,Gabinete Xzeal Panzer Ii Cubo M-atx/itx Xzgamc2b 2xusb1.0 +,Gabinetes para computadoras ...,https://static.ctonline.mx/imagenes/GABSTY360/GABSTY360_800.jpg,800x800 px,Fondo blanco puro verificado,Reactivación Automática Mercado Libre
MLM6133204516,GABBLR890,"Gabinete Gamer Media Torre Tank Polar 7900 Legend Series, Fa",Gabinetes para computadoras ...,https://static.ctonline.mx/imagenes/GABBLR890/GABBLR890_800.jpg,800x800 px,Fondo blanco puro verificado,Reactivación Automática Mercado Libre
MLM6133204530,GABEVO510,"Gabinete Evotec Valencia Slim Ev-1022, Compartimiento: 1 Bah",Gabinetes para computadoras ...,https://static.ctonline.mx/imagenes/GABEVO510/GABEVO510_800.jpg,800x800 px,Fondo blanco puro verificado,Reactivación Automática Mercado Libre
MLM6133204556,GABTRL030,Gabinete Marca Tripp-lite 9u Bajo Perfil Srw9udpgvrt Profund,Gabinetes para computadoras ...,https://static.ctonline.mx/imagenes/GABTRL030/GABTRL030_800.jpg,800x800 px,Fondo blanco puro verificado,Reactivación Automática Mercado Libre
MLM6133204590,GABEVO490,"Gabinete Gaming Beijingi, Evotec Ev-1020, 3 Ventiladores Inc",Gabinetes para computadoras ...,https://static.ctonline.mx/imagenes/GABEVO490/GABEVO490_800.jpg,800x800 px,Fondo blanco puro verificado,Reactivación Automática Mercado Libre
MLM6133204736,GABSTY410,Gabinete Xzeal X-zynergy M-atx/itx Xzgazny1w 1xusb1.0 + 1x U,Gabinetes para computadoras ...,https://static.ctonline.mx/imagenes/GABSTY410/GABSTY410_800.jpg,800x800 px,Fondo blanco puro verificado,Reactivación Automática Mercado Libre
MLM6133204836,GABDAT010,"Gabinete Gamer Xpg Batlecrusier, Media Torre. De Metal Con P",Gabinetes para computadoras ...,https://static.ctonline.mx/imagenes/GABDAT010/GABDAT010_800.jpg,800x800 px,Fondo blanco puro verificado,Reactivación Automática Mercado Libre
MLM6133204876,GABITL500,"Gabinete De Piso (713085) 22 Unidades, Cubierta Calificada I",Gabinetes para computadoras ...,https://static.ctonline.mx/imagenes/GABITL500/GABITL500_800.jpg,800x800 px,Fondo blanco puro verificado,Reactivación Automática Mercado Libre
MLM6133204884,GABITL670,Gabinete Mural 19° 9u (711814) Compatible Con Accesorios De,Gabinetes para computadoras ...,https://static.ctonline.mx/imagenes/GABITL670/GABITL670_800.jpg,800x800 px,Fondo blanco puro verificado,Reactivación Automática Mercado Libre
MLM6133205092,GABITL770,715959 Gabinete Profesional Para Carga De Energía Con 20 Pue,Gabinetes para computadoras ...,https://static.ctonline.mx/imagenes/GABITL770/GABITL770_800.jpg,800x800 px,Fondo blanco puro verificado,Reactivación Automática Mercado Libre
MLM6133205106,GABSTY210,Gabinete Xst-100 Xzeal Starter Xsxgb00b. Puerto Para Ventila,Gabinetes para computadoras ...,https://static.ctonline.mx/imagenes/GABSTY210/GABSTY210_800.jpg,800x800 px,Fondo blanco puro verificado,Reactivación Automática Mercado Libre
MLM6133205110,RCKACC2340,Gabinete Mural De 19  6u Ensamblado 600x450 (711739) Gabinet,Gabinetes para computadoras ...,https://static.ctonline.mx/imagenes/RCKACC2340/RCKACC2340_800.jpg,800x800 px,Fondo blanco puro verificado,Reactivación Automática Mercado Libre
MLM6133205132,GABDAT040,"Gabinete Gamer Xpg Invader, Media Torre. Puertos De E/s Vers",Gabinetes para computadoras ...,https://static.ctonline.mx/imagenes/GABDAT040/GABDAT040_800.jpg,800x800 px,Fondo blanco puro verificado,Reactivación Automática Mercado Libre
MLM6133205136,GABYEY380,"Yeyian Gabinete Para Pc Gaming Atx Hussar Plus, Negro - Mode",Gabinetes para computadoras ...,https://static.ctonline.mx/imagenes/GABYEY380/GABYEY380_800.jpg,800x800 px,Fondo blanco puro verificado,Reactivación Automática Mercado Libre
MLM6133205268,GABSTY480,"Gabinete Gamer Xzeal Full Tower Xz160, Eatx/atx Panel Der.fr",Gabinetes para computadoras ...,https://static.ctonline.mx/imagenes/GABSTY480/GABSTY480_800.jpg,800x800 px,Fondo blanco puro verificado,Reactivación Automática Mercado Libre
MLM6133205286,GABBLR780,"Gabinete Gamer Media Torre Tank Master 9600tb Legend Series,",Gabinetes para computadoras ...,https://static.ctonline.mx/imagenes/GABBLR780/GABBLR780_800.jpg,800x800 px,Fondo blanco puro verificado,Reactivación Automática Mercado Libre
MLM6133205392,GABITL520,"Gabinete De Piso (713184) 19 Pulgadas, 42 U, Color: Negro Ra",Gabinetes para computadoras ...,https://static.ctonline.mx/imagenes/GABITL520/GABITL520_800.jpg,800x800 px,Fondo blanco puro verificado,Reactivación Automática Mercado Libre
MLM6133205394,GABBLR1060,Gabinete Media Torre Tank Core Ultra Gm925 Factor: Micro Atx,Gabinetes para computadoras ...,https://static.ctonline.mx/imagenes/GABBLR1060/GABBLR1060_800.jpg,800x800 px,Fondo blanco puro verificado,Reactivación Automática Mercado Libre
MLM6133205398,GABITL580,Tornilleria M6 50piezas (711081) Tornillos M6 Tuerca Enjaula,Gabinetes para computadoras ...,https://static.ctonline.mx/imagenes/GABITL580/GABITL580_800.jpg,800x800 px,Fondo blanco puro verificado,Reactivación Automática Mercado Libre
MLM6133205442,RCKACC2430,"Gabinete Mural Ensamblado 19 ,12u (712088) Gabinete Mural Pa",Gabinetes para computadoras ...,https://static.ctonline.mx/imagenes/RCKACC2430/RCKACC2430_800.jpg,800x800 px,Fondo blanco puro verificado,Reactivación Automática Mercado Libre
MLM6133205526,GABACT240,"Gabinete Micro Torre Viken Gm434 Advanced Series, Factor:atx",Gabinetes para computadoras ...,https://static.ctonline.mx/imagenes/GABACT240/GABACT240_800.jpg,800x800 px,Fondo blanco puro verificado,Reactivación Automática Mercado Libre
MLM6133205532,RCKACC2460,"Gabinete Mural Abatible 19 ,9u Faltpack (713849) Gabinete Mu",Gabinetes para computadoras ...,https://static.ctonline.mx/imagenes/RCKACC2460/RCKACC2460_800.jpg,800x800 px,Fondo blanco puro verificado,Reactivación Automática Mercado Libre
MLM6133205574,GABITL590,Tornilleria M6 100piezas (713658) Tornillos M6 Tuerca Enjaul,Gabinetes para computadoras ...,https://static.ctonline.mx/imagenes/GABITL590/GABITL590_800.jpg,800x800 px,Fondo blanco puro verificado,Reactivación Automática Mercado Libre
MLM6133366068,GABSTY090,Gabinete Stylos Xz115 Xzeal Xzcgb03b. Puerto Para Tarjeta Ma,Gabinetes para computadoras ...,https://static.ctonline.mx/imagenes/GABSTY090/GABSTY090_800.jpg,800x800 px,Fondo blanco puro verificado,Reactivación Automática Mercado Libre
MLM6133366202,GABBLR1020,"Gabinete Gamer Media Torre Tank Expert  7600 Legend Series,",Gabinetes para computadoras ...,https://static.ctonline.mx/imagenes/GABBLR1020/GABBLR1020_800.jpg,800x800 px,Fondo blanco puro verificado,Reactivación Automática Mercado Libre
MLM6133366292,GABGET240,"Gabinete De Disco Duro 2.5'' Getttech Modelo Gge-o25u3-01, T",Gabinetes para computadoras ...,https://static.ctonline.mx/imagenes/GABGET240/GABGET240_800.jpg,800x800 px,Fondo blanco puro verificado,Reactivación Automática Mercado Libre
MLM6133366332,GABDAT270,Gabinete Gamer Xpg Cruiser. Media Torre. Diseño De Panel Fro,Gabinetes para computadoras ...,https://static.ctonline.mx/imagenes/GABDAT270/GABDAT270_800.jpg,800x800 px,Fondo blanco puro verificado,Reactivación Automática Mercado Libre
MLM6133366348,GABHKV120,"Dvr Hilook By Hikvision Dvr-204q-m1(e), 4 Canales Turbohd +",Gabinetes para computadoras ...,https://static.ctonline.mx/imagenes/GABHKV120/GABHKV120_800.jpg,800x800 px,Fondo blanco puro verificado,Reactivación Automática Mercado Libre
MLM6133366390,GABACT460,Gabinete Mini Torre Acteck Doom Pro Crystal Gi730c Factor: M,Gabinetes para computadoras ...,https://static.ctonline.mx/imagenes/GABACT460/GABACT460_800.jpg,800x800 px,Fondo blanco puro verificado,Reactivación Automática Mercado Libre
MLM6133366406,GABACT320,"Gabinete Micro Torre Performance Ii Gi215 Essential Series,",Gabinetes para computadoras ...,https://static.ctonline.mx/imagenes/GABACT320/GABACT320_800.jpg,800x800 px,Fondo blanco puro verificado,Reactivación Automática Mercado Libre
MLM6133366414,GABNCB220,"Gabinete Gaming M-atx Cristal Templado Na-0638, Itx, Microat",Gabinetes para computadoras ...,https://static.ctonline.mx/imagenes/GABNCB220/GABNCB220_800.jpg,800x800 px,Fondo blanco puro verificado,Reactivación Automática Mercado Libre
MLM6133366426,GABNCB100,"Gabinete Gaming Naceb Orion, Rgb, 3 Ventiladores Incluidos D",Gabinetes para computadoras ...,https://static.ctonline.mx/imagenes/GABNCB100/GABNCB100_800.jpg,800x800 px,Fondo blanco puro verificado,Reactivación Automática Mercado Libre
MLM6133366490,GABITL680,Gabinete Mural 19° 6u (711715) Ideal Para Aplicaciones De Mo,Gabinetes para computadoras ...,https://static.ctonline.mx/imagenes/GABITL680/GABITL680_800.jpg,800x800 px,Fondo blanco puro verificado,Reactivación Automática Mercado Libre
MLM6133366500,GABITL730,180917 Carrito De Carga Con 10 Contactos De Corriente Altern,Gabinetes para computadoras ...,https://static.ctonline.mx/imagenes/GABITL730/GABITL730_800.jpg,800x800 px,Fondo blanco puro verificado,Reactivación Automática Mercado Libre
MLM6133366522,GABITL210,"Gabinete De 19  Para Montaje En Pared, 12 U (203869), Especí",Gabinetes para computadoras ...,https://static.ctonline.mx/imagenes/GABITL210/GABITL210_800.jpg,800x800 px,Fondo blanco puro verificado,Reactivación Automática Mercado Libre
MLM6133366532,GABBLR640,Gabinete Gamer Media Torre  Carbono Twin Mate 7000 Legend Se,Gabinetes para computadoras ...,https://static.ctonline.mx/imagenes/GABBLR640/GABBLR640_800.jpg,800x800 px,Fondo blanco puro verificado,Reactivación Automática Mercado Libre
MLM6133366554,GABBLR760,Gabinete Gamer Media Torre Nitrox Crystal  5500cbw Legend Se,Gabinetes para computadoras ...,https://static.ctonline.mx/imagenes/GABBLR760/GABBLR760_800.jpg,800x800 px,Fondo blanco puro verificado,Reactivación Automática Mercado Libre
MLM6133366556,GABBLR740,Gabinete Gamer Mini Torre  Carbono Crystal 4000c Legend Seri,Gabinetes para computadoras ...,https://static.ctonline.mx/imagenes/GABBLR740/GABBLR740_800.jpg,800x800 px,Fondo blanco puro verificado,Reactivación Automática Mercado Libre
MLM6133366574,GABITL740,180931 Carrito De Carga Con 32 Contactos De Corriente Altern,Gabinetes para computadoras ...,https://static.ctonline.mx/imagenes/GABITL740/GABITL740_800.jpg,800x800 px,Fondo blanco puro verificado,Reactivación Automática Mercado Libre
MLM6133366666,ACCRBT3930,"Gabinete 2.5  Estuche Protector Azul  (190917), Brobotix No",Gabinetes para computadoras ...,https://static.ctonline.mx/imagenes/ACCRBT3930/ACCRBT3930_800.jpg,800x800 px,Fondo blanco puro verificado,Reactivación Automática Mercado Libre
MLM6133366680,ACCVIC330,Gabinete Con Banco Adicional De Baterías Modelo Bbe Alpha 1.,Gabinetes para computadoras ...,https://static.ctonline.mx/imagenes/ACCVIC330/ACCVIC330_800.jpg,800x800 px,Fondo blanco puro verificado,Reactivación Automática Mercado Libre
MLM6133366690,GABSTY200,"Gabinete Xst-100 Xscgxt0w. Gabinete Cst-100, Color Blanco; P",Gabinetes para computadoras ...,https://static.ctonline.mx/imagenes/GABSTY200/GABSTY200_800.jpg,800x800 px,Fondo blanco puro verificado,Reactivación Automática Mercado Libre
MLM6133366696,GABITL760,716000 Gabinete Móvil De Carga Profesional Con 32 Puertos Us,Gabinetes para computadoras ...,https://static.ctonline.mx/imagenes/GABITL760/GABITL760_800.jpg,800x800 px,Fondo blanco puro verificado,Reactivación Automática Mercado Libre
MLM6133366714,ACCLKP120,"Gabinete  Linkedpro Lp-6060-42u-r2 Estándar 19 , 42ur  600 M",Gabinetes para computadoras ...,https://static.ctonline.mx/imagenes/ACCLKP120/ACCLKP120_800.jpg,800x800 px,Fondo blanco puro verificado,Reactivación Automática Mercado Libre
MLM6133366752,GABTRL050,"Placas De Expansión Vertical, Tripp Lite,  Modelo Srcabletra",Gabinetes para computadoras ...,https://static.ctonline.mx/imagenes/GABTRL050/GABTRL050_800.jpg,800x800 px,Fondo blanco puro verificado,Reactivación Automática Mercado Libre
MLM6133366754,GABBLR850,Gabinete Gamer Media Torre Tank Expert  Curve 7400 Legend Se,Gabinetes para computadoras ...,https://static.ctonline.mx/imagenes/GABBLR850/GABBLR850_800.jpg,800x800 px,Fondo blanco puro verificado,Reactivación Automática Mercado Libre
MLM6133366764,ACCTRL800,Gabinete Premium Profundo Smartrack De 42u Con Puertas Y Pan,Gabinetes para computadoras ...,https://static.ctonline.mx/imagenes/ACCTRL800/ACCTRL800_800.jpg,800x800 px,Fondo blanco puro verificado,Reactivación Automática Mercado Libre
MLM6133366818,ACCEPC170,"Gabinete De Seguridad, Lámina Galvanizada, Para 2 Baterías Y",Gabinetes para computadoras ...,https://static.ctonline.mx/imagenes/ACCEPC170/ACCEPC170_800.jpg,800x800 px,Fondo blanco puro verificado,Reactivación Automática Mercado Libre
MLM6133366836,GABEVO470,"Gabinete Gaming Taipei, Evotec Ev-1018, 3 Ventiladores Inclu",Gabinetes para computadoras ...,https://static.ctonline.mx/imagenes/GABEVO470/GABEVO470_800.jpg,800x800 px,Fondo blanco puro verificado,Reactivación Automática Mercado Libre
MLM6133366840,GABACT110,Gabinete Micro Atx-mini Atx- Mini Itx. Acteck Roma  Fuente D,Gabinetes para computadoras ...,https://static.ctonline.mx/imagenes/GABACT110/GABACT110_800.jpg,800x800 px,Fondo blanco puro verificado,Reactivación Automática Mercado Libre
MLM6133366860,GABACT590,"Gabinete Media Torre Essen Pro X Gm767 Elite Series, Factor:",Gabinetes para computadoras ...,https://static.ctonline.mx/imagenes/GABACT590/GABACT590_800.jpg,800x800 px,Fondo blanco puro verificado,Reactivación Automática Mercado Libre
MLM6133366868,GABBLR960,Gabinete Gamer Media Torre Tank Expert  Curve 6800 Legend Se,Gabinetes para computadoras ...,https://static.ctonline.mx/imagenes/GABBLR960/GABBLR960_800.jpg,800x800 px,Fondo blanco puro verificado,Reactivación Automática Mercado Libre
MLM6133366872,GABACT230,"Gabinete Micro Torre Viken Gm434 Advanced Series, Factor:atx",Gabinetes para computadoras ...,https://static.ctonline.mx/imagenes/GABACT230/GABACT230_800.jpg,800x800 px,Fondo blanco puro verificado,Reactivación Automática Mercado Libre
MLM6133366916,GABVGO320,"Gabinete. Vorago. Gab-210-bk. Micro Atx/itx, Durabilidad, Us",Gabinetes para computadoras ...,https://static.ctonline.mx/imagenes/GABVGO320/GABVGO320_800.jpg,800x800 px,Fondo blanco puro verificado,Reactivación Automática Mercado Libre
MLM6133366946,RCKACC2380,"Gabinete Mural De 19 ,12u, Flatpack (711883)  Gabinete Mural",Gabinetes para computadoras ...,https://static.ctonline.mx/imagenes/RCKACC2380/RCKACC2380_800.jpg,800x800 px,Fondo blanco puro verificado,Reactivación Automática Mercado Libre
MLM6133366978,GABEVO550,Evotec Gabinete Atx Fuente 500w Ev-1025,Gabinetes para computadoras ...,https://static.ctonline.mx/imagenes/GABEVO550/GABEVO550_800.jpg,800x800 px,Fondo blanco puro verificado,Reactivación Automática Mercado Libre
MLM6133366986,GABBLR260,"Gabinete Gamer Media Torre Atx Eris Jet Gm985 Legend Series,",Gabinetes para computadoras ...,https://static.ctonline.mx/imagenes/GABBLR260/GABBLR260_800.jpg,800x800 px,Fondo blanco puro verificado,Reactivación Automática Mercado Libre
MLM6133367008,GABACT080,Gabinete Micro Atx-mini Atx- Mini Itx. Acteck Lubeck  Fuente,Gabinetes para computadoras ...,https://static.ctonline.mx/imagenes/GABACT080/GABACT080_800.jpg,800x800 px,Fondo blanco puro verificado,Reactivación Automática Mercado Libre
MLM6133367078,GABDAT020,"Gabinete Gamer Xpg Batlecrusier, Media Torre. De Metal Con P",Gabinetes para computadoras ...,https://static.ctonline.mx/imagenes/GABDAT020/GABDAT020_800.jpg,800x800 px,Fondo blanco puro verificado,Reactivación Automática Mercado Libre
MLM6133367096,ACCEPC190,Gabinete Para Resguardo De Baterías (hasta Dos Baterías Pl11,Gabinetes para computadoras ...,https://static.ctonline.mx/imagenes/ACCEPC190/ACCEPC190_800.jpg,800x800 px,Fondo blanco puro verificado,Reactivación Automática Mercado Libre
MLM6133367124,GABVGO360,Fuente Poder Game Factor Psg750 750w Con Certificación 80 Pl,Gabinetes para computadoras ...,https://static.ctonline.mx/imagenes/GABVGO360/GABVGO360_800.jpg,800x800 px,Fondo blanco puro verificado,Reactivación Automática Mercado Libre
MLM6133367142,ACCRBT8740,Gabinete Glass Para Disco Duro Ssd Sata I/ii/iii 2.5  Usb V3,Gabinetes para computadoras ...,https://static.ctonline.mx/imagenes/ACCRBT8740/ACCRBT8740_800.jpg,800x800 px,Fondo blanco puro verificado,Reactivación Automática Mercado Libre
MLM6133367172,GABHKV090,Gabinete Para Montaje En Pared O Piso Hikvision Ds-xs6406-s/,Gabinetes para computadoras ...,https://static.ctonline.mx/imagenes/GABHKV090/GABHKV090_800.jpg,800x800 px,Fondo blanco puro verificado,Reactivación Automática Mercado Libre
MLM6133367198,ACCHKV4580,Gabinete Para Montaje En Pared O Piso Hikvision Ds-xs6412-s/,Gabinetes para computadoras ...,https://static.ctonline.mx/imagenes/ACCHKV4580/ACCHKV4580_800.jpg,800x800 px,Fondo blanco puro verificado,Reactivación Automática Mercado Libre
MLM6133367242,ACCRBT5240,"Gabinete 2.5  Estuche Protector Azul Rey (190917-3), Broboti",Gabinetes para computadoras ...,https://static.ctonline.mx/imagenes/ACCRBT5240/ACCRBT5240_800.jpg,800x800 px,Fondo blanco puro verificado,Reactivación Automática Mercado Libre
MLM6133367336,ACCTRL3170,"Gabinete Smartrack De 6u Marca: Tripp-lite, Srwf6u De Bajo P",Gabinetes para computadoras ...,https://static.ctonline.mx/imagenes/ACCTRL3170/ACCTRL3170_800.jpg,800x800 px,Fondo blanco puro verificado,Reactivación Automática Mercado Libre
MLM6133367342,GABMVA010,Gabinete De Pared Enson Ens-rkgb12u 12u Ensamblado 600x450mm,Gabinetes para computadoras ...,https://static.ctonline.mx/imagenes/GABMVA010/GABMVA010_800.jpg,800x800 px,Fondo blanco puro verificado,Reactivación Automática Mercado Libre
MLM6133367370,GABSTY320,"Gabinete Gamer Mid Tower Xzeal Atx Xzcgb08w, Panel Der. Vidr",Gabinetes para computadoras ...,https://static.ctonline.mx/imagenes/GABSTY320/GABSTY320_800.jpg,800x800 px,Fondo blanco puro verificado,Reactivación Automática Mercado Libre
MLM6133367380,GABEVO500,"Gabinete Gaming Tokyo, Evotec Ev-1021, 3 Ventiladores Inclui",Gabinetes para computadoras ...,https://static.ctonline.mx/imagenes/GABEVO500/GABEVO500_800.jpg,800x800 px,Fondo blanco puro verificado,Reactivación Automática Mercado Libre
MLM6133367430,GABBLR330,"Gabinete Gamer Mini Itx Tank Mini Gi930 Legend Series, Facto",Gabinetes para computadoras ...,https://static.ctonline.mx/imagenes/GABBLR330/GABBLR330_800.jpg,800x800 px,Fondo blanco puro verificado,Reactivación Automática Mercado Libre
MLM6133367436,GABACT610,Gabinete Mini Torre Slim Onex Gs455 Acteck  Factor Micro Atx,Gabinetes para computadoras ...,https://static.ctonline.mx/imagenes/GABACT610/GABACT610_800.jpg,800x800 px,Fondo blanco puro verificado,Reactivación Automática Mercado Libre
MLM6133367486,GABACT600,"Gabinete Media Torre Essen Pro X Gm767 Elite Series, Factor:",Gabinetes para computadoras ...,https://static.ctonline.mx/imagenes/GABACT600/GABACT600_800.jpg,800x800 px,Fondo blanco puro verificado,Reactivación Automática Mercado Libre
MLM6133367542,GABCLR990,Gabinete Cooler Master  Td300-wgnn-s00 Mesh Mini Tower Con V,Gabinetes para computadoras ...,https://static.ctonline.mx/imagenes/GABCLR990/GABCLR990_800.jpg,800x800 px,Fondo blanco puro verificado,Reactivación Automática Mercado Libre
MLM6133367556,GABMVA020,Gabinete De Pared Enson Ens-rkgb6u 6u Ensamblado 600x450mm,Gabinetes para computadoras ...,https://static.ctonline.mx/imagenes/GABMVA020/GABMVA020_800.jpg,800x800 px,Fondo blanco puro verificado,Reactivación Automática Mercado Libre
MLM6133367572,GABBLR790,"Gabinete Gamer Media Torre Tank Master 9600tb Legend Series,",Gabinetes para computadoras ...,https://static.ctonline.mx/imagenes/GABBLR790/GABBLR790_800.jpg,800x800 px,Fondo blanco puro verificado,Reactivación Automática Mercado Libre
MLM6133367596,ACCEPC200,Gabinete Plástico Para Exterior Ip65 De 251 X 170 X 101 Mm C,Gabinetes para computadoras ...,https://static.ctonline.mx/imagenes/ACCEPC200/ACCEPC200_800.jpg,800x800 px,Fondo blanco puro verificado,Reactivación Automática Mercado Libre
MLM6133367622,GABCLR890,Gabinete Cooler Master  Mb520-wgnn-s01 Masterbox Mb520 Argb,Gabinetes para computadoras ...,https://static.ctonline.mx/imagenes/GABCLR890/GABCLR890_800.jpg,800x800 px,Fondo blanco puro verificado,Reactivación Automática Mercado Libre
MLM6133367676,GABNCB210,Naceb Gabinete Gamer E-atx Aluminio Y Cristal Templado Na-06,Gabinetes para computadoras ...,https://static.ctonline.mx/imagenes/GABNCB210/GABNCB210_800.jpg,800x800 px,Fondo blanco puro verificado,Reactivación Automática Mercado Libre
MLM6133367712,GABSTY370,Gabinete Xzeal Panzer Ii Cubo M-atx/itx Xzgamc2w 2xusb1.0 +,Gabinetes para computadoras ...,https://static.ctonline.mx/imagenes/GABSTY370/GABSTY370_800.jpg,800x800 px,Fondo blanco puro verificado,Reactivación Automática Mercado Libre
MLM6133367752,GABBLR1150,Gabinete Gamer Mini Torre Tank Glow Mini 3500 Factor: Micro,Gabinetes para computadoras ...,https://static.ctonline.mx/imagenes/GABBLR1150/GABBLR1150_800.jpg,800x800 px,Fondo blanco puro verificado,Reactivación Automática Mercado Libre
MLM6133367854,ACCKNS1230,Bloqueo De Chasis Con Llave Kensington® Microsaver® 2.0 - Su,Gabinetes para computadoras ...,https://static.ctonline.mx/imagenes/ACCKNS1230/ACCKNS1230_800.jpg,800x800 px,Fondo blanco puro verificado,Reactivación Automática Mercado Libre
MLM6133367902,GABITL810,Gabinete Usb-c Ssd (130752)  Manhattan Estación De Acoplamie,Gabinetes para computadoras ...,https://static.ctonline.mx/imagenes/GABITL810/GABITL810_800.jpg,800x800 px,Fondo blanco puro verificado,Reactivación Automática Mercado Libre
MLM6133367906,GABGET160,"Gabinete De Disco Duro Getttech 2.5  Usb 3.1, Gce-m231-01, E",Gabinetes para computadoras ...,https://static.ctonline.mx/imagenes/GABGET160/GABGET160_800.jpg,800x800 px,Fondo blanco puro verificado,Reactivación Automática Mercado Libre
MLM6133367938,GABACT310,"Gabinete Micro Torre Performance Ii Gi215w Essential Series,",Gabinetes para computadoras ...,https://static.ctonline.mx/imagenes/GABACT310/GABACT310_800.jpg,800x800 px,Fondo blanco puro verificado,Reactivación Automática Mercado Libre
MLM6133367962,GABTRL060,"Series De Juegos De Accesorios, Tripp Lite,  Modelo Srladder",Gabinetes para computadoras ...,https://static.ctonline.mx/imagenes/GABTRL060/GABTRL060_800.jpg,800x800 px,Fondo blanco puro verificado,Reactivación Automática Mercado Libre
MLM6133367984,GABBLR1160,Gabinete Gamer Mini Torre Nitrox Edge Pro Aircool 4900c  Fac,Gabinetes para computadoras ...,https://static.ctonline.mx/imagenes/GABBLR1160/GABBLR1160_800.jpg,800x800 px,Fondo blanco puro verificado,Reactivación Automática Mercado Libre
MLM6133368038,GABDAT490,Gabinete Gamer Xpg Battlecruiser Ii. Media Torre. Compatible,Gabinetes para computadoras ...,https://static.ctonline.mx/imagenes/GABDAT490/GABDAT490_800.jpg,800x800 px,Fondo blanco puro verificado,Reactivación Automática Mercado Libre
MLM6133368114,GABBLR680,Gabinete Gamer Media Torre  Carbono Twin Mate 5000 Legend Se,Gabinetes para computadoras ...,https://static.ctonline.mx/imagenes/GABBLR680/GABBLR680_800.jpg,800x800 px,Fondo blanco puro verificado,Reactivación Automática Mercado Libre
MLM6133368128,GABGET170,"Gabinete De Disco Duro Getttech 2.5  Trasparente, Gce-u325-0",Gabinetes para computadoras ...,https://static.ctonline.mx/imagenes/GABGET170/GABGET170_800.jpg,800x800 px,Fondo blanco puro verificado,Reactivación Automática Mercado Libre
MLM6133368162,GABTMK2150,Gabinete Thermaltake The Tower 100 Snow Mini Chassis (ca-1r3,Gabinetes para computadoras ...,https://static.ctonline.mx/imagenes/GABTMK2150/GABTMK2150_800.jpg,800x800 px,Fondo blanco puro verificado,Reactivación Automática Mercado Libre
MLM6133368176,GABVGO300,Gabinete Game Factor Matx. Csg570-wh Factor: Atx. Calibre: 0,Gabinetes para computadoras ...,https://static.ctonline.mx/imagenes/GABVGO300/GABVGO300_800.jpg,800x800 px,Fondo blanco puro verificado,Reactivación Automática Mercado Libre
MLM6133368192,GABACT720,"Gabinete Mini Torre  Apex Gi205f Acteck  Factor: Micro Atx,",Gabinetes para computadoras ...,https://static.ctonline.mx/imagenes/GABACT720/GABACT720_800.jpg,800x800 px,Fondo blanco puro verificado,Reactivación Automática Mercado Libre
MLM6133368200,GABVGO330,"Gabinete. Vorago. Gab-210-wh. Micro Atx/itx, Durabilidad, Us",Gabinetes para computadoras ...,https://static.ctonline.mx/imagenes/GABVGO330/GABVGO330_800.jpg,800x800 px,Fondo blanco puro verificado,Reactivación Automática Mercado Libre
MLM6133368216,GABCLR1200,Gabinete Gaming Cooler Master Ncore 100 Air White (nr100-wnn,Gabinetes para computadoras ...,https://static.ctonline.mx/imagenes/GABCLR1200/GABCLR1200_800.jpg,800x800 px,Fondo blanco puro verificado,Reactivación Automática Mercado Libre
MLM6133368272,GABBLR930,"Gabinete Gamer Mini Torre Tank Perform 3200 Legend Series, F",Gabinetes para computadoras ...,https://static.ctonline.mx/imagenes/GABBLR930/GABBLR930_800.jpg,800x800 px,Fondo blanco puro verificado,Reactivación Automática Mercado Libre
MLM6133368288,GABCLR840,"Gabinete Cooler Master  H500-kgnn-s00 Con Ventana Argb, Midi",Gabinetes para computadoras ...,https://static.ctonline.mx/imagenes/GABCLR840/GABCLR840_800.jpg,800x800 px,Fondo blanco puro verificado,Reactivación Automática Mercado Libre
MLM6133368292,GABITL790,102353 Carro De Carga Con 32 Puertos Usb-c - 576 W: 32 Puert,Gabinetes para computadoras ...,https://static.ctonline.mx/imagenes/GABITL790/GABITL790_800.jpg,800x800 px,Fondo blanco puro verificado,Reactivación Automática Mercado Libre
MLM6133368414,BATTRL530,"Gabinete De Batería Externa, Tripp Lite, Modelo Bp240v40, El",Gabinetes para computadoras ...,https://static.ctonline.mx/imagenes/BATTRL530/BATTRL530_800.jpg,800x800 px,Fondo blanco puro verificado,Reactivación Automática Mercado Libre
MLM6133368422,GABBLR350,Gabinete Gamer Mini Torre Atx Dragonfly Crystal Gm745 Azende,Gabinetes para computadoras ...,https://static.ctonline.mx/imagenes/GABBLR350/GABBLR350_800.jpg,800x800 px,Fondo blanco puro verificado,Reactivación Automática Mercado Libre
MLM6133368424,GABTMK2430,"Gabinete Thermaltake Core P3 Tg Pro(ca-1g4-00m1wn-09), Color",Gabinetes para computadoras ...,https://static.ctonline.mx/imagenes/GABTMK2430/GABTMK2430_800.jpg,800x800 px,Fondo blanco puro verificado,Reactivación Automática Mercado Libre
MLM6133368572,GABITL780,715942 Gabinete De Carga Con 10 Puertos Usb-c - 180 W: 10 Pu,Gabinetes para computadoras ...,https://static.ctonline.mx/imagenes/GABITL780/GABITL780_800.jpg,800x800 px,Fondo blanco puro verificado,Reactivación Automática Mercado Libre
MLM6133368578,RCKACC2470,"Gabinete Mural Abatible 19 ,12u Flatpack (713863) Gabinete M",Gabinetes para computadoras ...,https://static.ctonline.mx/imagenes/RCKACC2470/RCKACC2470_800.jpg,800x800 px,Fondo blanco puro verificado,Reactivación Automática Mercado Libre
MLM6133368592,GABACT210,Gabinete Mini Torre Acteck Doom Gi630 Elite Series Factor: M,Gabinetes para computadoras ...,https://static.ctonline.mx/imagenes/GABACT210/GABACT210_800.jpg,800x800 px,Fondo blanco puro verificado,Reactivación Automática Mercado Libre
MLM6133368708,GABACT120,Gabinete Bern Gs461 Mismo Diseño Que Gabinete Brokk (gabgen2,Gabinetes para computadoras ...,https://static.ctonline.mx/imagenes/GABACT120/GABACT120_800.jpg,800x800 px,Fondo blanco puro verificado,Reactivación Automática Mercado Libre
MLM6133368732,GABNXX010,Gabinete Nexxt Modelo Aw221nxt41 Pared Fijo Semi-ensamblados,Gabinetes para computadoras ...,https://static.ctonline.mx/imagenes/GABNXX010/GABNXX010_800.jpg,800x800 px,Fondo blanco puro verificado,Reactivación Automática Mercado Libre
MLM6133368754,ACCMVA1100,Gabinete Para Sirena 15w Lince10,Gabinetes para computadoras ...,https://static.ctonline.mx/imagenes/ACCMVA1100/ACCMVA1100_800.jpg,800x800 px,Fondo blanco puro verificado,Reactivación Automática Mercado Libre
MLM6133368766,RCKACC2400,Gabinete 19 Mural Flatpack 15u 570x450 (711937) Gabinete Mur,Gabinetes para computadoras ...,https://static.ctonline.mx/imagenes/RCKACC2400/RCKACC2400_800.jpg,800x800 px,Fondo blanco puro verificado,Reactivación Automática Mercado Libre
MLM6133368794,BATVIC010,Gabinete Y Banco De Baterías P/up Team Ha 3000-12 Vcd/12ahx4,Gabinetes para computadoras ...,https://static.ctonline.mx/imagenes/BATVIC010/BATVIC010_800.jpg,800x800 px,Fondo blanco puro verificado,Reactivación Automática Mercado Libre
MLM6133368804,GABBLR1130,Gabinete Gamer Media Torre Atx Dragonfly Wood Gm580cw  Facto,Gabinetes para computadoras ...,https://static.ctonline.mx/imagenes/GABBLR1130/GABBLR1130_800.jpg,800x800 px,Fondo blanco puro verificado,Reactivación Automática Mercado Libre
MLM6133368902,GABACT660,Gabinete Mini Torre Performance Mini Iii Gi215m Acteck Facto,Gabinetes para computadoras ...,https://static.ctonline.mx/imagenes/GABACT660/GABACT660_800.jpg,800x800 px,Fondo blanco puro verificado,Reactivación Automática Mercado Libre
MLM6133368912,GABBLR1120,Gabinete Gamer Media Torre Atx Dragonfly Wood Gm580cb  Facto,Gabinetes para computadoras ...,https://static.ctonline.mx/imagenes/GABBLR1120/GABBLR1120_800.jpg,800x800 px,Fondo blanco puro verificado,Reactivación Automática Mercado Libre
MLM6133368966,ACCEPC180,"Gabinete De Seguridad, Lámina Galvanizada, Para 3 Baterías Y",Gabinetes para computadoras ...,https://static.ctonline.mx/imagenes/ACCEPC180/ACCEPC180_800.jpg,800x800 px,Fondo blanco puro verificado,Reactivación Automática Mercado Libre
MLM6133369092,GABBLR770,"Gabinete Gamer Media Torre Tank Master 9600tb Legend Series,",Gabinetes para computadoras ...,https://static.ctonline.mx/imagenes/GABBLR770/GABBLR770_800.jpg,800x800 px,Fondo blanco puro verificado,Reactivación Automática Mercado Libre
MLM6133369096,GABBLR980,"Gabinete Gamer Media Torre Tank Majestic 6600 Legend Series,",Gabinetes para computadoras ...,https://static.ctonline.mx/imagenes/GABBLR980/GABBLR980_800.jpg,800x800 px,Fondo blanco puro verificado,Reactivación Automática Mercado Libre
MLM6133369142,GABNCB170,Naceb Gabinete Gamer C/ventana M-atx Blanco 3 Ventiladores R,Gabinetes para computadoras ...,https://static.ctonline.mx/imagenes/GABNCB170/GABNCB170_800.jpg,800x800 px,Fondo blanco puro verificado,Reactivación Automática Mercado Libre
MLM6133369168,RCKACC2390,Gabinete 19 Mural Flatpack 15u 570x450 (711906) Gabinete Mur,Gabinetes para computadoras ...,https://static.ctonline.mx/imagenes/RCKACC2390/RCKACC2390_800.jpg,800x800 px,Fondo blanco puro verificado,Reactivación Automática Mercado Libre
MLM6133369180,GABBLR700,Gabinete Gamer Mini Torre  Carbono Twin Mate 4000 Legend Ser,Gabinetes para computadoras ...,https://static.ctonline.mx/imagenes/GABBLR700/GABBLR700_800.jpg,800x800 px,Fondo blanco puro verificado,Reactivación Automática Mercado Libre
MLM6133369200,GABACT300,"Gabinete Micro Torre Performance Ii Gi215w Essential Series,",Gabinetes para computadoras ...,https://static.ctonline.mx/imagenes/GABACT300/GABACT300_800.jpg,800x800 px,Fondo blanco puro verificado,Reactivación Automática Mercado Libre
MLM6133369210,GABBLR940,Gabinete Gamer Media Torre Carbono Polar Twin Mate 9900 Lege,Gabinetes para computadoras ...,https://static.ctonline.mx/imagenes/GABBLR940/GABBLR940_800.jpg,800x800 px,Fondo blanco puro verificado,Reactivación Automática Mercado Libre
MLM6133369236,GABBLR430,"Gabinete Mini Torre Artic Gi725 Legend Nova, Factor: Micro A",Gabinetes para computadoras ...,https://static.ctonline.mx/imagenes/GABBLR430/GABBLR430_800.jpg,800x800 px,Fondo blanco puro verificado,Reactivación Automática Mercado Libre
MLM6133369270,GABLKP030,Gabinete De Pared 9u Linkedpro Modelo Sr-1909-gn2g 635 Mm De,Gabinetes para computadoras ...,https://static.ctonline.mx/imagenes/GABLKP030/GABLKP030_800.jpg,800x800 px,Fondo blanco puro verificado,Reactivación Automática Mercado Libre
MLM6133369374,GABSTY250,Gabinete Cubo Gamer Cxi1 Negro. Xzgamc1b. Gabinete Cubo Game,Gabinetes para computadoras ...,https://static.ctonline.mx/imagenes/GABSTY250/GABSTY250_800.jpg,800x800 px,Fondo blanco puro verificado,Reactivación Automática Mercado Libre
MLM6133369406,GABBLR590,Gabinete Gamer Full Torre Carbono Twin Mate 9000 Legend Seri,Gabinetes para computadoras ...,https://static.ctonline.mx/imagenes/GABBLR590/GABBLR590_800.jpg,800x800 px,Fondo blanco puro verificado,Reactivación Automática Mercado Libre
MLM6133369440,GABBLR910,"Gabinete Gamer Mini Torre Tank Perform 3600 Legend Series, F",Gabinetes para computadoras ...,https://static.ctonline.mx/imagenes/GABBLR910/GABBLR910_800.jpg,800x800 px,Fondo blanco puro verificado,Reactivación Automática Mercado Libre
MLM6133369444,ACCEPC310,"Gabinete De Energía Epcom (xp18dc30hd) 18 Canales, 30 Ampere",Gabinetes para computadoras ...,https://static.ctonline.mx/imagenes/ACCEPC310/ACCEPC310_800.jpg,800x800 px,Fondo blanco puro verificado,Reactivación Automática Mercado Libre
MLM6133369480,GABITL540,"Gabinete De Piso (713276) 19 Pulgadas, 42 U, Negro Ral9005,",Gabinetes para computadoras ...,https://static.ctonline.mx/imagenes/GABITL540/GABITL540_800.jpg,800x800 px,Fondo blanco puro verificado,Reactivación Automática Mercado Libre
MLM6133369496,GABACT280,"Gabinete Micro Torre Fusión Ii Gi440 Advanced Series, Factor",Gabinetes para computadoras ...,https://static.ctonline.mx/imagenes/GABACT280/GABACT280_800.jpg,800x800 px,Fondo blanco puro verificado,Reactivación Automática Mercado Libre
MLM6133369502,GABSTY350,"Gabinete Xst-100 Xscgxt0w. Gabinete Cst-100, Color Blanco; P",Gabinetes para computadoras ...,https://static.ctonline.mx/imagenes/GABSTY350/GABSTY350_800.jpg,800x800 px,Fondo blanco puro verificado,Reactivación Automática Mercado Libre
MLM6133369504,ACCTRL1670,Gabinete Srw12us De 12u De Profundidad Estándar Para Instala,Gabinetes para computadoras ...,https://static.ctonline.mx/imagenes/ACCTRL1670/ACCTRL1670_800.jpg,800x800 px,Fondo blanco puro verificado,Reactivación Automática Mercado Libre
MLM6133369530,GABSTY240,Gabinete Gamer Micro Atx/mini Itx Ir02 Xzgairrgbb. Puerto Pa,Gabinetes para computadoras ...,https://static.ctonline.mx/imagenes/GABSTY240/GABSTY240_800.jpg,800x800 px,Fondo blanco puro verificado,Reactivación Automática Mercado Libre
MLM6133369550,GABMVA060,Gabinete De Pared Enson Ens-rkgb9u2 9u Ensamblado 600x6000mm,Gabinetes para computadoras ...,https://static.ctonline.mx/imagenes/GABMVA060/GABMVA060_800.jpg,800x800 px,Fondo blanco puro verificado,Reactivación Automática Mercado Libre
MLM6133369600,GABBLR950,Gabinete Gamer Media Torre Carbono Polar Twin Mate 9900 Lege,Gabinetes para computadoras ...,https://static.ctonline.mx/imagenes/GABBLR950/GABBLR950_800.jpg,800x800 px,Fondo blanco puro verificado,Reactivación Automática Mercado Libre
MLM3424165311,COMASS9970,"Computadora Portátil Expertbook B9 Oled, Número De Parte 90n",Monitores de computadoras,https://static.ctonline.mx/imagenes/COMASS9970/COMASS9970_800.jpg,800x800 px,Fondo blanco puro verificado,Reactivación Automática Mercado Libre
MLM3424392385,MONGIG250,Monitor Gigabyte Gs27qa Us tamaño Del Panel (diagonal) Ips D,Monitores de computadoras,https://static.ctonline.mx/imagenes/MONGIG250/MONGIG250_800.jpg,800x800 px,Fondo blanco puro verificado,Reactivación Automática Mercado Libre
MLM3424392389,MONNCB010,Monitor Marca Naceb Modelo Na-627 Tamaño 19.5 Pulgadas Resol,Monitores de computadoras,https://static.ctonline.mx/imagenes/MONNCB010/MONNCB010_800.jpg,800x800 px,Fondo blanco puro verificado,Reactivación Automática Mercado Libre
MLM6133202314,ACCNSY020,Charola Para Monitor. Marca North System. North051-bkl. Char,Monitores de computadoras,https://static.ctonline.mx/imagenes/ACCNSY020/ACCNSY020_800.jpg,800x800 px,Fondo blanco puro verificado,Reactivación Automática Mercado Libre
MLM6133203116,MONBLR020,Monitor Gaming 27  144hz Ultraodissey Mtx27g Balam Rush Tecn,Monitores de computadoras,https://static.ctonline.mx/imagenes/MONBLR020/MONBLR020_800.jpg,800x800 px,Fondo blanco puro verificado,Reactivación Automática Mercado Libre
MLM6133204646,MONBLR030,Monitor Gaming 23.8  144hz Ultraodissey Mtx24g Balam Rush Te,Monitores de computadoras,https://static.ctonline.mx/imagenes/MONBLR030/MONBLR030_800.jpg,800x800 px,Fondo blanco puro verificado,Reactivación Automática Mercado Libre
MLM6133366334,MONGIG340,"Monitor Gaming Gigabyte Gs32qca Tamaño (pulgadas) 31,5  Va 1",Monitores de computadoras,https://static.ctonline.mx/imagenes/MONGIG340/MONGIG340_800.jpg,800x800 px,Fondo blanco puro verificado,Reactivación Automática Mercado Libre
MLM6133367598,MONBLR010,Monitor Curvo Gaming 27  165hz Ultraearth Mtx27c Balam Rush,Monitores de computadoras,https://static.ctonline.mx/imagenes/MONBLR010/MONBLR010_800.jpg,800x800 px,Fondo blanco puro verificado,Reactivación Automática Mercado Libre
MLM3424165287,MONVGO220,Monitor Vorago Led De 27  (mgstg-27). Start The Game Puertos,Monitores de computadoras,https://static.ctonline.mx/imagenes/MONVGO220/MONVGO220_800.jpg,800x800 px,Fondo blanco puro verificado,Reactivación Automática Mercado Libre
MLM3424165293,MONLNX200,Monitor Lanix Lx215 16577. 21.5 . Full Hd. Mejore Su Visión,Monitores de computadoras,https://static.ctonline.mx/imagenes/MONLNX200/MONLNX200_800.jpg,800x800 px,Fondo blanco puro verificado,Reactivación Automática Mercado Libre
MLM3424165307,MONVGO170,Monitor Vorago Led De 21.5  (led-w21-300 V4f). Puertos De En,Monitores de computadoras,https://static.ctonline.mx/imagenes/MONVGO170/MONVGO170_800.jpg,800x800 px,Fondo blanco puro verificado,Reactivación Automática Mercado Libre
MLM3424165319,MONLGE3650,"Monitor Marca LG  24  24u511sb-b.awm , Resolución (1920 X 10",Monitores de computadoras,https://static.ctonline.mx/imagenes/MONLGE3650/MONLGE3650_800.jpg,800x800 px,Fondo blanco puro verificado,Reactivación Automática Mercado Libre
MLM3424165321,ACCAPC530,Sensor De Temperatura Y Humedad Apc Ap9335th. Sensor Univers,Monitores de computadoras,https://static.ctonline.mx/imagenes/ACCAPC530/ACCAPC530_800.jpg,800x800 px,Fondo blanco puro verificado,Reactivación Automática Mercado Libre
MLM3424165465,MONSTY020,Monitor 18.5 Stylos Stpmot1b. Display Led De 18.5 Pulgadas P,Monitores de computadoras,https://static.ctonline.mx/imagenes/MONSTY020/MONSTY020_800.jpg,800x800 px,Fondo blanco puro verificado,Reactivación Automática Mercado Libre
MLM3424165525,ACCITL6950,Kit Adaptador De Montaje Para Monitores No Vesa (461870) Man,Monitores de computadoras,https://static.ctonline.mx/imagenes/ACCITL6950/ACCITL6950_800.jpg,800x800 px,Fondo blanco puro verificado,Reactivación Automática Mercado Libre
MLM3424165557,MONDAH180,Monitor Dahua Dhi-lm27-e231b /a Resolución De 1920*1080 Prod,Monitores de computadoras,https://static.ctonline.mx/imagenes/MONDAH180/MONDAH180_800.jpg,800x800 px,Fondo blanco puro verificado,Reactivación Automática Mercado Libre
MLM3424165575,BOCCRT140,Creative Stage Barra De Sonido 2.1 De Alto Rendimiento Para,Monitores de computadoras,https://static.ctonline.mx/imagenes/BOCCRT140/BOCCRT140_800.jpg,800x800 px,Fondo blanco puro verificado,Reactivación Automática Mercado Libre
MLM3424165597,MONBLR400,Monitor Gaming Curvo 27  180hz: Andromeda Mag27y Balam Rush,Monitores de computadoras,https://static.ctonline.mx/imagenes/MONBLR400/MONBLR400_800.jpg,800x800 px,Fondo blanco puro verificado,Reactivación Automática Mercado Libre
MLM3424165781,ACCCYP060,Tarjeta Rmcard205 Para Monitoreo Remoto Snmp/http Para Equip,Monitores de computadoras,https://static.ctonline.mx/imagenes/ACCCYP060/ACCCYP060_800.jpg,800x800 px,Fondo blanco puro verificado,Reactivación Automática Mercado Libre
MLM3424165855,MONACT010,"Monitor Led Captive Vivid Sp240  Acteck Panel De 23.8  Ips,",Monitores de computadoras,https://static.ctonline.mx/imagenes/MONACT010/MONACT010_800.jpg,800x800 px,Fondo blanco puro verificado,Reactivación Automática Mercado Libre
MLM3424389285,PANDAH030,Monitor 43  24/7 Dhi-lm43-f200 Pantalla Profesional De 43  F,Monitores de computadoras,https://static.ctonline.mx/imagenes/PANDAH030/PANDAH030_800.jpg,800x800 px,Fondo blanco puro verificado,Reactivación Automática Mercado Libre
MLM3424389287,MONBLR170,Monitor Gaming 23.8  100hz Ultra Odissey Ii Mfx23 Balam Rush,Monitores de computadoras,https://static.ctonline.mx/imagenes/MONBLR170/MONBLR170_800.jpg,800x800 px,Fondo blanco puro verificado,Reactivación Automática Mercado Libre
MLM3424389311,MONNTE070,Monitor Nextep 15.6  Ne-520t Touch Screen Punto De Venta Lcd,Monitores de computadoras,https://static.ctonline.mx/imagenes/MONNTE070/MONNTE070_800.jpg,800x800 px,Fondo blanco puro verificado,Reactivación Automática Mercado Libre
MLM3424389317,ACCITL7730,Adaptador De Usb-c Pd A Monitor Dual-hdmi (154321) Manhattan,Monitores de computadoras,https://static.ctonline.mx/imagenes/ACCITL7730/ACCITL7730_800.jpg,800x800 px,Fondo blanco puro verificado,Reactivación Automática Mercado Libre
MLM3424389339,MONLGE3560,Monitor Marca LG   Smart Monitor LG Myview De 27 Pulgadas Fu,Monitores de computadoras,https://static.ctonline.mx/imagenes/MONLGE3560/MONLGE3560_800.jpg,800x800 px,Fondo blanco puro verificado,Reactivación Automática Mercado Libre
MLM3424389341,MONSTY380,Monitor Xzeal 21.5  Xst 580-1 Panel Plano Va Hd 100hz 5ms 1x,Monitores de computadoras,https://static.ctonline.mx/imagenes/MONSTY380/MONSTY380_800.jpg,800x800 px,Fondo blanco puro verificado,Reactivación Automática Mercado Libre
MLM3424389407,KITBOL010,"Kit De Alarma Bolide Inalámbrico Btg-ak2, Conexión Wifi Y 4g",Monitores de computadoras,https://static.ctonline.mx/imagenes/KITBOL010/KITBOL010_800.jpg,800x800 px,Fondo blanco puro verificado,Reactivación Automática Mercado Libre
MLM3424389427,MONDAH220,Monitor Dahua Dhi-lm34-e330ca La Resolución De 3440*1440 Pro,Monitores de computadoras,https://static.ctonline.mx/imagenes/MONDAH220/MONDAH220_800.jpg,800x800 px,Fondo blanco puro verificado,Reactivación Automática Mercado Libre
MLM3424389477,CAMTND070,Cámara De Seguridad Pan/tilt Cp3 Pro Es Una Cámara De Monito,Monitores de computadoras,https://static.ctonline.mx/imagenes/CAMTND070/CAMTND070_800.jpg,800x800 px,Fondo blanco puro verificado,Reactivación Automática Mercado Libre
MLM3424389547,MONBNQ1510,Monitor Benq Gw2491. 9h.lnelj.lbl Led De 23.8 . Wide Screen.,Monitores de computadoras,https://static.ctonline.mx/imagenes/MONBNQ1510/MONBNQ1510_800.jpg,800x800 px,Fondo blanco puro verificado,Reactivación Automática Mercado Libre
MLM3424389565,MONLGE3320,"Monitor Profesional LG 55  55ul5q, Tamaño De Pantalla 55 , R",Monitores de computadoras,https://static.ctonline.mx/imagenes/MONLGE3320/MONLGE3320_800.jpg,800x800 px,Fondo blanco puro verificado,Reactivación Automática Mercado Libre
MLM3424389595,MONBNQ1520,Monitor Benq Gw2791. 9h.lnflj.lbl. Led De 27 . Wide Screen.,Monitores de computadoras,https://static.ctonline.mx/imagenes/MONBNQ1520/MONBNQ1520_800.jpg,800x800 px,Fondo blanco puro verificado,Reactivación Automática Mercado Libre
MLM3424389673,MONBNQ1530,Monitor Benq Gw2786tc. 9h.lmnlb.qbl. Led De 27 . Wide Screen,Monitores de computadoras,https://static.ctonline.mx/imagenes/MONBNQ1530/MONBNQ1530_800.jpg,800x800 px,Fondo blanco puro verificado,Reactivación Automática Mercado Libre
MLM3424389683,MONLGE3500,"Monitor LG Uhd 4k Hdr De 31.5  32ur500k-b.awm, Resolución 38",Monitores de computadoras,https://static.ctonline.mx/imagenes/MONLGE3500/MONLGE3500_800.jpg,800x800 px,Fondo blanco puro verificado,Reactivación Automática Mercado Libre
MLM3424389799,MONACR1810,"Monitor Acer Modelo  Xz340cur X0bmiiphx, Numero De Parte Um.",Monitores de computadoras,https://static.ctonline.mx/imagenes/MONACR1810/MONACR1810_800.jpg,800x800 px,Fondo blanco puro verificado,Reactivación Automática Mercado Libre
MLM3424389851,SWTHKV270,Switch Monitoreable Poe+ Ds-3e1309p-ei / 8 Puertos 10/100 Mb,Monitores de computadoras,https://static.ctonline.mx/imagenes/SWTHKV270/SWTHKV270_800.jpg,800x800 px,Fondo blanco puro verificado,Reactivación Automática Mercado Libre
MLM3424389867,MONLGE3490,"Monitor Gamin LG Ultragear G4 De 27  27g411a-b.awm, Pantalla",Monitores de computadoras,https://static.ctonline.mx/imagenes/MONLGE3490/MONLGE3490_800.jpg,800x800 px,Fondo blanco puro verificado,Reactivación Automática Mercado Libre
MLM3424389877,ACCAPC1300,Tarjeta De Administración De Redes Para Sai. Apc Ap9640. Ver,Monitores de computadoras,https://static.ctonline.mx/imagenes/ACCAPC1300/ACCAPC1300_800.jpg,800x800 px,Fondo blanco puro verificado,Reactivación Automática Mercado Libre
MLM3424389919,ACCACT4490,Base Para Monitor Y Laptop Vault Top Be420 Acteck  Base Para,Monitores de computadoras,https://static.ctonline.mx/imagenes/ACCACT4490/ACCACT4490_800.jpg,800x800 px,Fondo blanco puro verificado,Reactivación Automática Mercado Libre
MLM3424389943,MONLNX180,Monitor Lanix Lx240 16578. 23.8 . Full Hd. Mejore Su Visión,Monitores de computadoras,https://static.ctonline.mx/imagenes/MONLNX180/MONLNX180_800.jpg,800x800 px,Fondo blanco puro verificado,Reactivación Automática Mercado Libre
MLM3424390053,MONBLR250,Monitor Gaming 27  165hz Ultra Explorer Mxt27p Balam Rush  F,Monitores de computadoras,https://static.ctonline.mx/imagenes/MONBLR250/MONBLR250_800.jpg,800x800 px,Fondo blanco puro verificado,Reactivación Automática Mercado Libre
MLM3424390063,MONASS1000,"Monitor Asus Be24eqk Tamaño Del Panel (pulgadas): 23,8, Rela",Monitores de computadoras,https://static.ctonline.mx/imagenes/MONASS1000/MONASS1000_800.jpg,800x800 px,Fondo blanco puro verificado,Reactivación Automática Mercado Libre
MLM3424390335,COMASS9350,"Computadora Portátil Expertbook B9 Oled, Número De Parte 90n",Monitores de computadoras,https://static.ctonline.mx/imagenes/COMASS9350/COMASS9350_800.jpg,800x800 px,Fondo blanco puro verificado,Reactivación Automática Mercado Libre
MLM3424390337,MONLGE3110,Monitor Led Marca LG 23.8  24ba650-b.awm Ips Fhd 100 Hz ; Re,Monitores de computadoras,https://static.ctonline.mx/imagenes/MONLGE3110/MONLGE3110_800.jpg,800x800 px,Fondo blanco puro verificado,Reactivación Automática Mercado Libre
MLM3424390347,MONDAH240,Monitor Ip Touch 7  Dhi-vth2621gw-p Monitor Ip Touch De 7 Pu,Monitores de computadoras,https://static.ctonline.mx/imagenes/MONDAH240/MONDAH240_800.jpg,800x800 px,Fondo blanco puro verificado,Reactivación Automática Mercado Libre
MLM3424390395,MONACR1780,"Monitor Sa2 H1bi Um.qs2aa.103, 23.8  Fhd 1920 X 1080 @ 100 H",Monitores de computadoras,https://static.ctonline.mx/imagenes/MONACR1780/MONACR1780_800.jpg,800x800 px,Fondo blanco puro verificado,Reactivación Automática Mercado Libre
MLM3424390427,IMPZBR2870,Impresora Portátil De Tickets Zebra Zq210 (zq21-a0e12kl-00).,Monitores de computadoras,https://static.ctonline.mx/imagenes/IMPZBR2870/IMPZBR2870_800.jpg,800x800 px,Fondo blanco puro verificado,Reactivación Automática Mercado Libre
MLM3424390443,MONYEY110,Yeyian Gaming Curved Monitor 31.5  Multistand Sigurd 3501 -,Monitores de computadoras,https://static.ctonline.mx/imagenes/MONYEY110/MONYEY110_800.jpg,800x800 px,Fondo blanco puro verificado,Reactivación Automática Mercado Libre
MLM3424390509,MONBNQ1440,Monitor Benq. Sw272q. 9h.llplb.qba. Resolución 2k (2560x1440,Monitores de computadoras,https://static.ctonline.mx/imagenes/MONBNQ1440/MONBNQ1440_800.jpg,800x800 px,Fondo blanco puro verificado,Reactivación Automática Mercado Libre
MLM3424390523,ACCVGO1960,Stand Monitor Gamefactor Smg500 Vesa Escritorio Negro,Monitores de computadoras,https://static.ctonline.mx/imagenes/ACCVGO1960/ACCVGO1960_800.jpg,800x800 px,Fondo blanco puro verificado,Reactivación Automática Mercado Libre
MLM3424390579,MONLGE3080,Monitor Signage 55  LG 55um5n. Monitor Signage LG 55 ; Resol,Monitores de computadoras,https://static.ctonline.mx/imagenes/MONLGE3080/MONLGE3080_800.jpg,800x800 px,Fondo blanco puro verificado,Reactivación Automática Mercado Libre
MLM3424390601,IMPZBR3100,Impresora Portátil De Tickets Zebra Zq210 (zq21-a0e01kl-00).,Monitores de computadoras,https://static.ctonline.mx/imagenes/IMPZBR3100/IMPZBR3100_800.jpg,800x800 px,Fondo blanco puro verificado,Reactivación Automática Mercado Libre
MLM3424390629,MONBLR440,Monitor Gaming Curvo 49  120hz: Cosmos Titan Mct49x Balam Ru,Monitores de computadoras,https://static.ctonline.mx/imagenes/MONBLR440/MONBLR440_800.jpg,800x800 px,Fondo blanco puro verificado,Reactivación Automática Mercado Libre
MLM3424390651,LFDSMG1360,Monitor Profesional Samsung Qm65c; Modelo Lh65qmcebgcxgo; Ta,Monitores de computadoras,https://static.ctonline.mx/imagenes/LFDSMG1360/LFDSMG1360_800.jpg,800x800 px,Fondo blanco puro verificado,Reactivación Automática Mercado Libre
MLM3424390663,MONDAT010,Monitor Gaming Xpg 27  180hz Rift R27q8. Resolución: 2560 ×,Monitores de computadoras,https://static.ctonline.mx/imagenes/MONDAT010/MONDAT010_800.jpg,800x800 px,Fondo blanco puro verificado,Reactivación Automática Mercado Libre
MLM3424390689,ACCMST4790,Smartwatch Con Pantalla Amoled Cuerpo Metálico Perfect Choic,Monitores de computadoras,https://static.ctonline.mx/imagenes/ACCMST4790/ACCMST4790_800.jpg,800x800 px,Fondo blanco puro verificado,Reactivación Automática Mercado Libre
MLM3424390717,RELLEN5690,Lenovo Garantia 5 Años Premier Support  Para Monitor 5ws0t30,Monitores de computadoras,https://static.ctonline.mx/imagenes/RELLEN5690/RELLEN5690_800.jpg,800x800 px,Fondo blanco puro verificado,Reactivación Automática Mercado Libre
MLM3424390741,ACCKBZ060,"Tarjeta Snmp Koblenz (45-0995-00-6), Monitoreo Y Administrac",Monitores de computadoras,https://static.ctonline.mx/imagenes/ACCKBZ060/ACCKBZ060_800.jpg,800x800 px,Fondo blanco puro verificado,Reactivación Automática Mercado Libre
MLM3424390769,MONBNQ1410,Monitor Benq Gw3290qt. 9h.llhla.tba 31.5  Resolución 2k Qhd,Monitores de computadoras,https://static.ctonline.mx/imagenes/MONBNQ1410/MONBNQ1410_800.jpg,800x800 px,Fondo blanco puro verificado,Reactivación Automática Mercado Libre
MLM3424390781,MONTSN820,"Monitor Touchscreen Marca Elotouch De 27  Lcd, 2770l Pcap, T",Monitores de computadoras,https://static.ctonline.mx/imagenes/MONTSN820/MONTSN820_800.jpg,800x800 px,Fondo blanco puro verificado,Reactivación Automática Mercado Libre
MLM3424390807,ACCMIM180,"Radio Modular C5c Hasta 500 Mbps De 4.9-6.4 Ghz, Ip55, 2x2:2",Monitores de computadoras,https://static.ctonline.mx/imagenes/ACCMIM180/ACCMIM180_800.jpg,800x800 px,Fondo blanco puro verificado,Reactivación Automática Mercado Libre
MLM3424390817,RELLEN9370,Lenovo  Monitor Lenovo E22-40 Pantalla: 21.5  Resolución: 19,Monitores de computadoras,https://static.ctonline.mx/imagenes/RELLEN9370/RELLEN9370_800.jpg,800x800 px,Fondo blanco puro verificado,Reactivación Automática Mercado Libre
MLM3424390869,MONTSN600,"Monitor Marca Elotouch De 7  Lcd, 0702l Pcap (touchpro® Proj",Monitores de computadoras,https://static.ctonline.mx/imagenes/MONTSN600/MONTSN600_800.jpg,800x800 px,Fondo blanco puro verificado,Reactivación Automática Mercado Libre
MLM3424390871,KITDAH700,Kit De Video Portero Dahua Ktw02 Dhi-ktw02 Kit De Videoporte,Monitores de computadoras,https://static.ctonline.mx/imagenes/KITDAH700/KITDAH700_800.jpg,800x800 px,Fondo blanco puro verificado,Reactivación Automática Mercado Libre
MLM3424390897,MONACR1830,"Monitor Nitro Xz2 Xz320q X2bmiiphx, Um.jx0aa.201 31.5 Curvo",Monitores de computadoras,https://static.ctonline.mx/imagenes/MONACR1830/MONACR1830_800.jpg,800x800 px,Fondo blanco puro verificado,Reactivación Automática Mercado Libre
MLM3424390939,MONVGO210,Monitor Vorago Led De 21.5  (led-w21-300 V5f). Puertos De En,Monitores de computadoras,https://static.ctonline.mx/imagenes/MONVGO210/MONVGO210_800.jpg,800x800 px,Fondo blanco puro verificado,Reactivación Automática Mercado Libre
MLM3424390963,MONNTE010,Monitor Nextep Touch Screen Punto De Venta Ne-520  15  Lcd C,Monitores de computadoras,https://static.ctonline.mx/imagenes/MONNTE010/MONNTE010_800.jpg,800x800 px,Fondo blanco puro verificado,Reactivación Automática Mercado Libre
MLM3424391005,ACCBNQ840,Screenbar Pro Benq  9h.w4kwt.ws4 De Benq Es Una Barra De Luz,Monitores de computadoras,https://static.ctonline.mx/imagenes/ACCBNQ840/ACCBNQ840_800.jpg,800x800 px,Fondo blanco puro verificado,Reactivación Automática Mercado Libre
MLM3424391007,MONHOS030,"Monitor Touch 18.5  Fhd Hostech Ht400-1 Htmotch2b, Resolució",Monitores de computadoras,https://static.ctonline.mx/imagenes/MONHOS030/MONHOS030_800.jpg,800x800 px,Fondo blanco puro verificado,Reactivación Automática Mercado Libre
MLM3424391025,MONLGE3120,Monitor Led Marca LG 27  27ba650-b.awm Fhd Ips Usb T.c ; Res,Monitores de computadoras,https://static.ctonline.mx/imagenes/MONLGE3120/MONLGE3120_800.jpg,800x800 px,Fondo blanco puro verificado,Reactivación Automática Mercado Libre
MLM3424391129,MONHKV080,Monitor Touch Screen 10  Para Videoportero Ip Ds-kh8520-wte1,Monitores de computadoras,https://static.ctonline.mx/imagenes/MONHKV080/MONHKV080_800.jpg,800x800 px,Fondo blanco puro verificado,Reactivación Automática Mercado Libre
MLM3424391201,MONBLR420,Monitor Gamer 27  Cosmos Edge Mce27p Bala Rush Monitor Gamer,Monitores de computadoras,https://static.ctonline.mx/imagenes/MONBLR420/MONBLR420_800.jpg,800x800 px,Fondo blanco puro verificado,Reactivación Automática Mercado Libre
MLM3424391441,MONLGE3420,Monitor LG Createboard 65  LG 65tr3dq. Monitor Createboard L,Monitores de computadoras,https://static.ctonline.mx/imagenes/MONLGE3420/MONLGE3420_800.jpg,800x800 px,Fondo blanco puro verificado,Reactivación Automática Mercado Libre
MLM3424391555,MONVGO260,"Monitor Vorago Game Factor Mg620 Led Ips 180 Hz, 27 , 1ms, F",Monitores de computadoras,https://static.ctonline.mx/imagenes/MONVGO260/MONVGO260_800.jpg,800x800 px,Fondo blanco puro verificado,Reactivación Automática Mercado Libre
MLM3424391613,MONDAH190,Monitor Dahua Dhi-lm27-a200f Carcasa De Plástico Ligera Y Ec,Monitores de computadoras,https://static.ctonline.mx/imagenes/MONDAH190/MONDAH190_800.jpg,800x800 px,Fondo blanco puro verificado,Reactivación Automática Mercado Libre
MLM3424391619,MONACT110,"Monitor Plano 21.5  Captive Lite Cl215, Monitor Plano 21.5 ,",Monitores de computadoras,https://static.ctonline.mx/imagenes/MONACT110/MONACT110_800.jpg,800x800 px,Fondo blanco puro verificado,Reactivación Automática Mercado Libre
MLM3424391629,MONNTE060,Monitor Nextep Curvo Ne-727c Fhd 27 Resolución 1920x1080 Pan,Monitores de computadoras,https://static.ctonline.mx/imagenes/MONNTE060/MONNTE060_800.jpg,800x800 px,Fondo blanco puro verificado,Reactivación Automática Mercado Libre
MLM3424391633,MONHKV090,Monitor Ip Lite Touch 7  Ds-kh6320-le1(b) Para Videoportero,Monitores de computadoras,https://static.ctonline.mx/imagenes/MONHKV090/MONHKV090_800.jpg,800x800 px,Fondo blanco puro verificado,Reactivación Automática Mercado Libre
MLM3424391655,MONDAT030,Monitor Gaming Xpg 24  120hz Rift R24f2. Resolución: 1920 ×,Monitores de computadoras,https://static.ctonline.mx/imagenes/MONDAT030/MONDAT030_800.jpg,800x800 px,Fondo blanco puro verificado,Reactivación Automática Mercado Libre
MLM3424391663,MONDAT020,Monitor Gaming Xpg 27  165hz Rift R27f6. Resolución: 1920 ×,Monitores de computadoras,https://static.ctonline.mx/imagenes/MONDAT020/MONDAT020_800.jpg,800x800 px,Fondo blanco puro verificado,Reactivación Automática Mercado Libre
MLM3424391687,MONLNX190,Monitor Lanix Lx270 17601. 27 . Full Hd. Mejore Su Visión Y,Monitores de computadoras,https://static.ctonline.mx/imagenes/MONLNX190/MONLNX190_800.jpg,800x800 px,Fondo blanco puro verificado,Reactivación Automática Mercado Libre
MLM3424391727,ACCMST4630,Smartwacht Citrine Con Pantalla Amoled 1.96 Pc-270171 Citrin,Monitores de computadoras,https://static.ctonline.mx/imagenes/ACCMST4630/ACCMST4630_800.jpg,800x800 px,Fondo blanco puro verificado,Reactivación Automática Mercado Libre
MLM3424391735,MONDAH110,Monitor Vto Ip Touch 7  Dhi-vth2421fb-p Monitor Ip Táctil De,Monitores de computadoras,https://static.ctonline.mx/imagenes/MONDAH110/MONDAH110_800.jpg,800x800 px,Fondo blanco puro verificado,Reactivación Automática Mercado Libre
MLM3424391771,ACCCYP290,"Sensor Ambiental Snev001, Monitorea Temperatura Y Humedad. O",Monitores de computadoras,https://static.ctonline.mx/imagenes/ACCCYP290/ACCCYP290_800.jpg,800x800 px,Fondo blanco puro verificado,Reactivación Automática Mercado Libre
MLM3424391785,MONACT130,"Monitor Captive Lite Cl185 Acteck Panel De 18.5  Tn, Resoluc",Monitores de computadoras,https://static.ctonline.mx/imagenes/MONACT130/MONACT130_800.jpg,800x800 px,Fondo blanco puro verificado,Reactivación Automática Mercado Libre
MLM3424391815,MONSTY400,Monitor Stylos 27  Stylos Stpmot8b Flat Panel Led Hd 75hz 5m,Monitores de computadoras,https://static.ctonline.mx/imagenes/MONSTY400/MONSTY400_800.jpg,800x800 px,Fondo blanco puro verificado,Reactivación Automática Mercado Libre
MLM3424391877,MONLGE3250,Monitor LG Createboard 86  LG 86tr3pn. Monitor Createboard L,Monitores de computadoras,https://static.ctonline.mx/imagenes/MONLGE3250/MONLGE3250_800.jpg,800x800 px,Fondo blanco puro verificado,Reactivación Automática Mercado Libre
MLM3424391895,MONNCB080,Monitor Naceb Led Qhd 32  165hz Va Hdmi+dp Na-0643,Monitores de computadoras,https://static.ctonline.mx/imagenes/MONNCB080/MONNCB080_800.jpg,800x800 px,Fondo blanco puro verificado,Reactivación Automática Mercado Libre
MLM3424391899,MONBNQ1640,Monitor Benq Gw2790qt. 9h.llgla.tbl. Led De 27 . Wide Screen,Monitores de computadoras,https://static.ctonline.mx/imagenes/MONBNQ1640/MONBNQ1640_800.jpg,800x800 px,Fondo blanco puro verificado,Reactivación Automática Mercado Libre
MLM3424391931,ACCVIC310,Tarjeta De Monitoreo Remoto Snmp  Marca Vica Compatible Para,Monitores de computadoras,https://static.ctonline.mx/imagenes/ACCVIC310/ACCVIC310_800.jpg,800x800 px,Fondo blanco puro verificado,Reactivación Automática Mercado Libre
MLM3424391973,ACCKNS800,Smartfit Base Para Monitor Kensington K60089 para Escritorio,Monitores de computadoras,https://static.ctonline.mx/imagenes/ACCKNS800/ACCKNS800_800.jpg,800x800 px,Fondo blanco puro verificado,Reactivación Automática Mercado Libre
MLM3424391981,MONVGO230,Monitor Start The Gamer Vorago 24  Mod. Mgstg-24 Frameless 1,Monitores de computadoras,https://static.ctonline.mx/imagenes/MONVGO230/MONVGO230_800.jpg,800x800 px,Fondo blanco puro verificado,Reactivación Automática Mercado Libre
MLM3424392003,MONLGE3310,"Monitor Profesional LG 50  50ul5q, Tamaño De Pantalla 50 , R",Monitores de computadoras,https://static.ctonline.mx/imagenes/MONLGE3310/MONLGE3310_800.jpg,800x800 px,Fondo blanco puro verificado,Reactivación Automática Mercado Libre
MLM3424392033,MONDAH170,Monitor Dahua Dhi-lm25-e231b / Monitor 25 PLG A Resolución D,Monitores de computadoras,https://static.ctonline.mx/imagenes/MONDAH170/MONDAH170_800.jpg,800x800 px,Fondo blanco puro verificado,Reactivación Automática Mercado Libre
MLM3424392051,MONSTY360,Monitor Xzeal 27  Xzeal Xz4010-2 Panel Curvo Va Fhd 180hz 1m,Monitores de computadoras,https://static.ctonline.mx/imagenes/MONSTY360/MONSTY360_800.jpg,800x800 px,Fondo blanco puro verificado,Reactivación Automática Mercado Libre
MLM3424392217,MONACR1680,Monitor Marca Acer Modelo Eb321hq Abi No. Parte Um.je1aa.a01,Monitores de computadoras,https://static.ctonline.mx/imagenes/MONACR1680/MONACR1680_800.jpg,800x800 px,Fondo blanco puro verificado,Reactivación Automática Mercado Libre
MLM3424392273,MONBLR330,Monitor Curvo Gaming 23.8   180hz Andromeda Mag24y  Panel Va,Monitores de computadoras,https://static.ctonline.mx/imagenes/MONBLR330/MONBLR330_800.jpg,800x800 px,Fondo blanco puro verificado,Reactivación Automática Mercado Libre
MLM3424392279,MONBLR390,Monitor Gaming Curvo 27  180hz: Andromeda Mag27y Balam Rush,Monitores de computadoras,https://static.ctonline.mx/imagenes/MONBLR390/MONBLR390_800.jpg,800x800 px,Fondo blanco puro verificado,Reactivación Automática Mercado Libre
MLM3424392281,ACCKNS1940,Pantalla De Privacidad Para Monitores De 23.8  16:9 K60731ww,Monitores de computadoras,https://static.ctonline.mx/imagenes/ACCKNS1940/ACCKNS1940_800.jpg,800x800 px,Fondo blanco puro verificado,Reactivación Automática Mercado Libre
MLM3424392301,ACCKNS1580,"Kensington Filtro De Privacidad Para Monitor 24  K55315ww, W",Monitores de computadoras,https://static.ctonline.mx/imagenes/ACCKNS1580/ACCKNS1580_800.jpg,800x800 px,Fondo blanco puro verificado,Reactivación Automática Mercado Libre
MLM3424392325,MONNNN060,"Monitor Gaming Negro Necnon Modelo Nmg-27c1 27  Curvo, 165hz",Monitores de computadoras,https://static.ctonline.mx/imagenes/MONNNN060/MONNNN060_800.jpg,800x800 px,Fondo blanco puro verificado,Reactivación Automática Mercado Libre
MLM3424392353,MONNNN080,"Monitor Gaming Negro Necnon Modelo Nmg-27fr 27 , Giratorio 1",Monitores de computadoras,https://static.ctonline.mx/imagenes/MONNNN080/MONNNN080_800.jpg,800x800 px,Fondo blanco puro verificado,Reactivación Automática Mercado Libre
MLM3424392355,MONACT100,"Monitor Plano 24.5  Captive Vivd Sp245, Monitor Plano 24.5 ,",Monitores de computadoras,https://static.ctonline.mx/imagenes/MONACT100/MONACT100_800.jpg,800x800 px,Fondo blanco puro verificado,Reactivación Automática Mercado Libre
MLM3424392379,MONNCB060,Monitor Marca Naceb Gaming 24 Curvo; Resolución: 1920x1080;,Monitores de computadoras,https://static.ctonline.mx/imagenes/MONNCB060/MONNCB060_800.jpg,800x800 px,Fondo blanco puro verificado,Reactivación Automática Mercado Libre
MLM3424392415,MONTSN010,"Monitor Touchscreen Marca Elotouch De 15  Lcd, 1515l Es Lo S",Monitores de computadoras,https://static.ctonline.mx/imagenes/MONTSN010/MONTSN010_800.jpg,800x800 px,Fondo blanco puro verificado,Reactivación Automática Mercado Libre
MLM3424392481,MONACR1880,"Monitor Ek1 Ek241y P0bi, Um.qe1aa.009, 23.8 Fhd 1920 X 1080",Monitores de computadoras,https://static.ctonline.mx/imagenes/MONACR1880/MONACR1880_800.jpg,800x800 px,Fondo blanco puro verificado,Reactivación Automática Mercado Libre
MLM3424392591,MONNNN100,"Monitor Gaming Negro Necnon Modelo Nmg-32c1 32 , Curvo 165hz",Monitores de computadoras,https://static.ctonline.mx/imagenes/MONNNN100/MONNNN100_800.jpg,800x800 px,Fondo blanco puro verificado,Reactivación Automática Mercado Libre
MLM3424392667,MONNTE020,Monitor Nextep Ne-723 23.8 Pulgadas Fhd Resolucion 1920x1080,Monitores de computadoras,https://static.ctonline.mx/imagenes/MONNTE020/MONNTE020_800.jpg,800x800 px,Fondo blanco puro verificado,Reactivación Automática Mercado Libre
MLM3424392727,MONBLR290,Monitor Curvo Gaming 34   165hz Ultra Explorer Mxt34p  Balam,Monitores de computadoras,https://static.ctonline.mx/imagenes/MONBLR290/MONBLR290_800.jpg,800x800 px,Fondo blanco puro verificado,Reactivación Automática Mercado Libre
MLM3424392733,MONBLR450,Monitor Gamer 24.5  Cosmos Edge Mce245p Bala Rush   Monitor,Monitores de computadoras,https://static.ctonline.mx/imagenes/MONBLR450/MONBLR450_800.jpg,800x800 px,Fondo blanco puro verificado,Reactivación Automática Mercado Libre
MLM3424392753,ACCBIT220,Smartbitt Tarjeta De Monitoreo Ambiental Sbemd,Monitores de computadoras,https://static.ctonline.mx/imagenes/ACCBIT220/ACCBIT220_800.jpg,800x800 px,Fondo blanco puro verificado,Reactivación Automática Mercado Libre
MLM3424393005,LFDSMG1190,Monitor Profesional Qb43b; Modelo Lh43qbbebgcxza; Tamaño Dia,Monitores de computadoras,https://static.ctonline.mx/imagenes/LFDSMG1190/LFDSMG1190_800.jpg,800x800 px,Fondo blanco puro verificado,Reactivación Automática Mercado Libre
MLM3424393019,MONLGE3690,"Monitor Marca LG  32 , 32u889sa-w.awm,  Pantalla - Tamaño [p",Monitores de computadoras,https://static.ctonline.mx/imagenes/MONLGE3690/MONLGE3690_800.jpg,800x800 px,Fondo blanco puro verificado,Reactivación Automática Mercado Libre
MLM3424393033,ACCHUW1460,55020daf Huawei Watch D2 Negro. Monitoreo Ambulatorio De La,Monitores de computadoras,https://static.ctonline.mx/imagenes/ACCHUW1460/ACCHUW1460_800.jpg,800x800 px,Fondo blanco puro verificado,Reactivación Automática Mercado Libre
MLM3424393067,MONNCB130,"Monitor Naceb Na-0504 Hd+ 19.5  75hz 1600*900, 1x Hdmi / 1x",Monitores de computadoras,https://static.ctonline.mx/imagenes/MONNCB130/MONNCB130_800.jpg,800x800 px,Fondo blanco puro verificado,Reactivación Automática Mercado Libre
MLM3424393109,MONYEY220,"Monitor Gamer 23.8''  Yeyian Modelo: Ymf-fp24-m1, Juega Al M",Monitores de computadoras,https://static.ctonline.mx/imagenes/MONYEY220/MONYEY220_800.jpg,800x800 px,Fondo blanco puro verificado,Reactivación Automática Mercado Libre
MLM3424393125,MONBNQ1490,Monitor Benq. Ma270u. 9h.lwwlb.qbl. Monitor Para Mac 27  Res,Monitores de computadoras,https://static.ctonline.mx/imagenes/MONBNQ1490/MONBNQ1490_800.jpg,800x800 px,Fondo blanco puro verificado,Reactivación Automática Mercado Libre
MLM3424393247,ACCPVS850,Decodificador De Video Provision Isr Dec-0104(1u) 4 Salidas,Monitores de computadoras,https://static.ctonline.mx/imagenes/ACCPVS850/ACCPVS850_800.jpg,800x800 px,Fondo blanco puro verificado,Reactivación Automática Mercado Libre
MLM3424393289,MONBNQ1690,Monitor Benq Gw2490e 9h.lmelj.lbe De Benq Es Un Monitor De 2,Monitores de computadoras,https://static.ctonline.mx/imagenes/MONBNQ1690/MONBNQ1690_800.jpg,800x800 px,Fondo blanco puro verificado,Reactivación Automática Mercado Libre
MLM3424393295,MONECL050,Monitor Touch Screen. Ec Line Vp3100. (ec-vp-3100-ts). Panta,Monitores de computadoras,https://static.ctonline.mx/imagenes/MONECL050/MONECL050_800.jpg,800x800 px,Fondo blanco puro verificado,Reactivación Automática Mercado Libre
MLM3424393341,ACCITL6960,Docking Station Usb-c Para Triple Monitor (130660) Manhattan,Monitores de computadoras,https://static.ctonline.mx/imagenes/ACCITL6960/ACCITL6960_800.jpg,800x800 px,Fondo blanco puro verificado,Reactivación Automática Mercado Libre
MLM3424393349,ACCNTE910,Monitor Portátil Nextep Ne-716 Tamaño De Pantalla 15.6 (39.6,Monitores de computadoras,https://static.ctonline.mx/imagenes/ACCNTE910/ACCNTE910_800.jpg,800x800 px,Fondo blanco puro verificado,Reactivación Automática Mercado Libre
MLM3424393369,SWTHKV450,Ds-3e1526p-ei Switch Gigabit Poe+ / Monitoreable / 24 Puerto,Monitores de computadoras,https://static.ctonline.mx/imagenes/SWTHKV450/SWTHKV450_800.jpg,800x800 px,Fondo blanco puro verificado,Reactivación Automática Mercado Libre
MLM3424393401,MONACR1870,Monitor Acer Ek1 Ek271 Gbi Um.he1aa.005 27  Fhd 120hz Ips Co,Monitores de computadoras,https://static.ctonline.mx/imagenes/MONACR1870/MONACR1870_800.jpg,800x800 px,Fondo blanco puro verificado,Reactivación Automática Mercado Libre
MLM3424393419,MONGIG320,Monitor Gamer Gigabyte Gs24f14 Tamaño Del Panel (pulgadas) 2,Monitores de computadoras,https://static.ctonline.mx/imagenes/MONGIG320/MONGIG320_800.jpg,800x800 px,Fondo blanco puro verificado,Reactivación Automática Mercado Libre
MLM3424393439,MONSTY390,Monitor Stylos 23.8  Stylos Stpmot7b Flat Panel Led Hd 100hz,Monitores de computadoras,https://static.ctonline.mx/imagenes/MONSTY390/MONSTY390_800.jpg,800x800 px,Fondo blanco puro verificado,Reactivación Automática Mercado Libre
MLM3424393507,MONDAH090,Monitor 32  24/7 Dhi-lm32-f200 Pantalla Fhd De 32 Pulgadas C,Monitores de computadoras,https://static.ctonline.mx/imagenes/MONDAH090/MONDAH090_800.jpg,800x800 px,Fondo blanco puro verificado,Reactivación Automática Mercado Libre
MLM3424393543,MONBNQ1570,Monitor Benq Gw2790q. 9h.lmale.ebl. Led De 27 . Wide Screen.,Monitores de computadoras,https://static.ctonline.mx/imagenes/MONBNQ1570/MONBNQ1570_800.jpg,800x800 px,Fondo blanco puro verificado,Reactivación Automática Mercado Libre
MLM6133201618,MONSTY320,Monitor Xzeal 23.8  Xzeal Xz3010-3 Xzmxz32b Panel Plano Va F,Monitores de computadoras,https://static.ctonline.mx/imagenes/MONSTY320/MONSTY320_800.jpg,800x800 px,Fondo blanco puro verificado,Reactivación Automática Mercado Libre
MLM6133201624,MONTSN520,"Monitor Touchscreen Elotouch 19 , 1990l Open Frame Touchscre",Monitores de computadoras,https://static.ctonline.mx/imagenes/MONTSN520/MONTSN520_800.jpg,800x800 px,Fondo blanco puro verificado,Reactivación Automática Mercado Libre
MLM6133201638,MONBLR310,Monitor Curvo Gaming 27   240hz Hyper Orbit Mho27y  Panel Va,Monitores de computadoras,https://static.ctonline.mx/imagenes/MONBLR310/MONBLR310_800.jpg,800x800 px,Fondo blanco puro verificado,Reactivación Automática Mercado Libre
MLM6133201656,ACCITL6460,Switch Kvm Hdmi De 4 Puertos Para Dos Monitores (153539) Man,Monitores de computadoras,https://static.ctonline.mx/imagenes/ACCITL6460/ACCITL6460_800.jpg,800x800 px,Fondo blanco puro verificado,Reactivación Automática Mercado Libre
MLM6133201694,MONLEN1510,"Monitor Lenovo Thinkvision S24-4e 64b5kar1la, 23.8  Fhd (192",Monitores de computadoras,https://static.ctonline.mx/imagenes/MONLEN1510/MONLEN1510_800.jpg,800x800 px,Fondo blanco puro verificado,Reactivación Automática Mercado Libre
MLM6133201718,MONTSN500,"Monitor Touchscreen Elotouch De 15'', Active Matrix Tft Lcd",Monitores de computadoras,https://static.ctonline.mx/imagenes/MONTSN500/MONTSN500_800.jpg,800x800 px,Fondo blanco puro verificado,Reactivación Automática Mercado Libre
MLM6133201728,MONSTY350,Monitor Xzeal 23.8  Xzeal Xspmg07b Xst-570-1 Panel Curvo Va,Monitores de computadoras,https://static.ctonline.mx/imagenes/MONSTY350/MONSTY350_800.jpg,800x800 px,Fondo blanco puro verificado,Reactivación Automática Mercado Libre
MLM6133201844,MONQIA190,"Monitor Led Qian Frameless Qm2382f 23.8 , Resolución Máxima",Monitores de computadoras,https://static.ctonline.mx/imagenes/MONQIA190/MONQIA190_800.jpg,800x800 px,Fondo blanco puro verificado,Reactivación Automática Mercado Libre
MLM6133201904,MONTSN810,"Monitor Touchscreen Marca Elotouch De 24  Lcd, 2470l Pcap, T",Monitores de computadoras,https://static.ctonline.mx/imagenes/MONTSN810/MONTSN810_800.jpg,800x800 px,Fondo blanco puro verificado,Reactivación Automática Mercado Libre
MLM6133201966,LFDSMG1400,Monitor Profesional Qm43c; Modelo Lh43qmcebgcxgo; Tamaño Dia,Monitores de computadoras,https://static.ctonline.mx/imagenes/LFDSMG1400/LFDSMG1400_800.jpg,800x800 px,Fondo blanco puro verificado,Reactivación Automática Mercado Libre
MLM6133201994,MONCOR010,Monitor Corsair Xeneon Modelo 32uhd144 32-inch Panel Ips Uhd,Monitores de computadoras,https://static.ctonline.mx/imagenes/MONCOR010/MONCOR010_800.jpg,800x800 px,Fondo blanco puro verificado,Reactivación Automática Mercado Libre
MLM6133202018,MONLGE3370,"Monitor Profesional LG 86  86ul5q, Tamaño De Pantalla 86 , R",Monitores de computadoras,https://static.ctonline.mx/imagenes/MONLGE3370/MONLGE3370_800.jpg,800x800 px,Fondo blanco puro verificado,Reactivación Automática Mercado Libre
MLM6133202054,LFDSMG1390,Monitor Profesional Qm32c; Modelo Lh32qmcebgcxza; Tamaño Dia,Monitores de computadoras,https://static.ctonline.mx/imagenes/LFDSMG1390/LFDSMG1390_800.jpg,800x800 px,Fondo blanco puro verificado,Reactivación Automática Mercado Libre
MLM6133202056,RELLEN180,Lenovo  Monitor Lenovo S22e-20 Pantalla : 21.5   Resolución:,Monitores de computadoras,https://static.ctonline.mx/imagenes/RELLEN180/RELLEN180_800.jpg,800x800 px,Fondo blanco puro verificado,Reactivación Automática Mercado Libre
MLM6133202082,MONHOS020,Monitor Portátil 15.6  Hostech Ht-500,Monitores de computadoras,https://static.ctonline.mx/imagenes/MONHOS020/MONHOS020_800.jpg,800x800 px,Fondo blanco puro verificado,Reactivación Automática Mercado Libre
MLM6133202174,ACCHUW1490,55020eku Huawei Band 10 Aluminum Green. Caja De Aleación De,Monitores de computadoras,https://static.ctonline.mx/imagenes/ACCHUW1490/ACCHUW1490_800.jpg,800x800 px,Fondo blanco puro verificado,Reactivación Automática Mercado Libre
MLM6133202256,MONLGE3130,Monitor Led Marca LG 24 24ba750-b 23.8'' Ips Fhd 100hz ;reso,Monitores de computadoras,https://static.ctonline.mx/imagenes/MONLGE3130/MONLGE3130_800.jpg,800x800 px,Fondo blanco puro verificado,Reactivación Automática Mercado Libre
MLM6133202336,LFDSMG1370,Monitor Profesional Samsung Qm85c; Modelo Lh85qmcebgcxgo; Ta,Monitores de computadoras,https://static.ctonline.mx/imagenes/LFDSMG1370/LFDSMG1370_800.jpg,800x800 px,Fondo blanco puro verificado,Reactivación Automática Mercado Libre
MLM6133202544,LFDSMG1060,Monitor Video Wall Samsung Vm55t-e; Modelo Lh55vmtebgbxza; T,Monitores de computadoras,https://static.ctonline.mx/imagenes/LFDSMG1060/LFDSMG1060_800.jpg,800x800 px,Fondo blanco puro verificado,Reactivación Automática Mercado Libre
MLM6133202638,MONHPI840,Monitor Hp Serie 3 Pro 327pe Fhd (b1gm6aa#aba). Resolución 1,Monitores de computadoras,https://static.ctonline.mx/imagenes/MONHPI840/MONHPI840_800.jpg,800x800 px,Fondo blanco puro verificado,Reactivación Automática Mercado Libre
MLM6133202648,MONSTY370,Monitor Xzeal 27  Xzeal Xz4015-2 Panel Plano Va Fhd 180hz 1m,Monitores de computadoras,https://static.ctonline.mx/imagenes/MONSTY370/MONSTY370_800.jpg,800x800 px,Fondo blanco puro verificado,Reactivación Automática Mercado Libre
MLM6133202660,MONBLR110,Monitor Gaming 29  75hz Ultra Odissey Ii Mgf29p Balam Rush L,Monitores de computadoras,https://static.ctonline.mx/imagenes/MONBLR110/MONBLR110_800.jpg,800x800 px,Fondo blanco puro verificado,Reactivación Automática Mercado Libre
MLM6133202666,MONACT090,Monitor Portaril Plano 15.6  Acteck Slimoard Sb15t. Monitor,Monitores de computadoras,https://static.ctonline.mx/imagenes/MONACT090/MONACT090_800.jpg,800x800 px,Fondo blanco puro verificado,Reactivación Automática Mercado Libre
MLM6133202670,MONSTY420,Monitor Xzeal 49  Xzeal Xzmo491b Panel Curvo Va 5k 120hz 4ms,Monitores de computadoras,https://static.ctonline.mx/imagenes/MONSTY420/MONSTY420_800.jpg,800x800 px,Fondo blanco puro verificado,Reactivación Automática Mercado Libre
MLM6133202680,MONSTY440,Monitor Xzeal 27  Xzeal Xst-600 Xsmo279b Panel Curvo Va Fhd,Monitores de computadoras,https://static.ctonline.mx/imagenes/MONSTY440/MONSTY440_800.jpg,800x800 px,Fondo blanco puro verificado,Reactivación Automática Mercado Libre
MLM6133202742,MONNNN020,"Monitor Gaming Negro Necnon Modelo Nmg-24c7 24  Curvo, 75hz,",Monitores de computadoras,https://static.ctonline.mx/imagenes/MONNNN020/MONNNN020_800.jpg,800x800 px,Fondo blanco puro verificado,Reactivación Automática Mercado Libre
MLM6133202746,MONNNN010,Monitor Negro Necnon Modelo Nmo-22f7 21.5  Hd 1920x1080 Full,Monitores de computadoras,https://static.ctonline.mx/imagenes/MONNNN010/MONNNN010_800.jpg,800x800 px,Fondo blanco puro verificado,Reactivación Automática Mercado Libre
MLM6133202768,MONLGE3480,"Monitor Gamer LG 24  24u411a-b.awmq , Resolución 1920 X 1080",Monitores de computadoras,https://static.ctonline.mx/imagenes/MONLGE3480/MONLGE3480_800.jpg,800x800 px,Fondo blanco puro verificado,Reactivación Automática Mercado Libre
MLM6133202814,BOCCRT110,Creative Stage Se Barra De Sonido Compacta Para Debajo Del M,Monitores de computadoras,https://static.ctonline.mx/imagenes/BOCCRT110/BOCCRT110_800.jpg,800x800 px,Fondo blanco puro verificado,Reactivación Automática Mercado Libre
MLM6133202848,MONACT040,"Monitor Plano 27  Captive Vivid Sp270 Elite Series, Panel: T",Monitores de computadoras,https://static.ctonline.mx/imagenes/MONACT040/MONACT040_800.jpg,800x800 px,Fondo blanco puro verificado,Reactivación Automática Mercado Libre
MLM6133202858,MONHPI810,Monitor Hp Serie 3 Pro 21.45  Fhd 322pe (ak2f1ut#aba). Tamañ,Monitores de computadoras,https://static.ctonline.mx/imagenes/MONHPI810/MONHPI810_800.jpg,800x800 px,Fondo blanco puro verificado,Reactivación Automática Mercado Libre
MLM6133202860,MONBLR150,Monitor Gaming 23.8  Curvo 165hz Ultra Earth Ii Mgx23c Balam,Monitores de computadoras,https://static.ctonline.mx/imagenes/MONBLR150/MONBLR150_800.jpg,800x800 px,Fondo blanco puro verificado,Reactivación Automática Mercado Libre
MLM6133202894,MONSTY330,Monitor Xzeal 34  Xzeal Xz6010-1 Panel Curvo Va Wqhd 165hz 4,Monitores de computadoras,https://static.ctonline.mx/imagenes/MONSTY330/MONSTY330_800.jpg,800x800 px,Fondo blanco puro verificado,Reactivación Automática Mercado Libre
MLM6133202910,MONDAH130,"Monitor De Video Portero Dahua Analógico Dhi-vth1020j, 7 , C",Monitores de computadoras,https://static.ctonline.mx/imagenes/MONDAH130/MONDAH130_800.jpg,800x800 px,Fondo blanco puro verificado,Reactivación Automática Mercado Libre
MLM6133203058,MONLGE3540,Monitor Profesional Signage Webos 65  LG 65ul5q. Monitor Pro,Monitores de computadoras,https://static.ctonline.mx/imagenes/MONLGE3540/MONLGE3540_800.jpg,800x800 px,Fondo blanco puro verificado,Reactivación Automática Mercado Libre
MLM6133203060,MONECL070,Display Monitor Touch 10.1  (ec-nexxt-2nd-touch). Marca Ec L,Monitores de computadoras,https://static.ctonline.mx/imagenes/MONECL070/MONECL070_800.jpg,800x800 px,Fondo blanco puro verificado,Reactivación Automática Mercado Libre
MLM6133203068,MONTSN060,"Monitor Touchscreen Marca Elotouch De 19  Lcd 1915l Tft, Pan",Monitores de computadoras,https://static.ctonline.mx/imagenes/MONTSN060/MONTSN060_800.jpg,800x800 px,Fondo blanco puro verificado,Reactivación Automática Mercado Libre
MLM6133203112,MONBNQ1470,Monitor Benq Gw2490t. 9h.lmjlj.lbl Led De 23.8 . Wide Screen,Monitores de computadoras,https://static.ctonline.mx/imagenes/MONBNQ1470/MONBNQ1470_800.jpg,800x800 px,Fondo blanco puro verificado,Reactivación Automática Mercado Libre
MLM6133203172,ACCPVS900,Decodificador De Video Provision Isr Dec-0104n(1u) 4 Salidas,Monitores de computadoras,https://static.ctonline.mx/imagenes/ACCPVS900/ACCPVS900_800.jpg,800x800 px,Fondo blanco puro verificado,Reactivación Automática Mercado Libre
MLM6133203240,MONQIA200,"Monitor Qian 19.5  Led Hd Qm191704, Resolución Máxima 1600x9",Monitores de computadoras,https://static.ctonline.mx/imagenes/MONQIA200/MONQIA200_800.jpg,800x800 px,Fondo blanco puro verificado,Reactivación Automática Mercado Libre
MLM6133203244,MONSTY210,Monitor 23.8 165hz Xzeal Vi Xzmx351b. Monitor Gamer Pantalla,Monitores de computadoras,https://static.ctonline.mx/imagenes/MONSTY210/MONSTY210_800.jpg,800x800 px,Fondo blanco puro verificado,Reactivación Automática Mercado Libre
MLM6133203322,MONLGE3600,"Monitor Video Wall LG  55  55vl5pj, Tecnología Del Panel Ips",Monitores de computadoras,https://static.ctonline.mx/imagenes/MONLGE3600/MONLGE3600_800.jpg,800x800 px,Fondo blanco puro verificado,Reactivación Automática Mercado Libre
MLM6133203324,LFDSMG1320,"Monitor Profesional Samsung Flip 3.0, Wm85a, Touch, 85 , Lh8",Monitores de computadoras,https://static.ctonline.mx/imagenes/LFDSMG1320/LFDSMG1320_800.jpg,800x800 px,Fondo blanco puro verificado,Reactivación Automática Mercado Libre
MLM6133203354,MONNTE040,Monitor Nextep Ne-722 21.5 Pulgadas Fhd Resolucion 1920x1080,Monitores de computadoras,https://static.ctonline.mx/imagenes/MONNTE040/MONNTE040_800.jpg,800x800 px,Fondo blanco puro verificado,Reactivación Automática Mercado Libre
MLM6133203356,MONNCB100,Monitor Curvo Naceb  R1500 Wqhd 34  165hz Hdmi+dp Na-0645,Monitores de computadoras,https://static.ctonline.mx/imagenes/MONNCB100/MONNCB100_800.jpg,800x800 px,Fondo blanco puro verificado,Reactivación Automática Mercado Libre
MLM6133203446,MONHYU090,Monitor Curvo De 34   3440*1440 Led A 300 Nits Hyundai Model,Monitores de computadoras,https://static.ctonline.mx/imagenes/MONHYU090/MONHYU090_800.jpg,800x800 px,Fondo blanco puro verificado,Reactivación Automática Mercado Libre
MLM6133203530,MONHOS010,Monitor Touch 18.5  Fhd Hostech Ht-400,Monitores de computadoras,https://static.ctonline.mx/imagenes/MONHOS010/MONHOS010_800.jpg,800x800 px,Fondo blanco puro verificado,Reactivación Automática Mercado Libre
MLM6133203580,MONECL080,Display Monitor 10.1  (ec-nexxt-2nd). Marca Ec Line. Para Te,Monitores de computadoras,https://static.ctonline.mx/imagenes/MONECL080/MONECL080_800.jpg,800x800 px,Fondo blanco puro verificado,Reactivación Automática Mercado Libre
MLM6133203630,ACCACT4450,Barra De Luz Monitor Luminate Shade Bl460 Acteck Barra De Lu,Monitores de computadoras,https://static.ctonline.mx/imagenes/ACCACT4450/ACCACT4450_800.jpg,800x800 px,Fondo blanco puro verificado,Reactivación Automática Mercado Libre
MLM6133203694,MONACT020,"Monitor Led Captive Vivid Sp215  Acteck Panel De 21.5  Ips,",Monitores de computadoras,https://static.ctonline.mx/imagenes/MONACT020/MONACT020_800.jpg,800x800 px,Fondo blanco puro verificado,Reactivación Automática Mercado Libre
MLM6133203702,MONNTE050,Monitor Nextep Curvo Ne-723c Fhd 23.8 Resolución 1920x1080 P,Monitores de computadoras,https://static.ctonline.mx/imagenes/MONNTE050/MONNTE050_800.jpg,800x800 px,Fondo blanco puro verificado,Reactivación Automática Mercado Libre
MLM6133203716,MONQIA250,Monitor Officemate 19'' Led 75 Hz 5 Ms Qian Modelo Qmf-ref19,Monitores de computadoras,https://static.ctonline.mx/imagenes/MONQIA250/MONQIA250_800.jpg,800x800 px,Fondo blanco puro verificado,Reactivación Automática Mercado Libre
MLM6133203718,MONTSN380,"Monitor Touchscreen Marca Elotouch De 17  Lcd, 1715l Intelli",Monitores de computadoras,https://static.ctonline.mx/imagenes/MONTSN380/MONTSN380_800.jpg,800x800 px,Fondo blanco puro verificado,Reactivación Automática Mercado Libre
MLM6133203744,MONSTY150,Monitor 19 Stylos Stpmot3b. Display Led De 19 . Resolución H,Monitores de computadoras,https://static.ctonline.mx/imagenes/MONSTY150/MONSTY150_800.jpg,800x800 px,Fondo blanco puro verificado,Reactivación Automática Mercado Libre
MLM6133203748,LFDSMG1410,Monitor Profesional Samsung Qm75c; Modelo Lh75qmcebgcxgo; Ta,Monitores de computadoras,https://static.ctonline.mx/imagenes/LFDSMG1410/LFDSMG1410_800.jpg,800x800 px,Fondo blanco puro verificado,Reactivación Automática Mercado Libre
MLM6133203764,LFDSMG1140,Monitor Profesional Qb65b; Modelo Lh65qbbebgcxgo; Tamaño Dia,Monitores de computadoras,https://static.ctonline.mx/imagenes/LFDSMG1140/LFDSMG1140_800.jpg,800x800 px,Fondo blanco puro verificado,Reactivación Automática Mercado Libre
MLM6133203780,MONSTY410,Monitor Xzeal 27  Xzeal Xsmo278b 1 Panel Plano Va Fhd 100hz,Monitores de computadoras,https://static.ctonline.mx/imagenes/MONSTY410/MONSTY410_800.jpg,800x800 px,Fondo blanco puro verificado,Reactivación Automática Mercado Libre
MLM6133203842,MONHPI820,"Monitor Hp Serie 3 Pro 23.8 Fhd - 324pv, 23.8 (9u5c1aa#aba",Monitores de computadoras,https://static.ctonline.mx/imagenes/MONHPI820/MONHPI820_800.jpg,800x800 px,Fondo blanco puro verificado,Reactivación Automática Mercado Libre
MLM6133203876,LFDSMG1300,Monitor Profesional Kiosco Km24a; Modelo Lh24kmc3bgcxza; Tam,Monitores de computadoras,https://static.ctonline.mx/imagenes/LFDSMG1300/LFDSMG1300_800.jpg,800x800 px,Fondo blanco puro verificado,Reactivación Automática Mercado Libre
MLM6133203878,MONNCB110,"Monitor Fhd 23.8 (na-0653), Monitor Fhd 23.8  100hz Ips Hdmi",Monitores de computadoras,https://static.ctonline.mx/imagenes/MONNCB110/MONNCB110_800.jpg,800x800 px,Fondo blanco puro verificado,Reactivación Automática Mercado Libre
MLM6133203896,ACCKSA100,Oxímetro De Pulso Monitor Sanguíneo Modelo Lk87,Monitores de computadoras,https://static.ctonline.mx/imagenes/ACCKSA100/ACCKSA100_800.jpg,800x800 px,Fondo blanco puro verificado,Reactivación Automática Mercado Libre
MLM6133203954,MONBLR410,Monitor Gaming Plano 27  100hz: Nebula Mng27y Balam Rush Fre,Monitores de computadoras,https://static.ctonline.mx/imagenes/MONBLR410/MONBLR410_800.jpg,800x800 px,Fondo blanco puro verificado,Reactivación Automática Mercado Libre
MLM6133203958,MONBNQ1150,Monitor Benq Gw2283. 9h.lhlla.tbl. Led De 21.5 . Wide Screen,Monitores de computadoras,https://static.ctonline.mx/imagenes/MONBNQ1150/MONBNQ1150_800.jpg,800x800 px,Fondo blanco puro verificado,Reactivación Automática Mercado Libre
MLM6133204018,ACCCYP450,Pdu Pdu24001 Voltaje 100 - 120 Monitoreo Local En Tiempo Rea,Monitores de computadoras,https://static.ctonline.mx/imagenes/ACCCYP450/ACCCYP450_800.jpg,800x800 px,Fondo blanco puro verificado,Reactivación Automática Mercado Libre
MLM6133204040,MONYEY210,Monitor Curvo De 34''yeyian Modelo: Ymc-ip434-p2 Resolución,Monitores de computadoras,https://static.ctonline.mx/imagenes/MONYEY210/MONYEY210_800.jpg,800x800 px,Fondo blanco puro verificado,Reactivación Automática Mercado Libre
MLM6133204064,ACCHKV1040,Monitor 7  Con Comunicación Manos Libres (800 X 400) (ds-kh2,Monitores de computadoras,https://static.ctonline.mx/imagenes/ACCHKV1040/ACCHKV1040_800.jpg,800x800 px,Fondo blanco puro verificado,Reactivación Automática Mercado Libre
MLM6133204084,MONNNN070,"Monitor Gaming Blanco Necnon Modelo Nmg-27c1 27  Curvo, 165h",Monitores de computadoras,https://static.ctonline.mx/imagenes/MONNNN070/MONNNN070_800.jpg,800x800 px,Fondo blanco puro verificado,Reactivación Automática Mercado Libre
MLM6133204110,MONNNN120,"Monitor Gaming Negro Necnon Modelo Nmg-32c2 32 , Curvo 240hz",Monitores de computadoras,https://static.ctonline.mx/imagenes/MONNNN120/MONNNN120_800.jpg,800x800 px,Fondo blanco puro verificado,Reactivación Automática Mercado Libre
MLM6133204124,MONBLR460,Monitor Portatil 15.6  Nomad Nm15d Balam Rush  Monitor Porta,Monitores de computadoras,https://static.ctonline.mx/imagenes/MONBLR460/MONBLR460_800.jpg,800x800 px,Fondo blanco puro verificado,Reactivación Automática Mercado Libre
MLM6133204126,MONQIA230,"Monitor Prolite 22'' Qian Modelo: Qmf-vaf22-02, Ofrece Una F",Monitores de computadoras,https://static.ctonline.mx/imagenes/MONQIA230/MONQIA230_800.jpg,800x800 px,Fondo blanco puro verificado,Reactivación Automática Mercado Libre
MLM6133204146,MONLNX130,Monitor Lanix Lx270 12295. 27 . Full Hd. Mejore Su Visión Y,Monitores de computadoras,https://static.ctonline.mx/imagenes/MONLNX130/MONLNX130_800.jpg,800x800 px,Fondo blanco puro verificado,Reactivación Automática Mercado Libre
MLM6133204154,MONLGE3330,"Monitor Profesional 55  LG 55uh5q. Resolución 3840x2160 Uhd,",Monitores de computadoras,https://static.ctonline.mx/imagenes/MONLGE3330/MONLGE3330_800.jpg,800x800 px,Fondo blanco puro verificado,Reactivación Automática Mercado Libre
MLM6133204162,ACCKNS1460,Filtro De Privacidad Kensington Para Monitores Panorámicos 2,Monitores de computadoras,https://static.ctonline.mx/imagenes/ACCKNS1460/ACCKNS1460_800.jpg,800x800 px,Fondo blanco puro verificado,Reactivación Automática Mercado Libre
MLM6133204210,MONLGE3610,"Monitor Profesional 86  LG 86bh5f. Resolución 3840x600 Uhd,",Monitores de computadoras,https://static.ctonline.mx/imagenes/MONLGE3610/MONLGE3610_800.jpg,800x800 px,Fondo blanco puro verificado,Reactivación Automática Mercado Libre
MLM6133204248,MONLNX120,Monitor Lanix Lx215 12294. 21.5 . Full Hd. Mejore Su Visión,Monitores de computadoras,https://static.ctonline.mx/imagenes/MONLNX120/MONLNX120_800.jpg,800x800 px,Fondo blanco puro verificado,Reactivación Automática Mercado Libre
MLM6133204250,MONACT050,"Monitor Captive Brite Sb195 Acteck Panel De 19.5  Tn, Resolu",Monitores de computadoras,https://static.ctonline.mx/imagenes/MONACT050/MONACT050_800.jpg,800x800 px,Fondo blanco puro verificado,Reactivación Automática Mercado Libre
MLM6133204342,MONSTY280,"Monitor Gaming Xzeal Xst-590, Display 27 , Utilizado En Lla.",Monitores de computadoras,https://static.ctonline.mx/imagenes/MONSTY280/MONSTY280_800.jpg,800x800 px,Fondo blanco puro verificado,Reactivación Automática Mercado Libre
MLM6133204360,MONDAH230,Monitor Vto Ip Touch 7  Dhi-vth2621g-p Monitor Ip Táctil De,Monitores de computadoras,https://static.ctonline.mx/imagenes/MONDAH230/MONDAH230_800.jpg,800x800 px,Fondo blanco puro verificado,Reactivación Automática Mercado Libre
MLM6133204376,MONNNN140,"Monitor Gaming Negro Necnon Modelo Nmg-30u2 29.5 , Curvo Ult",Monitores de computadoras,https://static.ctonline.mx/imagenes/MONNNN140/MONNNN140_800.jpg,800x800 px,Fondo blanco puro verificado,Reactivación Automática Mercado Libre
MLM6133204388,MONHYU050,Monitor Plano De 21.45  1920*1080 Led A 250 Nits Hyundai Mod,Monitores de computadoras,https://static.ctonline.mx/imagenes/MONHYU050/MONHYU050_800.jpg,800x800 px,Fondo blanco puro verificado,Reactivación Automática Mercado Libre
MLM6133204410,MONLGE2900,"Monitor LG 32  32mr50c-b.awmq, Monitor Curvo De 31.5 Full H",Monitores de computadoras,https://static.ctonline.mx/imagenes/MONLGE2900/MONLGE2900_800.jpg,800x800 px,Fondo blanco puro verificado,Reactivación Automática Mercado Libre
MLM6133204510,MONHKV040,Monitor Ip Wifi (1024 X 600) (ds-kh6320-wte1) / Touch Screen,Monitores de computadoras,https://static.ctonline.mx/imagenes/MONHKV040/MONHKV040_800.jpg,800x800 px,Fondo blanco puro verificado,Reactivación Automática Mercado Libre
MLM6133204620,SWTHKV340,"Switch Gigabit Poe+ Monitoreable Hikvision Ds-3e1518p-ei/m,",Monitores de computadoras,https://static.ctonline.mx/imagenes/SWTHKV340/SWTHKV340_800.jpg,800x800 px,Fondo blanco puro verificado,Reactivación Automática Mercado Libre
MLM6133204682,MONNTE030,Monitor Nextep Ne-720 19.5 Pulgadas Hd Resolucion 1600x900 P,Monitores de computadoras,https://static.ctonline.mx/imagenes/MONNTE030/MONNTE030_800.jpg,800x800 px,Fondo blanco puro verificado,Reactivación Automática Mercado Libre
MLM6133204684,MONVGO250,"Monitor Vorago Game Factor Mg802 Led, Curvo, 180 Hz, 34 , 1m",Monitores de computadoras,https://static.ctonline.mx/imagenes/MONVGO250/MONVGO250_800.jpg,800x800 px,Fondo blanco puro verificado,Reactivación Automática Mercado Libre
MLM6133204728,MONACR1740,Monitor Marca Acer Modelo Ek221q Hbi No. Parte Um.we1aa.h01,Monitores de computadoras,https://static.ctonline.mx/imagenes/MONACR1740/MONACR1740_800.jpg,800x800 px,Fondo blanco puro verificado,Reactivación Automática Mercado Libre
MLM6133204740,RELLEN9180,Lenovo Extensión De Garantia 5y Centro De Servicio Para  Mon,Monitores de computadoras,https://static.ctonline.mx/imagenes/RELLEN9180/RELLEN9180_800.jpg,800x800 px,Fondo blanco puro verificado,Reactivación Automática Mercado Libre
MLM6133204802,MONLGE3140,Monitor Led Marca LG 27 27ba750-b 23.8'' Ips Fhd 100hz ;reso,Monitores de computadoras,https://static.ctonline.mx/imagenes/MONLGE3140/MONLGE3140_800.jpg,800x800 px,Fondo blanco puro verificado,Reactivación Automática Mercado Libre
MLM6133204870,MONLGE3620,"Monitor Marca LG 34  34u601b-b.awmq  Resolución 3440 X 1440,",Monitores de computadoras,https://static.ctonline.mx/imagenes/MONLGE3620/MONLGE3620_800.jpg,800x800 px,Fondo blanco puro verificado,Reactivación Automática Mercado Libre
MLM6133204896,MONSMG1950,"Monitor Gaming Odyssey 27  Curvo, G5, G55c, Qhd; Modelo Ls27",Monitores de computadoras,https://static.ctonline.mx/imagenes/MONSMG1950/MONSMG1950_800.jpg,800x800 px,Fondo blanco puro verificado,Reactivación Automática Mercado Libre
MLM6133204902,ACCRBT2930,"Convertidor De Pc A Tv Con Alimentacion Via Usb(002084), Bro",Monitores de computadoras,https://static.ctonline.mx/imagenes/ACCRBT2930/ACCRBT2930_800.jpg,800x800 px,Fondo blanco puro verificado,Reactivación Automática Mercado Libre
MLM6133204964,MONLGE3360,"Monitor Profesional LG 75  75ul5q, Tamaño De Pantalla 75 , R",Monitores de computadoras,https://static.ctonline.mx/imagenes/MONLGE3360/MONLGE3360_800.jpg,800x800 px,Fondo blanco puro verificado,Reactivación Automática Mercado Libre
MLM6133204994,LFDSMG1230,"Monitor Profesional Qb55b, Modelo Lh55qbbebgcxgo, 55 Pulgada",Monitores de computadoras,https://static.ctonline.mx/imagenes/LFDSMG1230/LFDSMG1230_800.jpg,800x800 px,Fondo blanco puro verificado,Reactivación Automática Mercado Libre
MLM6133205006,MONLEN1480,"Monitor Lenovo Thinkvision T27-40 64a5mar6la, 27 Pulgadas Fh",Monitores de computadoras,https://static.ctonline.mx/imagenes/MONLEN1480/MONLEN1480_800.jpg,800x800 px,Fondo blanco puro verificado,Reactivación Automática Mercado Libre
MLM6133205020,MONLGE3570,"Monitor Marca LG 34  Modelo, 34sr60qc-b , Monitor LG Smart 3",Monitores de computadoras,https://static.ctonline.mx/imagenes/MONLGE3570/MONLGE3570_800.jpg,800x800 px,Fondo blanco puro verificado,Reactivación Automática Mercado Libre
MLM6133205036,MONBLR340,Monitor Curvo Gaming 23.8   180hz Andromeda Mag24y  Panel Va,Monitores de computadoras,https://static.ctonline.mx/imagenes/MONBLR340/MONBLR340_800.jpg,800x800 px,Fondo blanco puro verificado,Reactivación Automática Mercado Libre
MLM6133205048,MONYEY230,"Monitor Gamer Yeyian Elysium 27'' Modelo Ymf-ipf27-m1, Resol",Monitores de computadoras,https://static.ctonline.mx/imagenes/MONYEY230/MONYEY230_800.jpg,800x800 px,Fondo blanco puro verificado,Reactivación Automática Mercado Libre
MLM6133205082,MONLGE3430,Monitor LG Createboard 75  LG 75tr3dq. Monitor Createboard L,Monitores de computadoras,https://static.ctonline.mx/imagenes/MONLGE3430/MONLGE3430_800.jpg,800x800 px,Fondo blanco puro verificado,Reactivación Automática Mercado Libre
MLM6133205090,MONBLR120,Monitor Gaming 27  Curvo 165hz Ultra Earth Ii Mgx27c Balam R,Monitores de computadoras,https://static.ctonline.mx/imagenes/MONBLR120/MONBLR120_800.jpg,800x800 px,Fondo blanco puro verificado,Reactivación Automática Mercado Libre
MLM6133205126,ACCITL7620,190305 Docking Station Usb-c 12 En 1 Con Triple Monitor 4k:,Monitores de computadoras,https://static.ctonline.mx/imagenes/ACCITL7620/ACCITL7620_800.jpg,800x800 px,Fondo blanco puro verificado,Reactivación Automática Mercado Libre
MLM6133205138,SWTHKV400,"Switch Gigabit Poe+ Monitoreable Hikvision Ds-3e1505p-ei/m,",Monitores de computadoras,https://static.ctonline.mx/imagenes/SWTHKV400/SWTHKV400_800.jpg,800x800 px,Fondo blanco puro verificado,Reactivación Automática Mercado Libre
MLM6133205304,MONQIA220,"Monitor Qian Modelo Qmf-ipf27-01, Pantalla Ips De 27 Pulgada",Monitores de computadoras,https://static.ctonline.mx/imagenes/MONQIA220/MONQIA220_800.jpg,800x800 px,Fondo blanco puro verificado,Reactivación Automática Mercado Libre
MLM6133205348,MONQIA240,"Monitor Flexiview Qian Modelo: Qmf-vaf24-01,  Ofrece Una Fre",Monitores de computadoras,https://static.ctonline.mx/imagenes/MONQIA240/MONQIA240_800.jpg,800x800 px,Fondo blanco puro verificado,Reactivación Automática Mercado Libre
MLM6133205444,MONBNQ1550,Monitor Benq Zowie Xl2546x 9h.llrlb.qba. Para Esports De 24.,Monitores de computadoras,https://static.ctonline.mx/imagenes/MONBNQ1550/MONBNQ1550_800.jpg,800x800 px,Fondo blanco puro verificado,Reactivación Automática Mercado Libre
MLM6133205556,ACCMST4640,Smartwatch Con Pantalla Amoled Amber Pc-270164 Mantente Cone,Monitores de computadoras,https://static.ctonline.mx/imagenes/ACCMST4640/ACCMST4640_800.jpg,800x800 px,Fondo blanco puro verificado,Reactivación Automática Mercado Libre
MLM6133205560,ACCCDP310,"Tarjeta Interna De Monitoreo Modelo Uposnmp-tx-web Pro Card,",Monitores de computadoras,https://static.ctonline.mx/imagenes/ACCCDP310/ACCCDP310_800.jpg,800x800 px,Fondo blanco puro verificado,Reactivación Automática Mercado Libre
MLM6133205576,ACCACT4440,Barra De Luz Monitor Luminate Top Bl465 Acteck Barra De Luz,Monitores de computadoras,https://static.ctonline.mx/imagenes/ACCACT4440/ACCACT4440_800.jpg,800x800 px,Fondo blanco puro verificado,Reactivación Automática Mercado Libre
MLM6133205630,MONLGE3170,"Monitor Video Wall 49  LG 49vl5pj. Tecnología Del Panel Ips,",Monitores de computadoras,https://static.ctonline.mx/imagenes/MONLGE3170/MONLGE3170_800.jpg,800x800 px,Fondo blanco puro verificado,Reactivación Automática Mercado Libre
MLM6133205668,ACCLCS060,"Charola Laces Modelo La900chtd Deslizable Para Monitor, 19 ,",Monitores de computadoras,https://static.ctonline.mx/imagenes/ACCLCS060/ACCLCS060_800.jpg,800x800 px,Fondo blanco puro verificado,Reactivación Automática Mercado Libre
MLM6133366118,MONBLR060,Monitor Gaming 23.8 144hz Ultraodissey Mtx24g Balam Rush Tec,Monitores de computadoras,https://static.ctonline.mx/imagenes/MONBLR060/MONBLR060_800.jpg,800x800 px,Fondo blanco puro verificado,Reactivación Automática Mercado Libre
MLM6133366138,MONACT120,"Monitor Captive Vivid Ii Sp270 Acteck Panel De 27 , Resoluci",Monitores de computadoras,https://static.ctonline.mx/imagenes/MONACT120/MONACT120_800.jpg,800x800 px,Fondo blanco puro verificado,Reactivación Automática Mercado Libre
MLM6133366326,MONBLR350,"Monitor Gaming 23.8   180hz Titan Mtg24y  Panel Va, 23.8'' P",Monitores de computadoras,https://static.ctonline.mx/imagenes/MONBLR350/MONBLR350_800.jpg,800x800 px,Fondo blanco puro verificado,Reactivación Automática Mercado Libre
MLM6133366330,MONNNN090,"Monitor Gaming Blanco Necnon Modelo Nmg-274fr 27 , Giratorio",Monitores de computadoras,https://static.ctonline.mx/imagenes/MONNNN090/MONNNN090_800.jpg,800x800 px,Fondo blanco puro verificado,Reactivación Automática Mercado Libre
MLM6133366350,ACCKNS1950,Pantalla De Privacidad Para Monitores De 19.5  16:9 K52110ww,Monitores de computadoras,https://static.ctonline.mx/imagenes/ACCKNS1950/ACCKNS1950_800.jpg,800x800 px,Fondo blanco puro verificado,Reactivación Automática Mercado Libre
MLM6133366378,MONNNN110,"Monitor Gaming Blanco Necnon Modelo Nmg-32c1 32 , Curvo 165h",Monitores de computadoras,https://static.ctonline.mx/imagenes/MONNNN110/MONNNN110_800.jpg,800x800 px,Fondo blanco puro verificado,Reactivación Automática Mercado Libre
MLM6133366382,MONHSE010,"Monitor Punto De Venta Hisense ( Md15vc ), Pantalla Táctil 1",Monitores de computadoras,https://static.ctonline.mx/imagenes/MONHSE010/MONHSE010_800.jpg,800x800 px,Fondo blanco puro verificado,Reactivación Automática Mercado Libre
MLM6133366396,MONLGE3590,"Monitor Marca LG 27  27u411a-b Ips Fhd,  Resolución 1920 X 1",Monitores de computadoras,https://static.ctonline.mx/imagenes/MONLGE3590/MONLGE3590_800.jpg,800x800 px,Fondo blanco puro verificado,Reactivación Automática Mercado Libre
MLM6133366404,MONBNQ1310,Monitor Benq Pd3205u. 9h.lkgla.tba. Led De 31.5 . Wide Scree,Monitores de computadoras,https://static.ctonline.mx/imagenes/MONBNQ1310/MONBNQ1310_800.jpg,800x800 px,Fondo blanco puro verificado,Reactivación Automática Mercado Libre
MLM6133366412,MONDAT040,Monitor Gaming Xpg 24  120hz Rift R24f2. Resolución: 1920 ×,Monitores de computadoras,https://static.ctonline.mx/imagenes/MONDAT040/MONDAT040_800.jpg,800x800 px,Fondo blanco puro verificado,Reactivación Automática Mercado Libre
MLM6133366416,MONNNN040,"Monitor Gaming Negro Necnon Modelo Nmg-24fr 24 , Giratorio 1",Monitores de computadoras,https://static.ctonline.mx/imagenes/MONNNN040/MONNNN040_800.jpg,800x800 px,Fondo blanco puro verificado,Reactivación Automática Mercado Libre
MLM6133366428,MONBNQ1730,Monitor Benq Ma270up De 27 4k Uhd Con Panel Ips Optimizado,Monitores de computadoras,https://static.ctonline.mx/imagenes/MONBNQ1730/MONBNQ1730_800.jpg,800x800 px,Fondo blanco puro verificado,Reactivación Automática Mercado Libre
MLM6133366492,ACCKNS2110,Pantalla De Privacidad Para Monitor De 34  (21:9) Fp340uw/k5,Monitores de computadoras,https://static.ctonline.mx/imagenes/ACCKNS2110/ACCKNS2110_800.jpg,800x800 px,Fondo blanco puro verificado,Reactivación Automática Mercado Libre
MLM6133366582,MONTSN240,"Monitor Touchscreen Marca Elotouch De 15  Lcd, 1517l, Tamaño",Monitores de computadoras,https://static.ctonline.mx/imagenes/MONTSN240/MONTSN240_800.jpg,800x800 px,Fondo blanco puro verificado,Reactivación Automática Mercado Libre
MLM6133366584,ACCBLR030,Tira De Led Gaming Rgb Strip Slx10 Balam Rush Ideal Para Mon,Monitores de computadoras,https://static.ctonline.mx/imagenes/ACCBLR030/ACCBLR030_800.jpg,800x800 px,Fondo blanco puro verificado,Reactivación Automática Mercado Libre
MLM6133366596,MONLEN1300,"Monitor Thinkvision T24v-30, 63d8mar3la, Pantalla Ips Fhd De",Monitores de computadoras,https://static.ctonline.mx/imagenes/MONLEN1300/MONLEN1300_800.jpg,800x800 px,Fondo blanco puro verificado,Reactivación Automática Mercado Libre
MLM6133366656,MONECL040,Monitor Touch Screen. Ec Line. 1538. (ec-ts-1538).led-lcd. T,Monitores de computadoras,https://static.ctonline.mx/imagenes/MONECL040/MONECL040_800.jpg,800x800 px,Fondo blanco puro verificado,Reactivación Automática Mercado Libre
MLM6133366684,MONBLR380,Monitor Gaming Plano 27  180hz: Titán Mtg27y Balam Rush Free,Monitores de computadoras,https://static.ctonline.mx/imagenes/MONBLR380/MONBLR380_800.jpg,800x800 px,Fondo blanco puro verificado,Reactivación Automática Mercado Libre
MLM6133366742,ACCTRG3240,"Pantalla De Privacidad 4vu Para Monitores Panorámicos De 23,",Monitores de computadoras,https://static.ctonline.mx/imagenes/ACCTRG3240/ACCTRG3240_800.jpg,800x800 px,Fondo blanco puro verificado,Reactivación Automática Mercado Libre
MLM6133366766,MONLGE3030,Monitor LG 27  27us500 Ips 4k Uhd Ultrafineresolución 3840,Monitores de computadoras,https://static.ctonline.mx/imagenes/MONLGE3030/MONLGE3030_800.jpg,800x800 px,Fondo blanco puro verificado,Reactivación Automática Mercado Libre
MLM6133366784,MONBLR040,Monitor Curvo Gaming 27  165hz Ultraearth Mtx27c Balam Rush,Monitores de computadoras,https://static.ctonline.mx/imagenes/MONBLR040/MONBLR040_800.jpg,800x800 px,Fondo blanco puro verificado,Reactivación Automática Mercado Libre
MLM6133366810,MONBNQ1500,Monitor Benq. Ma320u. 9h.lmxlb.qba. Monitor Para Mac 31.5  R,Monitores de computadoras,https://static.ctonline.mx/imagenes/MONBNQ1500/MONBNQ1500_800.jpg,800x800 px,Fondo blanco puro verificado,Reactivación Automática Mercado Libre
MLM6133366846,MONYEY190,"Monitor Gamer Yeyian Avance Serie 25'' Modelo Ymf-vaf25-g1,",Monitores de computadoras,https://static.ctonline.mx/imagenes/MONYEY190/MONYEY190_800.jpg,800x800 px,Fondo blanco puro verificado,Reactivación Automática Mercado Libre
MLM6133366866,ACCCYP480,Pdu Pdu41004 Voltaje 100 - 240 Conmutación Y Monitoreo Local,Monitores de computadoras,https://static.ctonline.mx/imagenes/ACCCYP480/ACCCYP480_800.jpg,800x800 px,Fondo blanco puro verificado,Reactivación Automática Mercado Libre
MLM6133366882,ACCECL230,Display Monitor 15  (ec-vp-15in2ndstand). Marca Ec Line. Par,Monitores de computadoras,https://static.ctonline.mx/imagenes/ACCECL230/ACCECL230_800.jpg,800x800 px,Fondo blanco puro verificado,Reactivación Automática Mercado Libre
MLM6133366934,ESTHKV010,Estación Mobiliaria Profesional De Monitoreo Y Control (em-s,Monitores de computadoras,https://static.ctonline.mx/imagenes/ESTHKV010/ESTHKV010_800.jpg,800x800 px,Fondo blanco puro verificado,Reactivación Automática Mercado Libre
MLM6133366980,MONSTY450,Monitor Hostech 19.5  Ht-600 Htpmot1b Panel Plano Led Hd 75h,Monitores de computadoras,https://static.ctonline.mx/imagenes/MONSTY450/MONSTY450_800.jpg,800x800 px,Fondo blanco puro verificado,Reactivación Automática Mercado Libre
MLM6133367100,MONTSN800,"Monitor Touchscreen Marca Elotouch De 22  Lcd, 2270l  Pcap,",Monitores de computadoras,https://static.ctonline.mx/imagenes/MONTSN800/MONTSN800_800.jpg,800x800 px,Fondo blanco puro verificado,Reactivación Automática Mercado Libre
MLM6133367118,MONBLR300,Monitor Gaming 32  165hz Ultra Explorer Mxt32p Balam Rush  F,Monitores de computadoras,https://static.ctonline.mx/imagenes/MONBLR300/MONBLR300_800.jpg,800x800 px,Fondo blanco puro verificado,Reactivación Automática Mercado Libre
MLM6133367136,MONNCB020,Monitor Marca Naceb Modelo Na-628 Tamaño 21.5 Pulgadas Resol,Monitores de computadoras,https://static.ctonline.mx/imagenes/MONNCB020/MONNCB020_800.jpg,800x800 px,Fondo blanco puro verificado,Reactivación Automática Mercado Libre
MLM6133367144,ACCKNS2050,Pantalla De Privacidad Para Monitores De 13.3  16:10 K52118w,Monitores de computadoras,https://static.ctonline.mx/imagenes/ACCKNS2050/ACCKNS2050_800.jpg,800x800 px,Fondo blanco puro verificado,Reactivación Automática Mercado Libre
MLM6133367186,BOCCRT130,Creative Stage S Barra De Sonido Para Debajo Del Monitor Con,Monitores de computadoras,https://static.ctonline.mx/imagenes/BOCCRT130/BOCCRT130_800.jpg,800x800 px,Fondo blanco puro verificado,Reactivación Automática Mercado Libre
MLM6133367204,MONLGE3630,Monitor LG Createboard 86  LG 86tr3dq. Monitor Createboard L,Monitores de computadoras,https://static.ctonline.mx/imagenes/MONLGE3630/MONLGE3630_800.jpg,800x800 px,Fondo blanco puro verificado,Reactivación Automática Mercado Libre
MLM6133367206,MONTSN680,"Monitor Touchscreen Marca Elotouch De 22  Lcd, 2202l  Pcap,",Monitores de computadoras,https://static.ctonline.mx/imagenes/MONTSN680/MONTSN680_800.jpg,800x800 px,Fondo blanco puro verificado,Reactivación Automática Mercado Libre
MLM6133367220,ACCECL270,Display 10.1  Monitor Touch (ec-vp-1100-2nd). Marca Ec Line.,Monitores de computadoras,https://static.ctonline.mx/imagenes/ACCECL270/ACCECL270_800.jpg,800x800 px,Fondo blanco puro verificado,Reactivación Automática Mercado Libre
MLM6133367290,MONBLR360,"Monitor Gaming 23.8   100hz Nebula Mng24y  Panel Ips, 23.8''",Monitores de computadoras,https://static.ctonline.mx/imagenes/MONBLR360/MONBLR360_800.jpg,800x800 px,Fondo blanco puro verificado,Reactivación Automática Mercado Libre
MLM6133367350,ACCKNS2170,Pantalla De Privacidad Para Monitor De 27  (16:9) K58359ww K,Monitores de computadoras,https://static.ctonline.mx/imagenes/ACCKNS2170/ACCKNS2170_800.jpg,800x800 px,Fondo blanco puro verificado,Reactivación Automática Mercado Libre
MLM6133367456,MONLGE3710,"Monitor Marca LG  24  24u411b-b, Ips  Resolución 1920 X 1080",Monitores de computadoras,https://static.ctonline.mx/imagenes/MONLGE3710/MONLGE3710_800.jpg,800x800 px,Fondo blanco puro verificado,Reactivación Automática Mercado Libre
MLM6133367528,MONTSN750,"Monitor Touchscreen Marca Elotouch De 17  Lcd, 1717l Intelli",Monitores de computadoras,https://static.ctonline.mx/imagenes/MONTSN750/MONTSN750_800.jpg,800x800 px,Fondo blanco puro verificado,Reactivación Automática Mercado Libre
MLM6133367530,MONECL060,Monitor Touch Screen. Ec Line 1238. (ec-ts-1238). Pantalla:,Monitores de computadoras,https://static.ctonline.mx/imagenes/MONECL060/MONECL060_800.jpg,800x800 px,Fondo blanco puro verificado,Reactivación Automática Mercado Libre
MLM6133367626,MONBNQ1630,Monitor Benq Gw2486tc. 9h.lmllb.qbl. Led De 23.8 . Wide Scre,Monitores de computadoras,https://static.ctonline.mx/imagenes/MONBNQ1630/MONBNQ1630_800.jpg,800x800 px,Fondo blanco puro verificado,Reactivación Automática Mercado Libre
MLM6133367652,MONBNQ1720,Monitor Gw2790c De Benq Es Un Monitor De 27 Resolución 1920,Monitores de computadoras,https://static.ctonline.mx/imagenes/MONBNQ1720/MONBNQ1720_800.jpg,800x800 px,Fondo blanco puro verificado,Reactivación Automática Mercado Libre
MLM6133367742,MONBLR230,"Monitor Gaming 34  Curvo 165hz Extreme Earth Pro, Mgp34c Bal",Monitores de computadoras,https://static.ctonline.mx/imagenes/MONBLR230/MONBLR230_800.jpg,800x800 px,Fondo blanco puro verificado,Reactivación Automática Mercado Libre
MLM6133367748,MONBNQ1710,Monitor Gw2491c De Benq Es Un Monitor De 23.8 Resolución 19,Monitores de computadoras,https://static.ctonline.mx/imagenes/MONBNQ1710/MONBNQ1710_800.jpg,800x800 px,Fondo blanco puro verificado,Reactivación Automática Mercado Libre
MLM6133367758,MONVGO240,"Monitor Gaming Game Factor Mg601 24.5 . Led, 240hz, Freesync",Monitores de computadoras,https://static.ctonline.mx/imagenes/MONVGO240/MONVGO240_800.jpg,800x800 px,Fondo blanco puro verificado,Reactivación Automática Mercado Libre
MLM6133367766,MONLGE3410,Monitor LG Createboard 55  LG 55tr3dq. Monitor Createboard L,Monitores de computadoras,https://static.ctonline.mx/imagenes/MONLGE3410/MONLGE3410_800.jpg,800x800 px,Fondo blanco puro verificado,Reactivación Automática Mercado Libre
MLM6133367904,MONVGO270,Monitor Portátil Vorago Led De 15.6  (led-p15). Puertos De C,Monitores de computadoras,https://static.ctonline.mx/imagenes/MONVGO270/MONVGO270_800.jpg,800x800 px,Fondo blanco puro verificado,Reactivación Automática Mercado Libre
MLM6133367920,MONLGE3280,"Monitor LG 21.5  22u401a-b.awmq ,resolución 1920 X 1080 Fhd",Monitores de computadoras,https://static.ctonline.mx/imagenes/MONLGE3280/MONLGE3280_800.jpg,800x800 px,Fondo blanco puro verificado,Reactivación Automática Mercado Libre
MLM6133367968,MONDAH210,Monitor Dahua Dhi-lm24-b201s-b3 Carcasa De Plástico Ligera Y,Monitores de computadoras,https://static.ctonline.mx/imagenes/MONDAH210/MONDAH210_800.jpg,800x800 px,Fondo blanco puro verificado,Reactivación Automática Mercado Libre
MLM6133367980,MONYEY120,"Monitor Gamer Yeyian Odraz 27  4k 60hz - Modelo Ymg-4k27-01,",Monitores de computadoras,https://static.ctonline.mx/imagenes/MONYEY120/MONYEY120_800.jpg,800x800 px,Fondo blanco puro verificado,Reactivación Automática Mercado Libre
MLM6133368076,MONNCB090,Monitor Curvo Naceb R1800 Qhd 32  165hz Va Hdmi+dp Na-0644,Monitores de computadoras,https://static.ctonline.mx/imagenes/MONNCB090/MONNCB090_800.jpg,800x800 px,Fondo blanco puro verificado,Reactivación Automática Mercado Libre
MLM6133368106,MONBLR320,"Monitor Gaming 27   200hz Hyper Nova Mhn27y  Panel Ips, 27''",Monitores de computadoras,https://static.ctonline.mx/imagenes/MONBLR320/MONBLR320_800.jpg,800x800 px,Fondo blanco puro verificado,Reactivación Automática Mercado Libre
MLM6133368120,MONSTY250,Monitor 21.5 75 H Xzeal Starter Xspmg06b. Monitor Gamer Pant,Monitores de computadoras,https://static.ctonline.mx/imagenes/MONSTY250/MONSTY250_800.jpg,800x800 px,Fondo blanco puro verificado,Reactivación Automática Mercado Libre
MLM6133368160,ACCAPC920,Sensor Universal Apc Ap9335t Que Monitorea La Temperatura En,Monitores de computadoras,https://static.ctonline.mx/imagenes/ACCAPC920/ACCAPC920_800.jpg,800x800 px,Fondo blanco puro verificado,Reactivación Automática Mercado Libre
MLM6133368164,MONHPI620,Monitor Hp Fhd P24v G5. 23.8  En Diagonal (64w18aa#aba). Pan,Monitores de computadoras,https://static.ctonline.mx/imagenes/MONHPI620/MONHPI620_800.jpg,800x800 px,Fondo blanco puro verificado,Reactivación Automática Mercado Libre
MLM6133368214,ACCACT4500,"Base Para Monitor Vault Top Be425 Acteck Base Para Monitor,",Monitores de computadoras,https://static.ctonline.mx/imagenes/ACCACT4500/ACCACT4500_800.jpg,800x800 px,Fondo blanco puro verificado,Reactivación Automática Mercado Libre
MLM6133368240,MONQIA180,"Monitor Qian Led Frameless 21.5  Qm2151f, Resolución:1920*10",Monitores de computadoras,https://static.ctonline.mx/imagenes/MONQIA180/MONQIA180_800.jpg,800x800 px,Fondo blanco puro verificado,Reactivación Automática Mercado Libre
MLM6133368266,MONNCB120,Monitor Marca Naceb Na-0505 Led Fhd 21.5 Pulgadas 75hz Hdmi,Monitores de computadoras,https://static.ctonline.mx/imagenes/MONNCB120/MONNCB120_800.jpg,800x800 px,Fondo blanco puro verificado,Reactivación Automática Mercado Libre
MLM6133368352,MONLGE3380,"Monitor Profesional LG 86  86uh5n, Tamaño De Pantalla 86 , R",Monitores de computadoras,https://static.ctonline.mx/imagenes/MONLGE3380/MONLGE3380_800.jpg,800x800 px,Fondo blanco puro verificado,Reactivación Automática Mercado Libre
MLM6133368360,MONLGE3220,"Monitor Led Marca LG 32  32gs60qc-b,resolución 2560 X 1440,",Monitores de computadoras,https://static.ctonline.mx/imagenes/MONLGE3220/MONLGE3220_800.jpg,800x800 px,Fondo blanco puro verificado,Reactivación Automática Mercado Libre
MLM6133368366,MONBLR050,Monitor Gaming 27  144hz Ultraodissey Mtx27g Balam Rush Tecn,Monitores de computadoras,https://static.ctonline.mx/imagenes/MONBLR050/MONBLR050_800.jpg,800x800 px,Fondo blanco puro verificado,Reactivación Automática Mercado Libre
MLM6133368410,MONSTY290,Monitor Gamer Xz3016 23.8  Lla Xzeal Xzmxz36b. Monitor Gamer,Monitores de computadoras,https://static.ctonline.mx/imagenes/MONSTY290/MONSTY290_800.jpg,800x800 px,Fondo blanco puro verificado,Reactivación Automática Mercado Libre
MLM6133368416,MONQIA160,"Monitor Touch 17  Qian Qpm-t17-01 1280x1024, 4.3, Vga. Medid",Monitores de computadoras,https://static.ctonline.mx/imagenes/MONQIA160/MONQIA160_800.jpg,800x800 px,Fondo blanco puro verificado,Reactivación Automática Mercado Libre
MLM6133368420,RELLEN1020,"Monitor Lenovo Thinkvision E20-30, 62f7kar4la, Pantalla 19.5",Monitores de computadoras,https://static.ctonline.mx/imagenes/RELLEN1020/RELLEN1020_800.jpg,800x800 px,Fondo blanco puro verificado,Reactivación Automática Mercado Libre
MLM6133368488,MONBLR240,Monitor Gaming 24  165hz Ultra Explorer Mxt24p Balam Rush  F,Monitores de computadoras,https://static.ctonline.mx/imagenes/MONBLR240/MONBLR240_800.jpg,800x800 px,Fondo blanco puro verificado,Reactivación Automática Mercado Libre
MLM6133368516,ACCNIN230,Consola Nintendo Switch Oled Versión Pokémon. 64gb. Consola,Monitores de computadoras,https://static.ctonline.mx/imagenes/ACCNIN230/ACCNIN230_800.jpg,800x800 px,Fondo blanco puro verificado,Reactivación Automática Mercado Libre
MLM6133368604,LFDSMG1510,Monitor Profesional Touch Qm43b-t; Modelo Lh43qmbtbgcxza; Ta,Monitores de computadoras,https://static.ctonline.mx/imagenes/LFDSMG1510/LFDSMG1510_800.jpg,800x800 px,Fondo blanco puro verificado,Reactivación Automática Mercado Libre
MLM6133368624,KITDAH560,"Kit De Alarma Dahua Wifi Dhi-art-arc3000h-03-w2, Conexión Wi",Monitores de computadoras,https://static.ctonline.mx/imagenes/KITDAH560/KITDAH560_800.jpg,800x800 px,Fondo blanco puro verificado,Reactivación Automática Mercado Libre
MLM6133368660,LFDSMG1380,Monitor Profesional Amsung Qm50c; Modelo Lh50qmcebgcxgo; Tam,Monitores de computadoras,https://static.ctonline.mx/imagenes/LFDSMG1380/LFDSMG1380_800.jpg,800x800 px,Fondo blanco puro verificado,Reactivación Automática Mercado Libre
MLM6133368662,MONYEY130,"Monitor Gaming 4k Plano  Yeyian Odraz 32- Sku: Ymg-4k32-01,",Monitores de computadoras,https://static.ctonline.mx/imagenes/MONYEY130/MONYEY130_800.jpg,800x800 px,Fondo blanco puro verificado,Reactivación Automática Mercado Libre
MLM6133368674,MONDAH200,Monitor Dahua Dhi-lm22-b201s-b3 Carcasa De Plástico Ligera Y,Monitores de computadoras,https://static.ctonline.mx/imagenes/MONDAH200/MONDAH200_800.jpg,800x800 px,Fondo blanco puro verificado,Reactivación Automática Mercado Libre
MLM6133368698,MONLGE3530,"Monitor Profesional LG 43  43ul5q, Tamaño De Pantalla 43 , R",Monitores de computadoras,https://static.ctonline.mx/imagenes/MONLGE3530/MONLGE3530_800.jpg,800x800 px,Fondo blanco puro verificado,Reactivación Automática Mercado Libre
MLM6133368724,MONYEY200,Monitor Gamer Curvo Yeyian Proact Fv234 34  Wqhd 180hz - Mod,Monitores de computadoras,https://static.ctonline.mx/imagenes/MONYEY200/MONYEY200_800.jpg,800x800 px,Fondo blanco puro verificado,Reactivación Automática Mercado Libre
MLM6133368772,SWTHKV330,"Switch Poe+ Monitoreable Hikvision Ds-3e1309p-ei/m, 8 Puerto",Monitores de computadoras,https://static.ctonline.mx/imagenes/SWTHKV330/SWTHKV330_800.jpg,800x800 px,Fondo blanco puro verificado,Reactivación Automática Mercado Libre
MLM6133368816,MONSTY310,Monitor Xzeal 23.8  Xzeal Xst 560-3 Xspmg08b Panel Plano Va,Monitores de computadoras,https://static.ctonline.mx/imagenes/MONSTY310/MONSTY310_800.jpg,800x800 px,Fondo blanco puro verificado,Reactivación Automática Mercado Libre
MLM6133368866,MONLGE3300,Monitor Signage 43  LG 43uh5q. Monitor Signage LG 43 ; Resol,Monitores de computadoras,https://static.ctonline.mx/imagenes/MONLGE3300/MONLGE3300_800.jpg,800x800 px,Fondo blanco puro verificado,Reactivación Automática Mercado Libre
MLM6133368868,MONSTY340,Monitor Xzeal 23.8  Xzeal Xspmg07w  Xst-570-1 Panel Curvo Va,Monitores de computadoras,https://static.ctonline.mx/imagenes/MONSTY340/MONSTY340_800.jpg,800x800 px,Fondo blanco puro verificado,Reactivación Automática Mercado Libre
MLM6133368874,MONBNQ1700,Monitor Benq Gw2291 9h.lpalm.mba Es Un Monitor De 21.5 Reso,Monitores de computadoras,https://static.ctonline.mx/imagenes/MONBNQ1700/MONBNQ1700_800.jpg,800x800 px,Fondo blanco puro verificado,Reactivación Automática Mercado Libre
MLM6133368886,MONNCB070,Monitor Naceb Led Fhd 27  100hz Ips Hdmi+vga Na-0642,Monitores de computadoras,https://static.ctonline.mx/imagenes/MONNCB070/MONNCB070_800.jpg,800x800 px,Fondo blanco puro verificado,Reactivación Automática Mercado Libre
MLM6133368910,MONLGE3350,"Monitor Profesional LG 65  65uh5q, Tamaño De Pantalla 65 , R",Monitores de computadoras,https://static.ctonline.mx/imagenes/MONLGE3350/MONLGE3350_800.jpg,800x800 px,Fondo blanco puro verificado,Reactivación Automática Mercado Libre
MLM6133368944,ACCITL6450,Switch Kvm Hdmi De 2 Puertos Para Dos Monitores (153522) Man,Monitores de computadoras,https://static.ctonline.mx/imagenes/ACCITL6450/ACCITL6450_800.jpg,800x800 px,Fondo blanco puro verificado,Reactivación Automática Mercado Libre
MLM6133369012,ACCHUW560,55027618 Huawei Watch Kids 4 Pro Pink: Pantalla: 1.41  Amole,Monitores de computadoras,https://static.ctonline.mx/imagenes/ACCHUW560/ACCHUW560_800.jpg,800x800 px,Fondo blanco puro verificado,Reactivación Automática Mercado Libre
MLM6133369018,MONBLR370,Monitor Gaming Plano 27  180hz: Titán Mtg27y Balam Rush Free,Monitores de computadoras,https://static.ctonline.mx/imagenes/MONBLR370/MONBLR370_800.jpg,800x800 px,Fondo blanco puro verificado,Reactivación Automática Mercado Libre
MLM6133369038,MONBNQ1480,Monitor Benq. Rd280u. 9h.lm1lj.tba. Monitor Para Programació,Monitores de computadoras,https://static.ctonline.mx/imagenes/MONBNQ1480/MONBNQ1480_800.jpg,800x800 px,Fondo blanco puro verificado,Reactivación Automática Mercado Libre
MLM6133369112,MONTSN720,Monitor Touchscreen Tecnología Antirreflejo O Antifricción M,Monitores de computadoras,https://static.ctonline.mx/imagenes/MONTSN720/MONTSN720_800.jpg,800x800 px,Fondo blanco puro verificado,Reactivación Automática Mercado Libre
MLM6133369126,MONYEY170,"Monitor Gaming Yeyian 27 , Modelo Ymf-ipf27-g1, Frecuencia D",Monitores de computadoras,https://static.ctonline.mx/imagenes/MONYEY170/MONYEY170_800.jpg,800x800 px,Fondo blanco puro verificado,Reactivación Automática Mercado Libre
MLM6133369144,MONLGE3510,Monitor Signage 49  LG 49uh5q. Monitor Signage LG 49 ; Resol,Monitores de computadoras,https://static.ctonline.mx/imagenes/MONLGE3510/MONLGE3510_800.jpg,800x800 px,Fondo blanco puro verificado,Reactivación Automática Mercado Libre
MLM6133369164,MONLGE3640,Monitor LG Createboard 98  LG 98tr3dq. Monitor Createboard L,Monitores de computadoras,https://static.ctonline.mx/imagenes/MONLGE3640/MONLGE3640_800.jpg,800x800 px,Fondo blanco puro verificado,Reactivación Automática Mercado Libre
MLM6133369450,CELSMG2640,Samsung Galaxy 25 Ultra 512 Gb Negro Titanio Sm-s938uzkexaa.,Monitores de computadoras,https://static.ctonline.mx/imagenes/CELSMG2640/CELSMG2640_800.jpg,800x800 px,Fondo blanco puro verificado,Reactivación Automática Mercado Libre
MLM6133369592,MONVGO180,"Monitor. Gamer Factor Mg701 27 . Ips, Quadhd, 165hz, Hdr, 1m",Monitores de computadoras,https://static.ctonline.mx/imagenes/MONVGO180/MONVGO180_800.jpg,800x800 px,Fondo blanco puro verificado,Reactivación Automática Mercado Libre
MLM6133369620,MONTSN830,Monitor Touchscreen Marca Elotouch Táctil De 15.6 Pulgadas C,Monitores de computadoras,https://static.ctonline.mx/imagenes/MONTSN830/MONTSN830_800.jpg,800x800 px,Fondo blanco puro verificado,Reactivación Automática Mercado Libre
MLM6133203668,SERCLO960,"Servidor Virtual Básico, So Windows, 1vcpu, 2gb Ram, 50gbdd",Discos duros y SSDs,https://static.ctonline.mx/imagenes/SERCLO960/SERCLO960_800.jpg,800x800 px,Fondo blanco puro verificado,Reactivación Automática Mercado Libre
MLM3424165341,DDUWSD1420,"Disco Duro Western Digital Ultrastar 0b36404 8tb 3.5, Factor",Discos duros y SSDs,https://static.ctonline.mx/imagenes/DDUWSD1420/DDUWSD1420_800.jpg,800x800 px,Fondo blanco puro verificado,Reactivación Automática Mercado Libre
MLM3424165391,DDUKGT2540,Ssd Nv3 M.2 2230 Pcie 4.0 Nvme Kingston 1000gb Snv3sm3/1t0,Discos duros y SSDs,https://static.ctonline.mx/imagenes/DDUKGT2540/DDUKGT2540_800.jpg,800x800 px,Fondo blanco puro verificado,Reactivación Automática Mercado Libre
MLM3424165401,DDUXFN070,"Disco Duro Ssd Xfusion, 1920gb, Sata 6gb/s 0255y422, Read In",Discos duros y SSDs,https://static.ctonline.mx/imagenes/DDUXFN070/DDUXFN070_800.jpg,800x800 px,Fondo blanco puro verificado,Reactivación Automática Mercado Libre
MLM3424165467,SERCLO370,200gb Disco Duro Adicional Para Servidor Virtual En La Nube,Discos duros y SSDs,https://static.ctonline.mx/imagenes/SERCLO370/SERCLO370_800.jpg,800x800 px,Fondo blanco puro verificado,Reactivación Automática Mercado Libre
MLM3424165495,NVRPVS500,"Nvr  Dda2  Provision Isr  Nvr16-641600rfan(2u), 64 Canales I",Discos duros y SSDs,https://static.ctonline.mx/imagenes/NVRPVS500/NVRPVS500_800.jpg,800x800 px,Fondo blanco puro verificado,Reactivación Automática Mercado Libre
MLM3424165521,DDUKGT1870,Ssd Kc600 2.5 Kingston 256gb Skc600/256g,Discos duros y SSDs,https://static.ctonline.mx/imagenes/DDUKGT1870/DDUKGT1870_800.jpg,800x800 px,Fondo blanco puro verificado,Reactivación Automática Mercado Libre
MLM3424165593,SERCLO500,6tb Disco Duro Adicional Para Servidor Virtual En La Nube Nc,Discos duros y SSDs,https://static.ctonline.mx/imagenes/SERCLO500/SERCLO500_800.jpg,800x800 px,Fondo blanco puro verificado,Reactivación Automática Mercado Libre
MLM3424165643,DDUSTY020,Stylos Ssd Sataiii 240g Stmssd2b. Solid State Drive 240gb. T,Discos duros y SSDs,https://static.ctonline.mx/imagenes/DDUSTY020/DDUSTY020_800.jpg,800x800 px,Fondo blanco puro verificado,Reactivación Automática Mercado Libre
MLM3424165705,DDUWSD2960,"Ssd Sandisk Black 1tb Wds100t1x0m M.2 Sn8100 Nvme, Formato:",Discos duros y SSDs,https://static.ctonline.mx/imagenes/DDUWSD2960/DDUWSD2960_800.jpg,800x800 px,Fondo blanco puro verificado,Reactivación Automática Mercado Libre
MLM3424165727,DDUWSD2730,Ssd Sandisk Sdssda3n-2t00-g26 2tb Ssd Plus M.2 Nvme Pcie Gen,Discos duros y SSDs,https://static.ctonline.mx/imagenes/DDUWSD2730/DDUWSD2730_800.jpg,800x800 px,Fondo blanco puro verificado,Reactivación Automática Mercado Libre
MLM3424165943,DDUWSD1850,"Ssd Sandisk 512gb Wds100t3g0c 1tb N350 Nvme M.2 2280, Rendim",Discos duros y SSDs,https://static.ctonline.mx/imagenes/DDUWSD1850/DDUWSD1850_800.jpg,800x800 px,Fondo blanco puro verificado,Reactivación Automática Mercado Libre
MLM3424165967,DDUWSD2750,"Ssd Plus Sandisk 500gb Sdssda-500g-g28 2.5, Formato: 2.5, Re",Discos duros y SSDs,https://static.ctonline.mx/imagenes/DDUWSD2750/DDUWSD2750_800.jpg,800x800 px,Fondo blanco puro verificado,Reactivación Automática Mercado Libre
MLM3424165993,SERCLO480,4tb Disco Duro Adicional Para Servidor Virtual En La Nube Nc,Discos duros y SSDs,https://static.ctonline.mx/imagenes/SERCLO480/SERCLO480_800.jpg,800x800 px,Fondo blanco puro verificado,Reactivación Automática Mercado Libre
MLM3424165999,DDUWSD2390,"Disco Duro Western Digital Purple Wd142purp 14tb, Formato: 3",Discos duros y SSDs,https://static.ctonline.mx/imagenes/DDUWSD2390/DDUWSD2390_800.jpg,800x800 px,Fondo blanco puro verificado,Reactivación Automática Mercado Libre
MLM3424389281,SERCLO540,10tb Disco Duro Adicional Para Servidor Virtual En La Nube N,Discos duros y SSDs,https://static.ctonline.mx/imagenes/SERCLO540/SERCLO540_800.jpg,800x800 px,Fondo blanco puro verificado,Reactivación Automática Mercado Libre
MLM3424389283,DDUWSD2490,"Ssd Plus Sandisk 1tb Sdssda-1t00-g27, Rendimiento De Escritu",Discos duros y SSDs,https://static.ctonline.mx/imagenes/DDUWSD2490/DDUWSD2490_800.jpg,800x800 px,Fondo blanco puro verificado,Reactivación Automática Mercado Libre
MLM3424389305,DDUWSD2190,Unidad De Estado Solido Wd Green M.2 Pcie Gn 3 Nvme Sn350 1t,Discos duros y SSDs,https://static.ctonline.mx/imagenes/DDUWSD2190/DDUWSD2190_800.jpg,800x800 px,Fondo blanco puro verificado,Reactivación Automática Mercado Libre
MLM3424389307,NVRUNV050,Nvr 8mp 4ch / 4 Poe Unv (nvr301-04x-p4) Capacidad 1 Disco Du,Discos duros y SSDs,https://static.ctonline.mx/imagenes/NVRUNV050/NVRUNV050_800.jpg,800x800 px,Fondo blanco puro verificado,Reactivación Automática Mercado Libre
MLM3424389321,DDUTOS1100,"Disco Duro Interno Toshiba 2tb, Mg10-d 7200rpm, Cache Sataii",Discos duros y SSDs,https://static.ctonline.mx/imagenes/DDUTOS1100/DDUTOS1100_800.jpg,800x800 px,Fondo blanco puro verificado,Reactivación Automática Mercado Libre
MLM3424389323,DDUWSD2360,"Disco Duro Western Digital Purple Pro Wd102purp 10tb, 3.5'',",Discos duros y SSDs,https://static.ctonline.mx/imagenes/DDUWSD2360/DDUWSD2360_800.jpg,800x800 px,Fondo blanco puro verificado,Reactivación Automática Mercado Libre
MLM3424389351,CPUASS1490,Asus Ia Mini Pc De Escritorio Gx10-gg0010bn De 1tb Nvme Pcie,Discos duros y SSDs,https://static.ctonline.mx/imagenes/CPUASS1490/CPUASS1490_800.jpg,800x800 px,Fondo blanco puro verificado,Reactivación Automática Mercado Libre
MLM3424389361,DDUWSD2500,"Ssd M.2 Nvme Pcie 500gb Sdssda3n-500g-g26, Capacidad: 500 Gb",Discos duros y SSDs,https://static.ctonline.mx/imagenes/DDUWSD2500/DDUWSD2500_800.jpg,800x800 px,Fondo blanco puro verificado,Reactivación Automática Mercado Libre
MLM3424389429,CABITL100,Cable De Corriente Para Disco Duro Sata (342766),Discos duros y SSDs,https://static.ctonline.mx/imagenes/CABITL100/CABITL100_800.jpg,800x800 px,Fondo blanco puro verificado,Reactivación Automática Mercado Libre
MLM3424389645,DDUDAT2390,Unidad De Estado Sólido Xpg Mars 980 Blade 1tb Pcie Gen5 X4,Discos duros y SSDs,https://static.ctonline.mx/imagenes/DDUDAT2390/DDUDAT2390_800.jpg,800x800 px,Fondo blanco puro verificado,Reactivación Automática Mercado Libre
MLM3424389681,DDUDLL2530,Disco Duro Dell 161-bcbc 2tb Hard Drive Sata 6gbps 7.2k 512n,Discos duros y SSDs,https://static.ctonline.mx/imagenes/DDUDLL2530/DDUDLL2530_800.jpg,800x800 px,Fondo blanco puro verificado,Reactivación Automática Mercado Libre
MLM3424389771,DDUSGT1450,"Disco Duro Interno Seagate 2tb St2000lm015, 2.5  Barracuda/l",Discos duros y SSDs,https://static.ctonline.mx/imagenes/DDUSGT1450/DDUSGT1450_800.jpg,800x800 px,Fondo blanco puro verificado,Reactivación Automática Mercado Libre
MLM3424389817,SERCLO430,750gb Disco Duro Adicional Para Servidor Virtual En La Nube,Discos duros y SSDs,https://static.ctonline.mx/imagenes/SERCLO430/SERCLO430_800.jpg,800x800 px,Fondo blanco puro verificado,Reactivación Automática Mercado Libre
MLM3424389897,DDUSTY060,Ssd M2 512gb Stylos Stmssdm21b. Unidad De Estado Solido 512g,Discos duros y SSDs,https://static.ctonline.mx/imagenes/DDUSTY060/DDUSTY060_800.jpg,800x800 px,Fondo blanco puro verificado,Reactivación Automática Mercado Libre
MLM3424389939,CPUVGO5790,Computadora Vorago Slimebay 5 Cpu Vorago Sb5 I7 12700-tr-20,Discos duros y SSDs,https://static.ctonline.mx/imagenes/CPUVGO5790/CPUVGO5790_800.jpg,800x800 px,Fondo blanco puro verificado,Reactivación Automática Mercado Libre
MLM3424390057,DDULEN940,"Disco Duro Lenovo Thinksystem 4xb7a17134, 3.5  S4620 480gb M",Discos duros y SSDs,https://static.ctonline.mx/imagenes/DDULEN940/DDULEN940_800.jpg,800x800 px,Fondo blanco puro verificado,Reactivación Automática Mercado Libre
MLM3424390065,DDUDAT2440,Unidad De Estado Sólido Xpg Mars 980 Storm 1tb Pcie Gen5 X4,Discos duros y SSDs,https://static.ctonline.mx/imagenes/DDUDAT2440/DDUDAT2440_800.jpg,800x800 px,Fondo blanco puro verificado,Reactivación Automática Mercado Libre
MLM3424390067,DDUWSD2570,"Ssd Sandisk Black 1tb Wds100t2x0e M.2 Sn850x Nvme, Formato:",Discos duros y SSDs,https://static.ctonline.mx/imagenes/DDUWSD2570/DDUWSD2570_800.jpg,800x800 px,Fondo blanco puro verificado,Reactivación Automática Mercado Libre
MLM3424390081,DDUWSD2370,"Disco Duro Western Digital Blue Wd60ezax 6tb, Formato: 3.5 ,",Discos duros y SSDs,https://static.ctonline.mx/imagenes/DDUWSD2370/DDUWSD2370_800.jpg,800x800 px,Fondo blanco puro verificado,Reactivación Automática Mercado Libre
MLM3424390197,DDUKGT2400,Ssd Kc600 2.5 Kingston 2048gb Skc600/2048g,Discos duros y SSDs,https://static.ctonline.mx/imagenes/DDUKGT2400/DDUKGT2400_800.jpg,800x800 px,Fondo blanco puro verificado,Reactivación Automática Mercado Libre
MLM3424390221,CPUVGO6020,"Computadora Sba Rzn 5600gt-nos-6 Slimbay A 5, Ryzen 5 5600gt",Discos duros y SSDs,https://static.ctonline.mx/imagenes/CPUVGO6020/CPUVGO6020_800.jpg,800x800 px,Fondo blanco puro verificado,Reactivación Automática Mercado Libre
MLM3424390249,DDUKGT2420,Ssd Nv3 M.2 Kingston 1000gb Snv3s/1000g,Discos duros y SSDs,https://static.ctonline.mx/imagenes/DDUKGT2420/DDUKGT2420_800.jpg,800x800 px,Fondo blanco puro verificado,Reactivación Automática Mercado Libre
MLM3424390355,DDUTOS1070,"Disco Duro Interno Toshiba 6tb  3.5 Sata Videovigilancia, S3",Discos duros y SSDs,https://static.ctonline.mx/imagenes/DDUTOS1070/DDUTOS1070_800.jpg,800x800 px,Fondo blanco puro verificado,Reactivación Automática Mercado Libre
MLM3424390361,DDUKGT2520,Ssd Sfyrs M.2 Kingston 4096gb Sfyr2s/4t0,Discos duros y SSDs,https://static.ctonline.mx/imagenes/DDUKGT2520/DDUKGT2520_800.jpg,800x800 px,Fondo blanco puro verificado,Reactivación Automática Mercado Libre
MLM3424390375,DDUSAT250,"Disco Duro  New Pull  (sin Usar, Extraídos De Equipos Nuevos",Discos duros y SSDs,https://static.ctonline.mx/imagenes/DDUSAT250/DDUSAT250_800.jpg,800x800 px,Fondo blanco puro verificado,Reactivación Automática Mercado Libre
MLM3424390383,MEMWSD140,"Ssd Portable Sandisk Fortnite 2tb Sdssde30-2t00-g25f, Rendim",Discos duros y SSDs,https://static.ctonline.mx/imagenes/MEMWSD140/MEMWSD140_800.jpg,800x800 px,Fondo blanco puro verificado,Reactivación Automática Mercado Libre
MLM3424390423,DDUTRD080,Disco Duro Synology Modelo Hat3320- 8t Sata De 3.5  Serie Pl,Discos duros y SSDs,https://static.ctonline.mx/imagenes/DDUTRD080/DDUTRD080_800.jpg,800x800 px,Fondo blanco puro verificado,Reactivación Automática Mercado Libre
MLM3424390441,DDUDAT2430,Unidad De Estado Sólido Xpg Mars 980 Pro 2tb Pcie Gen5 X4 M.,Discos duros y SSDs,https://static.ctonline.mx/imagenes/DDUDAT2430/DDUDAT2430_800.jpg,800x800 px,Fondo blanco puro verificado,Reactivación Automática Mercado Libre
MLM3424390463,DDUTOS1040,"Disco Duro Interno Toshiba 4tb ,n300, Hdd Nas 7200rpm/256mb,",Discos duros y SSDs,https://static.ctonline.mx/imagenes/DDUTOS1040/DDUTOS1040_800.jpg,800x800 px,Fondo blanco puro verificado,Reactivación Automática Mercado Libre
MLM3424390465,DDUXFN090,"Disco Duro Ssd Xfusion 0255yeyt, 960gb,sata 6gb/s,read Inten",Discos duros y SSDs,https://static.ctonline.mx/imagenes/DDUXFN090/DDUXFN090_800.jpg,800x800 px,Fondo blanco puro verificado,Reactivación Automática Mercado Libre
MLM3424390475,SERCLO410,400gb Disco Duro Adicional Para Servidor Virtual En La Nube,Discos duros y SSDs,https://static.ctonline.mx/imagenes/SERCLO410/SERCLO410_800.jpg,800x800 px,Fondo blanco puro verificado,Reactivación Automática Mercado Libre
MLM3424390521,SERCLO530,9tb Disco Duro Adicional Para Servidor Virtual En La Nube Nc,Discos duros y SSDs,https://static.ctonline.mx/imagenes/SERCLO530/SERCLO530_800.jpg,800x800 px,Fondo blanco puro verificado,Reactivación Automática Mercado Libre
MLM3424390585,DDUWSD2620,"Disco Duro Western Digital Red Pro Wd202kfgx 20tb 3.5 Nas, F",Discos duros y SSDs,https://static.ctonline.mx/imagenes/DDUWSD2620/DDUWSD2620_800.jpg,800x800 px,Fondo blanco puro verificado,Reactivación Automática Mercado Libre
MLM3424390609,DDUHTC020,Disco Duro  New Pull  500gb 5400rpm Sata Iii 6gb/s 32mb Cach,Discos duros y SSDs,https://static.ctonline.mx/imagenes/DDUHTC020/DDUHTC020_800.jpg,800x800 px,Fondo blanco puro verificado,Reactivación Automática Mercado Libre
MLM3424390631,NVRHKV360,Nvr 4 Megapíxel Ds-7104ni-k1/w/m(c) / 4 Canales Ip / 1 Bahía,Discos duros y SSDs,https://static.ctonline.mx/imagenes/NVRHKV360/NVRHKV360_800.jpg,800x800 px,Fondo blanco puro verificado,Reactivación Automática Mercado Libre
MLM3424390647,DDUKGT2150,Ssd Externo Xs2000 Kingston 1000gb Sxs2000/1000g,Discos duros y SSDs,https://static.ctonline.mx/imagenes/DDUKGT2150/DDUKGT2150_800.jpg,800x800 px,Fondo blanco puro verificado,Reactivación Automática Mercado Libre
MLM3424390681,CPUEVO1180,"Computadora Evotec Ev-i312-vertecplus-24 Intel I3-12100, 8gb",Discos duros y SSDs,https://static.ctonline.mx/imagenes/CPUEVO1180/CPUEVO1180_800.jpg,800x800 px,Fondo blanco puro verificado,Reactivación Automática Mercado Libre
MLM3424390683,CPUQIA830,Mini Pc Qian Atlas 3 Intel Jasper N5105 Modelo: Qii-11c81 8g,Discos duros y SSDs,https://static.ctonline.mx/imagenes/CPUQIA830/CPUQIA830_800.jpg,800x800 px,Fondo blanco puro verificado,Reactivación Automática Mercado Libre
MLM3424390735,DDUWSD2680,"Disco Duro Western Digital Gold Wd103kryz 10tb, Factor De Fo",Discos duros y SSDs,https://static.ctonline.mx/imagenes/DDUWSD2680/DDUWSD2680_800.jpg,800x800 px,Fondo blanco puro verificado,Reactivación Automática Mercado Libre
MLM3424390761,CPUVGO5760,Computadora Vorago Slimebay Sb5 Ci5 16gb 256 M.2 Wpro Cto,Discos duros y SSDs,https://static.ctonline.mx/imagenes/CPUVGO5760/CPUVGO5760_800.jpg,800x800 px,Fondo blanco puro verificado,Reactivación Automática Mercado Libre
MLM3424390767,ACCXRX1510,Xerox 097s04914 Kit De Productividad. Incluye Disco Duro De,Discos duros y SSDs,https://static.ctonline.mx/imagenes/ACCXRX1510/ACCXRX1510_800.jpg,800x800 px,Fondo blanco puro verificado,Reactivación Automática Mercado Libre
MLM3424390783,DDUKGT2300,Ssd Dc600m 2.5 Kingston 7680gb Sedc600m/7680g,Discos duros y SSDs,https://static.ctonline.mx/imagenes/DDUKGT2300/DDUKGT2300_800.jpg,800x800 px,Fondo blanco puro verificado,Reactivación Automática Mercado Libre
MLM3424390795,DDUWSD2480,"Ssd Plus Sandisk 480gb Sdssda-480g-g26, Rendimiento De Escri",Discos duros y SSDs,https://static.ctonline.mx/imagenes/DDUWSD2480/DDUWSD2480_800.jpg,800x800 px,Fondo blanco puro verificado,Reactivación Automática Mercado Libre
MLM3424390827,DDUSAT960,Disco Duro Wd Purple Modelo Wd10purz De 1tb.,Discos duros y SSDs,https://static.ctonline.mx/imagenes/DDUSAT960/DDUSAT960_800.jpg,800x800 px,Fondo blanco puro verificado,Reactivación Automática Mercado Libre
MLM3424390851,DDUXFN060,"Disco Duro Ssd Xfusion, 960gb, Sata 6gb/s 0255y420, Read Int",Discos duros y SSDs,https://static.ctonline.mx/imagenes/DDUXFN060/DDUXFN060_800.jpg,800x800 px,Fondo blanco puro verificado,Reactivación Automática Mercado Libre
MLM3424390921,DDUDAT2450,Unidad De Estado Sólido Xpg Mars 980 Pro 2tb Pcie Gen5 X4 M.,Discos duros y SSDs,https://static.ctonline.mx/imagenes/DDUDAT2450/DDUDAT2450_800.jpg,800x800 px,Fondo blanco puro verificado,Reactivación Automática Mercado Libre
MLM3424390955,DDULEN1090,Disco Duro Lenovo Thinksystem Sff/2.5  (4xb7a90875) 1.92tb R,Discos duros y SSDs,https://static.ctonline.mx/imagenes/DDULEN1090/DDULEN1090_800.jpg,800x800 px,Fondo blanco puro verificado,Reactivación Automática Mercado Libre
MLM3424390999,DDULEN1080,Disco Duro Lenovo Thinksystem Sff/2.5  (4xb7a90873) 480gb Re,Discos duros y SSDs,https://static.ctonline.mx/imagenes/DDULEN1080/DDULEN1080_800.jpg,800x800 px,Fondo blanco puro verificado,Reactivación Automática Mercado Libre
MLM3424391031,SERCLO390,300gb Disco Duro Adicional Para Servidor Virtual En La Nube,Discos duros y SSDs,https://static.ctonline.mx/imagenes/SERCLO390/SERCLO390_800.jpg,800x800 px,Fondo blanco puro verificado,Reactivación Automática Mercado Libre
MLM3424391035,CPUASS1500,Asus Ia Mini Pc De Escritorio Gx10-gg0020bn De 2tb Nvme Pcie,Discos duros y SSDs,https://static.ctonline.mx/imagenes/CPUASS1500/CPUASS1500_800.jpg,800x800 px,Fondo blanco puro verificado,Reactivación Automática Mercado Libre
MLM3424391051,DDUDAT2410,Unidad De Estado Sólido Xpg Mars 980 Blade 4tb Pcie Gen5 X4,Discos duros y SSDs,https://static.ctonline.mx/imagenes/DDUDAT2410/DDUDAT2410_800.jpg,800x800 px,Fondo blanco puro verificado,Reactivación Automática Mercado Libre
MLM3424391097,DDUWSD2470,"Ssd Sandisk Black 1tb Wds100t4x0e Sn7100, Factor De Forma: M",Discos duros y SSDs,https://static.ctonline.mx/imagenes/DDUWSD2470/DDUWSD2470_800.jpg,800x800 px,Fondo blanco puro verificado,Reactivación Automática Mercado Libre
MLM3424391119,DDUXPG080,Unidad De Estado Sólido Xpg Gammix S60 512gb Pcie Gen4 X4 M.,Discos duros y SSDs,https://static.ctonline.mx/imagenes/DDUXPG080/DDUXPG080_800.jpg,800x800 px,Fondo blanco puro verificado,Reactivación Automática Mercado Libre
MLM3424391155,DDUXFN040,"Disco Duro Xfusion (0254y358), V7dz2400g Bs2 Hdd,2400gb,sas",Discos duros y SSDs,https://static.ctonline.mx/imagenes/DDUXFN040/DDUXFN040_800.jpg,800x800 px,Fondo blanco puro verificado,Reactivación Automática Mercado Libre
MLM3424391159,DDUWSD2430,"Disco Duro Western Digital Red Wd6005ffbx 6tb, Formato: 3.5 ",Discos duros y SSDs,https://static.ctonline.mx/imagenes/DDUWSD2430/DDUWSD2430_800.jpg,800x800 px,Fondo blanco puro verificado,Reactivación Automática Mercado Libre
MLM3424391235,ACCSTY410,Enclosure Ssd Stylos. Stennv1g. Enclosure Ssd M.2 Nvme Tipo,Discos duros y SSDs,https://static.ctonline.mx/imagenes/ACCSTY410/ACCSTY410_800.jpg,800x800 px,Fondo blanco puro verificado,Reactivación Automática Mercado Libre
MLM3424391339,ACCTRL3310,"Estación De Trabajo De Pie Workwise Marca: Tripp-lite, Wwssd",Discos duros y SSDs,https://static.ctonline.mx/imagenes/ACCTRL3310/ACCTRL3310_800.jpg,800x800 px,Fondo blanco puro verificado,Reactivación Automática Mercado Libre
MLM3424391387,ACCKYC350,Accesorio Kyocera  Kit De Cifrado De Disco Duro / Sobrescrit,Discos duros y SSDs,https://static.ctonline.mx/imagenes/ACCKYC350/ACCKYC350_800.jpg,800x800 px,Fondo blanco puro verificado,Reactivación Automática Mercado Libre
MLM3424391419,ACCDLL6200,"Tarjeta Wifi Dell M.2, Intel, Ax210 4cx88 89572936  Wifi 802",Discos duros y SSDs,https://static.ctonline.mx/imagenes/ACCDLL6200/ACCDLL6200_800.jpg,800x800 px,Fondo blanco puro verificado,Reactivación Automática Mercado Libre
MLM3424391469,ACCXRX2000,Xerox 497k23610 Disco Duro Xerox 320 Gb . Compatible Con: Se,Discos duros y SSDs,https://static.ctonline.mx/imagenes/ACCXRX2000/ACCXRX2000_800.jpg,800x800 px,Fondo blanco puro verificado,Reactivación Automática Mercado Libre
MLM3424391485,DDUKGT2070,Ssd Kc3000 Pcie Nvme M.2 Kingston 512gb Skc3000s/512g,Discos duros y SSDs,https://static.ctonline.mx/imagenes/DDUKGT2070/DDUKGT2070_800.jpg,800x800 px,Fondo blanco puro verificado,Reactivación Automática Mercado Libre
MLM3424391487,ACCUBI380,Controladora Ubifi Ubiquiti Uck-g2-plus. Controlador Unifi C,Discos duros y SSDs,https://static.ctonline.mx/imagenes/ACCUBI380/ACCUBI380_800.jpg,800x800 px,Fondo blanco puro verificado,Reactivación Automática Mercado Libre
MLM3424391491,DDUKGT2460,Ssd Externo Xs1000 Red Kingston 2000gb Sxs1000r/2000g,Discos duros y SSDs,https://static.ctonline.mx/imagenes/DDUKGT2460/DDUKGT2460_800.jpg,800x800 px,Fondo blanco puro verificado,Reactivación Automática Mercado Libre
MLM3424391503,ACCRBT7660,"Protector De Silicón Para Gabinete Y Disco Duro De 2.5 , Neg",Discos duros y SSDs,https://static.ctonline.mx/imagenes/ACCRBT7660/ACCRBT7660_800.jpg,800x800 px,Fondo blanco puro verificado,Reactivación Automática Mercado Libre
MLM3424391531,DDULEN1050,Disco Duro Lenovo Thinksystem Sff/2.5  (4xb7b01771) 2.4tb 10,Discos duros y SSDs,https://static.ctonline.mx/imagenes/DDULEN1050/DDULEN1050_800.jpg,800x800 px,Fondo blanco puro verificado,Reactivación Automática Mercado Libre
MLM3424391541,SERCLO520,8tb Disco Duro Adicional Para Servidor Virtual En La Nube Nc,Discos duros y SSDs,https://static.ctonline.mx/imagenes/SERCLO520/SERCLO520_800.jpg,800x800 px,Fondo blanco puro verificado,Reactivación Automática Mercado Libre
MLM3424391593,DDUKGT2380,Ssd Externo Xs1000 Kingston 1000gb Sxs1000/1000g,Discos duros y SSDs,https://static.ctonline.mx/imagenes/DDUKGT2380/DDUKGT2380_800.jpg,800x800 px,Fondo blanco puro verificado,Reactivación Automática Mercado Libre
MLM3424391641,DDUWSD2420,"Disco Duro Western Digital Red Wd4005ffbx 4tb, Formato: 3.5 ",Discos duros y SSDs,https://static.ctonline.mx/imagenes/DDUWSD2420/DDUWSD2420_800.jpg,800x800 px,Fondo blanco puro verificado,Reactivación Automática Mercado Libre
MLM3424391643,CPUVGO6010,"Computadora Cpu Vorago Sba Rzn 3200g-nos-5 Slimbay A 5, Ryze",Discos duros y SSDs,https://static.ctonline.mx/imagenes/CPUVGO6010/CPUVGO6010_800.jpg,800x800 px,Fondo blanco puro verificado,Reactivación Automática Mercado Libre
MLM3424391649,ACCTRL3300,"Estación De Trabajo De Pie Workwise Marca: Tripp-lite, Wwssd",Discos duros y SSDs,https://static.ctonline.mx/imagenes/ACCTRL3300/ACCTRL3300_800.jpg,800x800 px,Fondo blanco puro verificado,Reactivación Automática Mercado Libre
MLM3424391675,SERCLO470,3tb Disco Duro Adicional Para Servidor Virtual En La Nube Nc,Discos duros y SSDs,https://static.ctonline.mx/imagenes/SERCLO470/SERCLO470_800.jpg,800x800 px,Fondo blanco puro verificado,Reactivación Automática Mercado Libre
MLM3424391691,DDUWSD2800,"Ssd Sandisk Green 500gb Wds500g4g0e Sn3000 Nvme M.2, Formato",Discos duros y SSDs,https://static.ctonline.mx/imagenes/DDUWSD2800/DDUWSD2800_800.jpg,800x800 px,Fondo blanco puro verificado,Reactivación Automática Mercado Libre
MLM3424391751,DDUWSD1880,Disco Estado Solido Wd Black Sn770 Nvme Pci Express 4.0 1tb,Discos duros y SSDs,https://static.ctonline.mx/imagenes/DDUWSD1880/DDUWSD1880_800.jpg,800x800 px,Fondo blanco puro verificado,Reactivación Automática Mercado Libre
MLM3424391827,DDUTRD070,Disco Duro Para Nas Marca Synology Modelo Hat5310-20t 7200rp,Discos duros y SSDs,https://static.ctonline.mx/imagenes/DDUTRD070/DDUTRD070_800.jpg,800x800 px,Fondo blanco puro verificado,Reactivación Automática Mercado Libre
MLM3424391871,DDUWSD1870,Disco Estado Solido Wd Black Sn770 Nvme Pci Express 4.0 500g,Discos duros y SSDs,https://static.ctonline.mx/imagenes/DDUWSD1870/DDUWSD1870_800.jpg,800x800 px,Fondo blanco puro verificado,Reactivación Automática Mercado Libre
MLM3424391893,DDUTRD110,Synology Hat3320-20t Disco Duro 20tb  7200rpm  Serie Plus Di,Discos duros y SSDs,https://static.ctonline.mx/imagenes/DDUTRD110/DDUTRD110_800.jpg,800x800 px,Fondo blanco puro verificado,Reactivación Automática Mercado Libre
MLM3424391943,DDUWSD3050,Disco Duro Western Digital Black Wdba5g0050bbk-wesn 5tb Para,Discos duros y SSDs,https://static.ctonline.mx/imagenes/DDUWSD3050/DDUWSD3050_800.jpg,800x800 px,Fondo blanco puro verificado,Reactivación Automática Mercado Libre
MLM3424391971,DDUWSD2600,"Ssd Blue Sandisk Sn5000 Nvme 1tb Wds100t4b0e M.2, Formato: M",Discos duros y SSDs,https://static.ctonline.mx/imagenes/DDUWSD2600/DDUWSD2600_800.jpg,800x800 px,Fondo blanco puro verificado,Reactivación Automática Mercado Libre
MLM3424392039,DDUWSD3000,"Ssd Sandisk Black 4tb Wds400t4x0e Sn7100 Nvme M.2, Formato:",Discos duros y SSDs,https://static.ctonline.mx/imagenes/DDUWSD3000/DDUWSD3000_800.jpg,800x800 px,Fondo blanco puro verificado,Reactivación Automática Mercado Libre
MLM3424392077,DDUWSD2130,"Disco Duro Wd Red Plus Modelo Wd40efpx De 4tb, 256mb Cache",Discos duros y SSDs,https://static.ctonline.mx/imagenes/DDUWSD2130/DDUWSD2130_800.jpg,800x800 px,Fondo blanco puro verificado,Reactivación Automática Mercado Libre
MLM3424392173,DDUWSD2380,"Disco Duro Western Digital Blue Wd20spzx 2tb, Formato: 2.5 ,",Discos duros y SSDs,https://static.ctonline.mx/imagenes/DDUWSD2380/DDUWSD2380_800.jpg,800x800 px,Fondo blanco puro verificado,Reactivación Automática Mercado Libre
MLM3424392195,DDUWSD1760,Disco Duro Wd Gold Modelo Wd102kryz De 10tb. 256mb Cache,Discos duros y SSDs,https://static.ctonline.mx/imagenes/DDUWSD1760/DDUWSD1760_800.jpg,800x800 px,Fondo blanco puro verificado,Reactivación Automática Mercado Libre
MLM3424392249,DDUWSD2160,Disco Duro Wd Purple Modelo Wd11purz De 1tb.,Discos duros y SSDs,https://static.ctonline.mx/imagenes/DDUWSD2160/DDUWSD2160_800.jpg,800x800 px,Fondo blanco puro verificado,Reactivación Automática Mercado Libre
MLM3424392293,DDUWSD2870,"Disco Duro Western Digital Purple Pro  Wd141purp 14tb, Facto",Discos duros y SSDs,https://static.ctonline.mx/imagenes/DDUWSD2870/DDUWSD2870_800.jpg,800x800 px,Fondo blanco puro verificado,Reactivación Automática Mercado Libre
MLM3424392299,NVRPVS410,"Nvr  Dda2 Provision Isr  Nvr12-32800rfan(2u), 32 Canales Ip",Discos duros y SSDs,https://static.ctonline.mx/imagenes/NVRPVS410/NVRPVS410_800.jpg,800x800 px,Fondo blanco puro verificado,Reactivación Automática Mercado Libre
MLM3424392303,CPUASS1510,Asus Ia Mini Pc De Escritorio Gx10-gg0016bn De 4tb Nvme Pcie,Discos duros y SSDs,https://static.ctonline.mx/imagenes/CPUASS1510/CPUASS1510_800.jpg,800x800 px,Fondo blanco puro verificado,Reactivación Automática Mercado Libre
MLM3424392315,ACCKYC390,Accesorio Kyocera  Disco Duro Ssd (128gb)  Compatible: Taska,Discos duros y SSDs,https://static.ctonline.mx/imagenes/ACCKYC390/ACCKYC390_800.jpg,800x800 px,Fondo blanco puro verificado,Reactivación Automática Mercado Libre
MLM3424392343,ACCMTD290,"Ops Para Pantalla Interactiva Jc Touch Version I5, 4gb Ram,",Discos duros y SSDs,https://static.ctonline.mx/imagenes/ACCMTD290/ACCMTD290_800.jpg,800x800 px,Fondo blanco puro verificado,Reactivación Automática Mercado Libre
MLM3424392361,NVRUNV030,Nvr 8mp (4k) 8 Ch / 8 Poe Unv (nvr301-08s3-p8) Capacidad 1 D,Discos duros y SSDs,https://static.ctonline.mx/imagenes/NVRUNV030/NVRUNV030_800.jpg,800x800 px,Fondo blanco puro verificado,Reactivación Automática Mercado Libre
MLM3424392523,DDUWSD2280,Disco Estado Solido Wd Black Sn770 Nvme Pci Express 4.0 2tb,Discos duros y SSDs,https://static.ctonline.mx/imagenes/DDUWSD2280/DDUWSD2280_800.jpg,800x800 px,Fondo blanco puro verificado,Reactivación Automática Mercado Libre
MLM3424392549,DDUWSD2610,"Disco Duro Western Digital Purple Wd221purp 22tb, Formato: 3",Discos duros y SSDs,https://static.ctonline.mx/imagenes/DDUWSD2610/DDUWSD2610_800.jpg,800x800 px,Fondo blanco puro verificado,Reactivación Automática Mercado Libre
MLM3424392685,DDUKGT2020,Ssd Kc600 2.5 Kingston 512gb Skc600ms/512g,Discos duros y SSDs,https://static.ctonline.mx/imagenes/DDUKGT2020/DDUKGT2020_800.jpg,800x800 px,Fondo blanco puro verificado,Reactivación Automática Mercado Libre
MLM3424392755,DDUXFN050,"Disco Duro Hdd Xfusion, 8000gb, Sata 6gb/s 0254y470, Enterpr",Discos duros y SSDs,https://static.ctonline.mx/imagenes/DDUXFN050/DDUXFN050_800.jpg,800x800 px,Fondo blanco puro verificado,Reactivación Automática Mercado Libre
MLM3424392833,NVRUNI060,Nvr Uniarch (nvr-108e2-p8) / 8 Canales / 8 Canales Poe / Cap,Discos duros y SSDs,https://static.ctonline.mx/imagenes/NVRUNI060/NVRUNI060_800.jpg,800x800 px,Fondo blanco puro verificado,Reactivación Automática Mercado Libre
MLM3424392849,SERCLO490,5tb Disco Duro Adicional Para Servidor Virtual En La Nube Nc,Discos duros y SSDs,https://static.ctonline.mx/imagenes/SERCLO490/SERCLO490_800.jpg,800x800 px,Fondo blanco puro verificado,Reactivación Automática Mercado Libre
MLM3424392857,DDUWSD2990,"Ssd Sandisk Green 2tb Wds200t4g0e Sn3000 Nvme M.2, Formato:",Discos duros y SSDs,https://static.ctonline.mx/imagenes/DDUWSD2990/DDUWSD2990_800.jpg,800x800 px,Fondo blanco puro verificado,Reactivación Automática Mercado Libre
MLM3424392875,DDUDAT2180,Unidad De Estado Sólido Adata Legend 960 Max 2tb Pcie Gen4x4,Discos duros y SSDs,https://static.ctonline.mx/imagenes/DDUDAT2180/DDUDAT2180_800.jpg,800x800 px,Fondo blanco puro verificado,Reactivación Automática Mercado Libre
MLM3424392885,DDUKGT2500,Ssd Sfyr2s M.2 Kingston 1024gb Sfyr2s/1t0,Discos duros y SSDs,https://static.ctonline.mx/imagenes/DDUKGT2500/DDUKGT2500_800.jpg,800x800 px,Fondo blanco puro verificado,Reactivación Automática Mercado Libre
MLM3424392915,DDUWSD2290,"Disco Duro Wd Red Plus Modelo Wd80efpx De 8tb, 5640 Rpm, 256",Discos duros y SSDs,https://static.ctonline.mx/imagenes/DDUWSD2290/DDUWSD2290_800.jpg,800x800 px,Fondo blanco puro verificado,Reactivación Automática Mercado Libre
MLM3424393015,DDUDAT1620,"Unidad De Estado Sólido Adata Xpg Gammix S70 Blade, 2tb, M.2",Discos duros y SSDs,https://static.ctonline.mx/imagenes/DDUDAT1620/DDUDAT1620_800.jpg,800x800 px,Fondo blanco puro verificado,Reactivación Automática Mercado Libre
MLM3424393117,SERCLO440,1tb Disco Duro Adicional Para Servidor Virtual En La Nube Nc,Discos duros y SSDs,https://static.ctonline.mx/imagenes/SERCLO440/SERCLO440_800.jpg,800x800 px,Fondo blanco puro verificado,Reactivación Automática Mercado Libre
MLM3424393153,DDUWSD2400,"Disco Duro Western Digital Purple Pro Wd181purp 18tb, Format",Discos duros y SSDs,https://static.ctonline.mx/imagenes/DDUWSD2400/DDUWSD2400_800.jpg,800x800 px,Fondo blanco puro verificado,Reactivación Automática Mercado Libre
MLM3424393175,SERCLO350,100gb Disco Duro Adicional Para Servidor Virtual En La Nube,Discos duros y SSDs,https://static.ctonline.mx/imagenes/SERCLO350/SERCLO350_800.jpg,800x800 px,Fondo blanco puro verificado,Reactivación Automática Mercado Libre
MLM3424393227,DDUKGT2530,Ssd Nv3 M.2 2230 Pcie 4.0 Nvme Kingston 500gb Snv3sm3/500g,Discos duros y SSDs,https://static.ctonline.mx/imagenes/DDUKGT2530/DDUKGT2530_800.jpg,800x800 px,Fondo blanco puro verificado,Reactivación Automática Mercado Libre
MLM3424393319,DDUKGT1880,Ssd Kc600 2.5 Kingston 512gb Skc600/512g,Discos duros y SSDs,https://static.ctonline.mx/imagenes/DDUKGT1880/DDUKGT1880_800.jpg,800x800 px,Fondo blanco puro verificado,Reactivación Automática Mercado Libre
MLM3424393351,CPUEVO750,"Computadora De Escritorio Evotec Ev-2003, Procesador Intel®",Discos duros y SSDs,https://static.ctonline.mx/imagenes/CPUEVO750/CPUEVO750_800.jpg,800x800 px,Fondo blanco puro verificado,Reactivación Automática Mercado Libre
MLM3424393389,DDUKGT2450,Ssd Externo Xs1000 Red Kingston 1000gb Sxs1000r/1000g,Discos duros y SSDs,https://static.ctonline.mx/imagenes/DDUKGT2450/DDUKGT2450_800.jpg,800x800 px,Fondo blanco puro verificado,Reactivación Automática Mercado Libre
MLM3424393431,DDUDAT2190,Unidad De Estado Sólido Adata Legend 860 1tb Pcie Gen4x4 M.2,Discos duros y SSDs,https://static.ctonline.mx/imagenes/DDUDAT2190/DDUDAT2190_800.jpg,800x800 px,Fondo blanco puro verificado,Reactivación Automática Mercado Libre
MLM3424393449,DDUWSD2660,"Disco Duro Western Digital Red Plus Nas Wd120efgx 12tb, Fact",Discos duros y SSDs,https://static.ctonline.mx/imagenes/DDUWSD2660/DDUWSD2660_800.jpg,800x800 px,Fondo blanco puro verificado,Reactivación Automática Mercado Libre
MLM3424393467,DDULEN1070,Disco Duro Lenovo Thinksystem Sff/2.5  (4xb7a83970) 2.4tb 10,Discos duros y SSDs,https://static.ctonline.mx/imagenes/DDULEN1070/DDULEN1070_800.jpg,800x800 px,Fondo blanco puro verificado,Reactivación Automática Mercado Libre
MLM3424393477,ACCACT4710,Enclosure Ssd M.2 Armor Plus Hc650 Acteck Elite Series Carca,Discos duros y SSDs,https://static.ctonline.mx/imagenes/ACCACT4710/ACCACT4710_800.jpg,800x800 px,Fondo blanco puro verificado,Reactivación Automática Mercado Libre
MLM3424393483,DDUXFN010,"Disco Duro Xfusion (0254y710), V7sas600g Hdd,1200gb,sas 12gb",Discos duros y SSDs,https://static.ctonline.mx/imagenes/DDUXFN010/DDUXFN010_800.jpg,800x800 px,Fondo blanco puro verificado,Reactivación Automática Mercado Libre
MLM3424393511,DDUDAT1020,Unidad De Estado Solido Adata Xpg Sx8200 Pro 512gb Pcie Gen3,Discos duros y SSDs,https://static.ctonline.mx/imagenes/DDUDAT1020/DDUDAT1020_800.jpg,800x800 px,Fondo blanco puro verificado,Reactivación Automática Mercado Libre
MLM6133201604,DDUKGT2600,Ssd Dc600m 2.5 Kingston 960gb Sedc600me/960g,Discos duros y SSDs,https://static.ctonline.mx/imagenes/DDUKGT2600/DDUKGT2600_800.jpg,800x800 px,Fondo blanco puro verificado,Reactivación Automática Mercado Libre
MLM6133201612,DDUDAT2420,Unidad De Estado Sólido Xpg Mars 980 Pro 1tb Pcie Gen5 X4 M.,Discos duros y SSDs,https://static.ctonline.mx/imagenes/DDUDAT2420/DDUDAT2420_800.jpg,800x800 px,Fondo blanco puro verificado,Reactivación Automática Mercado Libre
MLM6133201632,DDUKGT2580,Ssd Sfyrs M.2 Kingston 8192gb Sfyr2d/8t1,Discos duros y SSDs,https://static.ctonline.mx/imagenes/DDUKGT2580/DDUKGT2580_800.jpg,800x800 px,Fondo blanco puro verificado,Reactivación Automática Mercado Libre
MLM6133201634,SERCLO450,1tb Y 500gb Disco Duro Adicional Para Servidor Virtual En La,Discos duros y SSDs,https://static.ctonline.mx/imagenes/SERCLO450/SERCLO450_800.jpg,800x800 px,Fondo blanco puro verificado,Reactivación Automática Mercado Libre
MLM6133201640,DDUWSD2040,"Disco Duro Wd Red Plus Modelo Wd120efbx De 12tb, 256mb Cache",Discos duros y SSDs,https://static.ctonline.mx/imagenes/DDUWSD2040/DDUWSD2040_800.jpg,800x800 px,Fondo blanco puro verificado,Reactivación Automática Mercado Libre
MLM6133201652,DDUSAT1350,"Disco Duro New Pull 6tb Interno, 3.5 , Velocidad De Rotación",Discos duros y SSDs,https://static.ctonline.mx/imagenes/DDUSAT1350/DDUSAT1350_800.jpg,800x800 px,Fondo blanco puro verificado,Reactivación Automática Mercado Libre
MLM6133201660,CPUBNQ060,"Benq Ops Tey41-i5, 5a.f9630.4j2. I5 1235u, Intel®12th, 16 Gb",Discos duros y SSDs,https://static.ctonline.mx/imagenes/CPUBNQ060/CPUBNQ060_800.jpg,800x800 px,Fondo blanco puro verificado,Reactivación Automática Mercado Libre
MLM6133201688,DDUSAT220,"Disco Duro New Pull 320g Interno, 3.5 , Velocidad De Rotació",Discos duros y SSDs,https://static.ctonline.mx/imagenes/DDUSAT220/DDUSAT220_800.jpg,800x800 px,Fondo blanco puro verificado,Reactivación Automática Mercado Libre
MLM6133201720,DDUDAT2300,Unidad De Estado Sólido Adata Legend 960 Max 4tb Pcie Gen4x4,Discos duros y SSDs,https://static.ctonline.mx/imagenes/DDUDAT2300/DDUDAT2300_800.jpg,800x800 px,Fondo blanco puro verificado,Reactivación Automática Mercado Libre
MLM6133202032,DVRHKV680,Edvr 2 Megapíxel (1080p) Lite Ds-e04hghi-b / 4 Canales Turbo,Discos duros y SSDs,https://static.ctonline.mx/imagenes/DVRHKV680/DVRHKV680_800.jpg,800x800 px,Fondo blanco puro verificado,Reactivación Automática Mercado Libre
MLM6133202052,SERCLO220,50 Gb Disco Duro Adicional Para Servidor Virtual En La Nube,Discos duros y SSDs,https://static.ctonline.mx/imagenes/SERCLO220/SERCLO220_800.jpg,800x800 px,Fondo blanco puro verificado,Reactivación Automática Mercado Libre
MLM6133202092,NVRUNI070,Nvr 4 Canales Uniarch (nvr-104s3-p4-eco) 6mp / Plug&play / 4,Discos duros y SSDs,https://static.ctonline.mx/imagenes/NVRUNI070/NVRUNI070_800.jpg,800x800 px,Fondo blanco puro verificado,Reactivación Automática Mercado Libre
MLM6133202128,SERCLO360,150gb Disco Duro Adicional Para Servidor Virtual En La Nube,Discos duros y SSDs,https://static.ctonline.mx/imagenes/SERCLO360/SERCLO360_800.jpg,800x800 px,Fondo blanco puro verificado,Reactivación Automática Mercado Libre
MLM6133202166,DDUWSD2980,"Disco Duro Western Digital Purple Pro Wd260purp 26tb, Factor",Discos duros y SSDs,https://static.ctonline.mx/imagenes/DDUWSD2980/DDUWSD2980_800.jpg,800x800 px,Fondo blanco puro verificado,Reactivación Automática Mercado Libre
MLM6133202184,DDUWSD3130,"Disco Duro Western Digital Red Pro Wd6003ffbx 6tb 3.5, Facto",Discos duros y SSDs,https://static.ctonline.mx/imagenes/DDUWSD3130/DDUWSD3130_800.jpg,800x800 px,Fondo blanco puro verificado,Reactivación Automática Mercado Libre
MLM6133202322,SERCLO420,500gb Disco Duro Adicional Para Servidor Virtual En La Nube,Discos duros y SSDs,https://static.ctonline.mx/imagenes/SERCLO420/SERCLO420_800.jpg,800x800 px,Fondo blanco puro verificado,Reactivación Automática Mercado Libre
MLM6133202488,DDUSTY070,Ssd M2 2tb Stylos Stmssdm23b. Unidad De Estado Solido 2tb M2,Discos duros y SSDs,https://static.ctonline.mx/imagenes/DDUSTY070/DDUSTY070_800.jpg,800x800 px,Fondo blanco puro verificado,Reactivación Automática Mercado Libre
MLM6133202510,DDUXFN100,"Disco Duro Ssd Xfusion 0255yexm, 1920gb,sata 6gb/s,read Inte",Discos duros y SSDs,https://static.ctonline.mx/imagenes/DDUXFN100/DDUXFN100_800.jpg,800x800 px,Fondo blanco puro verificado,Reactivación Automática Mercado Libre
MLM6133202570,DDUWSD2090,Disco Duro Wd Purple Modelo Wd23purz De 2tb.,Discos duros y SSDs,https://static.ctonline.mx/imagenes/DDUWSD2090/DDUWSD2090_800.jpg,800x800 px,Fondo blanco puro verificado,Reactivación Automática Mercado Libre
MLM6133202594,DDUWSD2030,"Ssd Wd Green 2tb Wds200t2g0a, Rendimiento De Lectura Secuenc",Discos duros y SSDs,https://static.ctonline.mx/imagenes/DDUWSD2030/DDUWSD2030_800.jpg,800x800 px,Fondo blanco puro verificado,Reactivación Automática Mercado Libre
MLM6133202646,DDUTRD100,Synology Hat3310-12t Disco Duro 12tb  7200rpm  Serie Plus Di,Discos duros y SSDs,https://static.ctonline.mx/imagenes/DDUTRD100/DDUTRD100_800.jpg,800x800 px,Fondo blanco puro verificado,Reactivación Automática Mercado Libre
MLM6133202674,DDUWSD2410,"Disco Duro Western Digital Red Wd20efpx 2tb, Formato: 3.5 ,",Discos duros y SSDs,https://static.ctonline.mx/imagenes/DDUWSD2410/DDUWSD2410_800.jpg,800x800 px,Fondo blanco puro verificado,Reactivación Automática Mercado Libre
MLM6133202716,ACCRBT7640,"Riel De Montaje Para Disco Duro Ssd 2.5  (6005804), Brobotix",Discos duros y SSDs,https://static.ctonline.mx/imagenes/ACCRBT7640/ACCRBT7640_800.jpg,800x800 px,Fondo blanco puro verificado,Reactivación Automática Mercado Libre
MLM6133202818,DDUWSD3090,"Disco Duro Western Digital Purple Pro Wd241purp 24tb, Format",Discos duros y SSDs,https://static.ctonline.mx/imagenes/DDUWSD3090/DDUWSD3090_800.jpg,800x800 px,Fondo blanco puro verificado,Reactivación Automática Mercado Libre
MLM6133202836,DDUXFN080,"Disco Duro Ssd Xfusion, 3840gb, Sata 6gb/s 0255y424, Read In",Discos duros y SSDs,https://static.ctonline.mx/imagenes/DDUXFN080/DDUXFN080_800.jpg,800x800 px,Fondo blanco puro verificado,Reactivación Automática Mercado Libre
MLM6133202842,DDUKGT2010,Ssd Kc600 2.5 Kingston 256gb Skc600ms/256g,Discos duros y SSDs,https://static.ctonline.mx/imagenes/DDUKGT2010/DDUKGT2010_800.jpg,800x800 px,Fondo blanco puro verificado,Reactivación Automática Mercado Libre
MLM6133202928,NVRPVS440,"Nvr  Dda Provision Isr  Nvr12-16400fan(1u) , 16 Canales Ip H",Discos duros y SSDs,https://static.ctonline.mx/imagenes/NVRPVS440/NVRPVS440_800.jpg,800x800 px,Fondo blanco puro verificado,Reactivación Automática Mercado Libre
MLM6133202934,SERCLO950,"Servidor Virtual Básico, So Linux, 1vcpu, 2gb Ram, 50gb Dd s",Discos duros y SSDs,https://static.ctonline.mx/imagenes/SERCLO950/SERCLO950_800.jpg,800x800 px,Fondo blanco puro verificado,Reactivación Automática Mercado Libre
MLM6133202974,DDUWSD410,"Disco Duro Western Digital Black Wd2003fzex 2tb, Formato: 3.",Discos duros y SSDs,https://static.ctonline.mx/imagenes/DDUWSD410/DDUWSD410_800.jpg,800x800 px,Fondo blanco puro verificado,Reactivación Automática Mercado Libre
MLM6133203026,DDUSAT1090,Disco Duro  New Pull  De 4 Tb Hus724040ale640 3.5  Sata 7200,Discos duros y SSDs,https://static.ctonline.mx/imagenes/DDUSAT1090/DDUSAT1090_800.jpg,800x800 px,Fondo blanco puro verificado,Reactivación Automática Mercado Libre
MLM6133203046,DDUWSD2300,"Disco Duro Wd Purple Modelo Wd8002purp De 8tb, 256mb Cache.",Discos duros y SSDs,https://static.ctonline.mx/imagenes/DDUWSD2300/DDUWSD2300_800.jpg,800x800 px,Fondo blanco puro verificado,Reactivación Automática Mercado Libre
MLM6133203074,ACCSTY500,"Enclosure Stylos Sten251b 2.5  Interfaz Tipo C, Gabinete Par",Discos duros y SSDs,https://static.ctonline.mx/imagenes/ACCSTY500/ACCSTY500_800.jpg,800x800 px,Fondo blanco puro verificado,Reactivación Automática Mercado Libre
MLM6133203084,DDUKGT2390,Ssd Externo Xs1000 Kingston 2000gb Sxs1000/2000g,Discos duros y SSDs,https://static.ctonline.mx/imagenes/DDUKGT2390/DDUKGT2390_800.jpg,800x800 px,Fondo blanco puro verificado,Reactivación Automática Mercado Libre
MLM6133203090,DDUSTY040,Stylos Ssd Sataiii 1tb Stmssd4b. Soporta Funciones S.m.a.r.t,Discos duros y SSDs,https://static.ctonline.mx/imagenes/DDUSTY040/DDUSTY040_800.jpg,800x800 px,Fondo blanco puro verificado,Reactivación Automática Mercado Libre
MLM6133203134,ACCXRX1260,Xerox 497k17740 Disco Duro 320 Gb Para Versalink 7cx B7000,Discos duros y SSDs,https://static.ctonline.mx/imagenes/ACCXRX1260/ACCXRX1260_800.jpg,800x800 px,Fondo blanco puro verificado,Reactivación Automática Mercado Libre
MLM6133203144,DDUXPG100,Unidad De Estado Sólido Xpg Gammix S60 2tb Pcie Gen4 X4 M.2,Discos duros y SSDs,https://static.ctonline.mx/imagenes/DDUXPG100/DDUXPG100_800.jpg,800x800 px,Fondo blanco puro verificado,Reactivación Automática Mercado Libre
MLM6133203202,CPUGET010,Pc Desktop Getttech Modelo Gpi-gvn100a-01m  Series N100a-01m,Discos duros y SSDs,https://static.ctonline.mx/imagenes/CPUGET010/CPUGET010_800.jpg,800x800 px,Fondo blanco puro verificado,Reactivación Automática Mercado Libre
MLM6133203206,DDUWSD2520,"Disco Duro Western Digital Red Pro Wd240kfgx 24tb, Formato:",Discos duros y SSDs,https://static.ctonline.mx/imagenes/DDUWSD2520/DDUWSD2520_800.jpg,800x800 px,Fondo blanco puro verificado,Reactivación Automática Mercado Libre
MLM6133203382,DDUSAT260,"Disco Duro  New Pull  (sin Usar, Extraídos De Equipos Nuevos",Discos duros y SSDs,https://static.ctonline.mx/imagenes/DDUSAT260/DDUSAT260_800.jpg,800x800 px,Fondo blanco puro verificado,Reactivación Automática Mercado Libre
MLM6133203412,DDUDAT2460,"Unidad De Estado Sólido Adata Xpg Gammix S70 Blade, 8tb, M.2",Discos duros y SSDs,https://static.ctonline.mx/imagenes/DDUDAT2460/DDUDAT2460_800.jpg,800x800 px,Fondo blanco puro verificado,Reactivación Automática Mercado Libre
MLM6133203480,DDUWSD2770,"Ssd Plus Sandisk 1tb Sdssda-1t00-g28 2.5, Formato: 2.5, Rend",Discos duros y SSDs,https://static.ctonline.mx/imagenes/DDUWSD2770/DDUWSD2770_800.jpg,800x800 px,Fondo blanco puro verificado,Reactivación Automática Mercado Libre
MLM6133203592,DDUTRD020,Synology Hat3310-16t Disco Duro 16tb / 7200rpm / Serie Plus,Discos duros y SSDs,https://static.ctonline.mx/imagenes/DDUTRD020/DDUTRD020_800.jpg,800x800 px,Fondo blanco puro verificado,Reactivación Automática Mercado Libre
MLM6133203690,DDUWSD2590,"Ssd Black Sandisk Sn7100 Nvme 500gb Wds500g4x0e M.2, Formato",Discos duros y SSDs,https://static.ctonline.mx/imagenes/DDUWSD2590/DDUWSD2590_800.jpg,800x800 px,Fondo blanco puro verificado,Reactivación Automática Mercado Libre
MLM6133203750,DDUKGT2330,Ssd Dc600m 2.5 Kingston 1920gb Sedc600m/1920g,Discos duros y SSDs,https://static.ctonline.mx/imagenes/DDUKGT2330/DDUKGT2330_800.jpg,800x800 px,Fondo blanco puro verificado,Reactivación Automática Mercado Libre
MLM6133203752,SERCLO460,2tb Disco Duro Adicional Para Servidor Virtual En La Nube Nc,Discos duros y SSDs,https://static.ctonline.mx/imagenes/SERCLO460/SERCLO460_800.jpg,800x800 px,Fondo blanco puro verificado,Reactivación Automática Mercado Libre
MLM6133203776,DDUWSD3190,"Ssd Green Sandisk 480gb Wds480g3g0b M.2 Sn350 Nvme, Formato:",Discos duros y SSDs,https://static.ctonline.mx/imagenes/DDUWSD3190/DDUWSD3190_800.jpg,800x800 px,Fondo blanco puro verificado,Reactivación Automática Mercado Libre
MLM6133203826,DDUWSD2710,"Ssd Sandisk Sdssda-2t00-g26 2tb, Formato: 2.5, Rendimiento D",Discos duros y SSDs,https://static.ctonline.mx/imagenes/DDUWSD2710/DDUWSD2710_800.jpg,800x800 px,Fondo blanco puro verificado,Reactivación Automática Mercado Libre
MLM6133203912,NVRUNI050,Nvr Uniarch (nvr-104e2-p4) / 4 Canales / 4 Canales Poe / Cap,Discos duros y SSDs,https://static.ctonline.mx/imagenes/NVRUNI050/NVRUNI050_800.jpg,800x800 px,Fondo blanco puro verificado,Reactivación Automática Mercado Libre
MLM6133203982,DDUSAT580,Disco Duro  New Pull  De 3tb.,Discos duros y SSDs,https://static.ctonline.mx/imagenes/DDUSAT580/DDUSAT580_800.jpg,800x800 px,Fondo blanco puro verificado,Reactivación Automática Mercado Libre
MLM6133203994,DDUWSD3020,"Disco Duro Western Digital Purple Wd44purz 4tb, Factor De Fo",Discos duros y SSDs,https://static.ctonline.mx/imagenes/DDUWSD3020/DDUWSD3020_800.jpg,800x800 px,Fondo blanco puro verificado,Reactivación Automática Mercado Libre
MLM6133204054,DDUWSD2530,"Disco Duro Western Digital Purple Pro Wd122purp 12tb, Format",Discos duros y SSDs,https://static.ctonline.mx/imagenes/DDUWSD2530/DDUWSD2530_800.jpg,800x800 px,Fondo blanco puro verificado,Reactivación Automática Mercado Libre
MLM6133204060,DDUWSD3040,Disco Duro Western Digital Black Wdba5g0040bbk-wesn 4tb Para,Discos duros y SSDs,https://static.ctonline.mx/imagenes/DDUWSD3040/DDUWSD3040_800.jpg,800x800 px,Fondo blanco puro verificado,Reactivación Automática Mercado Libre
MLM6133204080,DDUDAT2200,Unidad De Estado Sólido Adata Legend 860 2tb Pcie Gen4x4 M.2,Discos duros y SSDs,https://static.ctonline.mx/imagenes/DDUDAT2200/DDUDAT2200_800.jpg,800x800 px,Fondo blanco puro verificado,Reactivación Automática Mercado Libre
MLM6133204102,DDUWSD1820,"Disco Duro Wd Red Modelo Wd101efbx De 10tb, 256mb Cache",Discos duros y SSDs,https://static.ctonline.mx/imagenes/DDUWSD1820/DDUWSD1820_800.jpg,800x800 px,Fondo blanco puro verificado,Reactivación Automática Mercado Libre
MLM6133204176,DDUKGT2080,Ssd Kc3000 Pcie Nvme M.2 Kingston 1024gb Skc3000s/1024g,Discos duros y SSDs,https://static.ctonline.mx/imagenes/DDUKGT2080/DDUKGT2080_800.jpg,800x800 px,Fondo blanco puro verificado,Reactivación Automática Mercado Libre
MLM6133204226,DDUKGT2550,Ssd Nv3 M.2 2230 Pcie 4.0 Nvme Kingston 2000gb Snv3sm3/2t0,Discos duros y SSDs,https://static.ctonline.mx/imagenes/DDUKGT2550/DDUKGT2550_800.jpg,800x800 px,Fondo blanco puro verificado,Reactivación Automática Mercado Libre
MLM6133204298,DDUWSD2440,"Disco Duro Western Digital Red Wd8005ffbx 8tb, Formato: 3.5 ",Discos duros y SSDs,https://static.ctonline.mx/imagenes/DDUWSD2440/DDUWSD2440_800.jpg,800x800 px,Fondo blanco puro verificado,Reactivación Automática Mercado Libre
MLM6133204330,DDUWSD1860,Unidad De Estado Solido Wd Green M.2 Pcie Gn 3 Nvme Sn350 2t,Discos duros y SSDs,https://static.ctonline.mx/imagenes/DDUWSD1860/DDUWSD1860_800.jpg,800x800 px,Fondo blanco puro verificado,Reactivación Automática Mercado Libre
MLM6133204332,DDUWSD3180,"Ssd Blue Sandisk 1tb Wds100t5b0e M.2 Sn5100 Nvme, Formato: M",Discos duros y SSDs,https://static.ctonline.mx/imagenes/DDUWSD3180/DDUWSD3180_800.jpg,800x800 px,Fondo blanco puro verificado,Reactivación Automática Mercado Libre
MLM6133204340,DDULEN680,Disco Duro Lenovothinksystem Ssf/2.5  (7xb7a00027) 1.2tb 10k,Discos duros y SSDs,https://static.ctonline.mx/imagenes/DDULEN680/DDULEN680_800.jpg,800x800 px,Fondo blanco puro verificado,Reactivación Automática Mercado Libre
MLM6133204374,DDUTOS1010,"Disco Duro Interno Toshiba 2tb  3.5 Sata Videovigilancia, S3",Discos duros y SSDs,https://static.ctonline.mx/imagenes/DDUTOS1010/DDUTOS1010_800.jpg,800x800 px,Fondo blanco puro verificado,Reactivación Automática Mercado Libre
MLM6133204422,SERCLO380,250gb Disco Duro Adicional Para Servidor Virtual En La Nube,Discos duros y SSDs,https://static.ctonline.mx/imagenes/SERCLO380/SERCLO380_800.jpg,800x800 px,Fondo blanco puro verificado,Reactivación Automática Mercado Libre
MLM6133204594,DDUDAT2400,Unidad De Estado Sólido Xpg Mars 980 Blade 2tb Pcie Gen5 X4,Discos duros y SSDs,https://static.ctonline.mx/imagenes/DDUDAT2400/DDUDAT2400_800.jpg,800x800 px,Fondo blanco puro verificado,Reactivación Automática Mercado Libre
MLM6133204600,ACCXRX1520,Xerox 497k18360 Kit De Productividad. Incluye Disco Duro De,Discos duros y SSDs,https://static.ctonline.mx/imagenes/ACCXRX1520/ACCXRX1520_800.jpg,800x800 px,Fondo blanco puro verificado,Reactivación Automática Mercado Libre
MLM6133204640,DDUSAN480,"Disco Duro New Pull  Laptop 1tb, 5400 Rpm 2.5  , 7mm. Interf",Discos duros y SSDs,https://static.ctonline.mx/imagenes/DDUSAN480/DDUSAN480_800.jpg,800x800 px,Fondo blanco puro verificado,Reactivación Automática Mercado Libre
MLM6133204730,ACCVGO2550,"Enclosure. Vorago. Hdd-202. Gabinete Para Hdd Y Ssd De 2.5 ,",Discos duros y SSDs,https://static.ctonline.mx/imagenes/ACCVGO2550/ACCVGO2550_800.jpg,800x800 px,Fondo blanco puro verificado,Reactivación Automática Mercado Libre
MLM6133204812,NVRUNV020,Nvr 8mp 4ch / 4 Poe Unv (nvr301-04ls3-p4) Capacidad 1 Disco,Discos duros y SSDs,https://static.ctonline.mx/imagenes/NVRUNV020/NVRUNV020_800.jpg,800x800 px,Fondo blanco puro verificado,Reactivación Automática Mercado Libre
MLM6133204814,DDUKGT2410,Ssd Nv3 M.2 Kingston 500gb Snv3s/500g,Discos duros y SSDs,https://static.ctonline.mx/imagenes/DDUKGT2410/DDUKGT2410_800.jpg,800x800 px,Fondo blanco puro verificado,Reactivación Automática Mercado Libre
MLM6133204848,DDUTOS1090,"Disco Duro Interno Toshiba 6tb, Mg10-d 7200rpm, Cache Sataii",Discos duros y SSDs,https://static.ctonline.mx/imagenes/DDUTOS1090/DDUTOS1090_800.jpg,800x800 px,Fondo blanco puro verificado,Reactivación Automática Mercado Libre
MLM6133204960,ACCHPE2530,Dispositivo De Arranque (p12965-b21) Del So Hpe Ns204i-p X2,Discos duros y SSDs,https://static.ctonline.mx/imagenes/ACCHPE2530/ACCHPE2530_800.jpg,800x800 px,Fondo blanco puro verificado,Reactivación Automática Mercado Libre
MLM6133204986,DDUSTY050,Ssd M2 1tb Stylos Stmssdm22b. Unidad De Estado Solido 1tb M2,Discos duros y SSDs,https://static.ctonline.mx/imagenes/DDUSTY050/DDUSTY050_800.jpg,800x800 px,Fondo blanco puro verificado,Reactivación Automática Mercado Libre
MLM6133205026,DDUKGT2340,Ssd Dc600m 2.5 Kingston 3840gb Sedc600m/3840g,Discos duros y SSDs,https://static.ctonline.mx/imagenes/DDUKGT2340/DDUKGT2340_800.jpg,800x800 px,Fondo blanco puro verificado,Reactivación Automática Mercado Libre
MLM6133205060,DDUKGT1890,Ssd Kc600 2.5 Kingston 1024gb Skc600/1024g,Discos duros y SSDs,https://static.ctonline.mx/imagenes/DDUKGT1890/DDUKGT1890_800.jpg,800x800 px,Fondo blanco puro verificado,Reactivación Automática Mercado Libre
MLM6133205070,DDUWSD1230,Disco Duro Wd De 1tb Blue 7mm Modelo Wd10spzx,Discos duros y SSDs,https://static.ctonline.mx/imagenes/DDUWSD1230/DDUWSD1230_800.jpg,800x800 px,Fondo blanco puro verificado,Reactivación Automática Mercado Libre
MLM6133205150,DDUWSD2310,"Disco Duro Wd Red Plus Modelo Wd60efpx De 6tb, 256mb Cache",Discos duros y SSDs,https://static.ctonline.mx/imagenes/DDUWSD2310/DDUWSD2310_800.jpg,800x800 px,Fondo blanco puro verificado,Reactivación Automática Mercado Libre
MLM6133205166,DDUKGT2590,Ssd Dc600m 2.5 Kingston 480gb Sedc600me/480g,Discos duros y SSDs,https://static.ctonline.mx/imagenes/DDUKGT2590/DDUKGT2590_800.jpg,800x800 px,Fondo blanco puro verificado,Reactivación Automática Mercado Libre
MLM6133205212,DDUDAT2470,Unidad De Estado Sólido Adata Legend 900 Pro 1tb Pcie Gen4 X,Discos duros y SSDs,https://static.ctonline.mx/imagenes/DDUDAT2470/DDUDAT2470_800.jpg,800x800 px,Fondo blanco puro verificado,Reactivación Automática Mercado Libre
MLM6133205276,DDUDLL3120,Disco Duro Dell 161-bbrx Dell 8tb 7.2k Rpm Sas 12gbps 512e 3,Discos duros y SSDs,https://static.ctonline.mx/imagenes/DDUDLL3120/DDUDLL3120_800.jpg,800x800 px,Fondo blanco puro verificado,Reactivación Automática Mercado Libre
MLM6133205312,DDUSTY030,Stylos Ssd Sataiii 480g Stmssd3b. Soporta Funciones S.m.a.r.,Discos duros y SSDs,https://static.ctonline.mx/imagenes/DDUSTY030/DDUSTY030_800.jpg,800x800 px,Fondo blanco puro verificado,Reactivación Automática Mercado Libre
MLM6133205332,DDUDAT2170,Unidad De Estado Sólido Adata Legend 960 Max 1tb Pcie Gen4x4,Discos duros y SSDs,https://static.ctonline.mx/imagenes/DDUDAT2170/DDUDAT2170_800.jpg,800x800 px,Fondo blanco puro verificado,Reactivación Automática Mercado Libre
MLM6133205436,DDUKGT2320,Ssd Dc600m 2.5 Kingston 960gb Sedc600m/960g,Discos duros y SSDs,https://static.ctonline.mx/imagenes/DDUKGT2320/DDUKGT2320_800.jpg,800x800 px,Fondo blanco puro verificado,Reactivación Automática Mercado Libre
MLM6133205454,DDUKGT2430,Ssd Nv3 M.2 Kingston 2000gb Snv3s/2000g,Discos duros y SSDs,https://static.ctonline.mx/imagenes/DDUKGT2430/DDUKGT2430_800.jpg,800x800 px,Fondo blanco puro verificado,Reactivación Automática Mercado Libre
MLM6133205498,SERCLO980,"Servidor Virtual Estándar, So Windows, 2vcpu, 4gb Ram, 100gb",Discos duros y SSDs,https://static.ctonline.mx/imagenes/SERCLO980/SERCLO980_800.jpg,800x800 px,Fondo blanco puro verificado,Reactivación Automática Mercado Libre
MLM6133205508,DDUWSD2230,"Disco Duro Western Digital Red Pro Wd121kfbx 12tb 3.5, Facto",Discos duros y SSDs,https://static.ctonline.mx/imagenes/DDUWSD2230/DDUWSD2230_800.jpg,800x800 px,Fondo blanco puro verificado,Reactivación Automática Mercado Libre
MLM6133205522,DDUWSD2270,Disco Estado Solido Wd Black Sn770 Nvme Pci Express 4.0 1tb,Discos duros y SSDs,https://static.ctonline.mx/imagenes/DDUWSD2270/DDUWSD2270_800.jpg,800x800 px,Fondo blanco puro verificado,Reactivación Automática Mercado Libre
MLM6133205664,DDUWSD2110,Disco Duro Wd Purple Modelo Wd43purz De 4tb.,Discos duros y SSDs,https://static.ctonline.mx/imagenes/DDUWSD2110/DDUWSD2110_800.jpg,800x800 px,Fondo blanco puro verificado,Reactivación Automática Mercado Libre
MLM6133366060,DDUKGT2510,Ssd Sfyrs M.2 Kingston 2048gb Sfyr2s/2t0,Discos duros y SSDs,https://static.ctonline.mx/imagenes/DDUKGT2510/DDUKGT2510_800.jpg,800x800 px,Fondo blanco puro verificado,Reactivación Automática Mercado Libre
MLM6133366076,DDUWSD2670,"Disco Duro Western Digital Blue Wd40ezax 4tb, Factor De Form",Discos duros y SSDs,https://static.ctonline.mx/imagenes/DDUWSD2670/DDUWSD2670_800.jpg,800x800 px,Fondo blanco puro verificado,Reactivación Automática Mercado Libre
MLM6133366078,CPUNCB190,"Computadora Gamer Naceb Na-i71456-commander Intel I7-14700,",Discos duros y SSDs,https://static.ctonline.mx/imagenes/CPUNCB190/CPUNCB190_800.jpg,800x800 px,Fondo blanco puro verificado,Reactivación Automática Mercado Libre
MLM6133366144,NVRUNV040,Nvr 8mp 16ch / 8 Poe Unv (nvr301-16ls3-p8) / Capacidad 1 Dis,Discos duros y SSDs,https://static.ctonline.mx/imagenes/NVRUNV040/NVRUNV040_800.jpg,800x800 px,Fondo blanco puro verificado,Reactivación Automática Mercado Libre
MLM6133366236,DDUTRD030,Synology Hat3300-4t Disco Duro 4tb / 5400rpm / Serie Plus Di,Discos duros y SSDs,https://static.ctonline.mx/imagenes/DDUTRD030/DDUTRD030_800.jpg,800x800 px,Fondo blanco puro verificado,Reactivación Automática Mercado Libre
MLM6133366324,DDUTRD090,Disco Duro Para Nas Marca Synology Modelo Hat5320-24t 7200rp,Discos duros y SSDs,https://static.ctonline.mx/imagenes/DDUTRD090/DDUTRD090_800.jpg,800x800 px,Fondo blanco puro verificado,Reactivación Automática Mercado Libre
MLM6133366342,DDUWSD2970,"Ssd Sandisk Black 2tb Wds200t1x0m M.2 Sn8100 Nvme, Formato:",Discos duros y SSDs,https://static.ctonline.mx/imagenes/DDUWSD2970/DDUWSD2970_800.jpg,800x800 px,Fondo blanco puro verificado,Reactivación Automática Mercado Libre
MLM6133366394,SERCLO400,350gb Disco Duro Adicional Para Servidor Virtual En La Nube,Discos duros y SSDs,https://static.ctonline.mx/imagenes/SERCLO400/SERCLO400_800.jpg,800x800 px,Fondo blanco puro verificado,Reactivación Automática Mercado Libre
MLM6133366418,DDUTOS1060,"Disco Duro Interno Toshiba 12tb ,n300, Hdd Nas 7200rpm/256mb",Discos duros y SSDs,https://static.ctonline.mx/imagenes/DDUTOS1060/DDUTOS1060_800.jpg,800x800 px,Fondo blanco puro verificado,Reactivación Automática Mercado Libre
MLM6133366432,CPUYEY730,Pc Gamer Yeyian  Hussar B300gb-02m | Athlon 3000g | 16gb Ram,Discos duros y SSDs,https://static.ctonline.mx/imagenes/CPUYEY730/CPUYEY730_800.jpg,800x800 px,Fondo blanco puro verificado,Reactivación Automática Mercado Libre
MLM6133366484,DDUDAT2210,Unidad De Estado Sólido Adata Legend 860 500gb Pcie Gen4x4 M,Discos duros y SSDs,https://static.ctonline.mx/imagenes/DDUDAT2210/DDUDAT2210_800.jpg,800x800 px,Fondo blanco puro verificado,Reactivación Automática Mercado Libre
MLM6133366592,DDUTOS1020,"Disco Duro Interno Toshiba 4tb  3.5 Sata Videovigilancia, S3",Discos duros y SSDs,https://static.ctonline.mx/imagenes/DDUTOS1020/DDUTOS1020_800.jpg,800x800 px,Fondo blanco puro verificado,Reactivación Automática Mercado Libre
MLM6133366624,DDUDLL1610,Disco Duro Dell 400-atkj 2tb 7.2k Rpm Sata 6gbps 512n 3.5in,Discos duros y SSDs,https://static.ctonline.mx/imagenes/DDUDLL1610/DDUDLL1610_800.jpg,800x800 px,Fondo blanco puro verificado,Reactivación Automática Mercado Libre
MLM6133366646,ACCSTY510,"Enclosure Stylos Sten251s 2.5  Interfaz Tipo C, Gabinete Par",Discos duros y SSDs,https://static.ctonline.mx/imagenes/ACCSTY510/ACCSTY510_800.jpg,800x800 px,Fondo blanco puro verificado,Reactivación Automática Mercado Libre
MLM6133366704,DDUWSD2760,"Ssd Green Sandisk 500gb Wds500g5g0a 2.5, Formato: 2.5, Rendi",Discos duros y SSDs,https://static.ctonline.mx/imagenes/DDUWSD2760/DDUWSD2760_800.jpg,800x800 px,Fondo blanco puro verificado,Reactivación Automática Mercado Libre
MLM6133366736,DDUWSD2100,"Disco Duro Western Digital Purple Wd33purz 3tb, Formato: 3.5",Discos duros y SSDs,https://static.ctonline.mx/imagenes/DDUWSD2100/DDUWSD2100_800.jpg,800x800 px,Fondo blanco puro verificado,Reactivación Automática Mercado Libre
MLM6133366848,DDUWSD2720,Ssd Sandisk Sdssda3n-1t00-g26 1tb Ssd Plus M.2 Nvme Pcie Gen,Discos duros y SSDs,https://static.ctonline.mx/imagenes/DDUWSD2720/DDUWSD2720_800.jpg,800x800 px,Fondo blanco puro verificado,Reactivación Automática Mercado Libre
MLM6133366896,DDULEN1040,"Disco Duro Lenovo Thinksystem 7xb7a00069, Capacidad De 2.4 T",Discos duros y SSDs,https://static.ctonline.mx/imagenes/DDULEN1040/DDULEN1040_800.jpg,800x800 px,Fondo blanco puro verificado,Reactivación Automática Mercado Libre
MLM6133366900,DDUKGT2620,Ssd Dc600m 2.5 Kingston 3840gb Sedc600me/3840g,Discos duros y SSDs,https://static.ctonline.mx/imagenes/DDUKGT2620/DDUKGT2620_800.jpg,800x800 px,Fondo blanco puro verificado,Reactivación Automática Mercado Libre
MLM6133366968,AIOECS150,Mini Pc Ecs Liva Z N3350 Soc Intel Celeron N3350 Ranura De E,Discos duros y SSDs,https://static.ctonline.mx/imagenes/AIOECS150/AIOECS150_800.jpg,800x800 px,Fondo blanco puro verificado,Reactivación Automática Mercado Libre
MLM6133367028,DDULEN1020,"Disco Duro Lenovo Thinksystem 4xb7a90874, Thinksystem 2.5  V",Discos duros y SSDs,https://static.ctonline.mx/imagenes/DDULEN1020/DDULEN1020_800.jpg,800x800 px,Fondo blanco puro verificado,Reactivación Automática Mercado Libre
MLM6133367122,ACCKYC380,Accesorio Kyocera  Disco Duro Ssd (32gb)  Compatible: Taskal,Discos duros y SSDs,https://static.ctonline.mx/imagenes/ACCKYC380/ACCKYC380_800.jpg,800x800 px,Fondo blanco puro verificado,Reactivación Automática Mercado Libre
MLM6133367352,DDUWSD2780,"Ssd Creen Sandisk 1tb Wds100t5g0a 2.5, Formato: 2.5, Rendimi",Discos duros y SSDs,https://static.ctonline.mx/imagenes/DDUWSD2780/DDUWSD2780_800.jpg,800x800 px,Fondo blanco puro verificado,Reactivación Automática Mercado Libre
MLM6133367354,CPUEVO1170,"Computadora Evotec Ev-i512-vertec-23 Intel I5-12400, 16 Gb,",Discos duros y SSDs,https://static.ctonline.mx/imagenes/CPUEVO1170/CPUEVO1170_800.jpg,800x800 px,Fondo blanco puro verificado,Reactivación Automática Mercado Libre
MLM6133367474,DDUWSD2650,"Disco Duro Western Digital Red Pro Nas Wd122kfbx 12tb, Facto",Discos duros y SSDs,https://static.ctonline.mx/imagenes/DDUWSD2650/DDUWSD2650_800.jpg,800x800 px,Fondo blanco puro verificado,Reactivación Automática Mercado Libre
MLM6133367534,DDUWSD2510,"Disco Duro Western Digital Red Pro Wd221kfgx 22tb, Formato:",Discos duros y SSDs,https://static.ctonline.mx/imagenes/DDUWSD2510/DDUWSD2510_800.jpg,800x800 px,Fondo blanco puro verificado,Reactivación Automática Mercado Libre
MLM6133367536,DDUWSD2120,Disco Duro Wd Purple Modelo Wd64purz De 6tb.,Discos duros y SSDs,https://static.ctonline.mx/imagenes/DDUWSD2120/DDUWSD2120_800.jpg,800x800 px,Fondo blanco puro verificado,Reactivación Automática Mercado Libre
MLM6133367552,DDUDAT2520,Unidad De Estado Sólido Adata Legend 900 Pro 4tb Pcie Gen4 X,Discos duros y SSDs,https://static.ctonline.mx/imagenes/DDUDAT2520/DDUDAT2520_800.jpg,800x800 px,Fondo blanco puro verificado,Reactivación Automática Mercado Libre
MLM6133367642,DDUKGT2090,Ssd Kc3000 Pcie Nvme M.2 Kingston 4096gb Skc3000d/4096g,Discos duros y SSDs,https://static.ctonline.mx/imagenes/DDUKGT2090/DDUKGT2090_800.jpg,800x800 px,Fondo blanco puro verificado,Reactivación Automática Mercado Libre
MLM6133367668,DDUKGT2440,Ssd Nv3 M.2 Kingston 4000gb Snv3s/4000g,Discos duros y SSDs,https://static.ctonline.mx/imagenes/DDUKGT2440/DDUKGT2440_800.jpg,800x800 px,Fondo blanco puro verificado,Reactivación Automática Mercado Libre
MLM6133367702,GRDDAH1130,Dvr 4 Canales 2mp+ssd Dh-xvr1b04-i-ssd Dvr De 4 Canales 1080,Discos duros y SSDs,https://static.ctonline.mx/imagenes/GRDDAH1130/GRDDAH1130_800.jpg,800x800 px,Fondo blanco puro verificado,Reactivación Automática Mercado Libre
MLM6133367784,DDUDAT2220,"Unidad De Estado Sólido Adata Xpg Gammix S70 Blade, 4tb, M.2",Discos duros y SSDs,https://static.ctonline.mx/imagenes/DDUDAT2220/DDUDAT2220_800.jpg,800x800 px,Fondo blanco puro verificado,Reactivación Automática Mercado Libre
MLM6133367800,DDUKGT2060,Ssd Kc3000 Pcie Nvme M.2 Kingston 2048gb Skc3000d/2048g,Discos duros y SSDs,https://static.ctonline.mx/imagenes/DDUKGT2060/DDUKGT2060_800.jpg,800x800 px,Fondo blanco puro verificado,Reactivación Automática Mercado Libre
MLM6133367858,DDUWSD2890,"Ssd Sandisk Black 2tb Wds200t4x0e M.2 Sn7100 Nvme, Formato:",Discos duros y SSDs,https://static.ctonline.mx/imagenes/DDUWSD2890/DDUWSD2890_800.jpg,800x800 px,Fondo blanco puro verificado,Reactivación Automática Mercado Libre
MLM6133367862,DDUWSD2880,"Ssd Sandisk Green 250gb Wds250g5g0a 2.5  Sata, Formato: 2.5 ",Discos duros y SSDs,https://static.ctonline.mx/imagenes/DDUWSD2880/DDUWSD2880_800.jpg,800x800 px,Fondo blanco puro verificado,Reactivación Automática Mercado Libre
MLM6133367914,DDUWSD2460,Disco Duro Western Digital Black Elements Wdbuzg0010bbk-wesn,Discos duros y SSDs,https://static.ctonline.mx/imagenes/DDUWSD2460/DDUWSD2460_800.jpg,800x800 px,Fondo blanco puro verificado,Reactivación Automática Mercado Libre
MLM6133367936,DDUSTY010,Stylos Ssd Sataiii 120g Stmssd1b. Solid State Drive 120gb. T,Discos duros y SSDs,https://static.ctonline.mx/imagenes/DDUSTY010/DDUSTY010_800.jpg,800x800 px,Fondo blanco puro verificado,Reactivación Automática Mercado Libre
MLM6133367996,DDUKGT2610,Ssd Dc600m 2.5 Kingston 1920gb Sedc600me/1920g,Discos duros y SSDs,https://static.ctonline.mx/imagenes/DDUKGT2610/DDUKGT2610_800.jpg,800x800 px,Fondo blanco puro verificado,Reactivación Automática Mercado Libre
MLM6133368082,DDUSGT1290,Disco Duro Seagate 2tb St2000dm008 3.5  7200 Rpm,Discos duros y SSDs,https://static.ctonline.mx/imagenes/DDUSGT1290/DDUSGT1290_800.jpg,800x800 px,Fondo blanco puro verificado,Reactivación Automática Mercado Libre
MLM6133368184,DDUXPG090,Unidad De Estado Sólido Xpg Gammix S60 1tb Pcie Gen4 X4 M.2,Discos duros y SSDs,https://static.ctonline.mx/imagenes/DDUXPG090/DDUXPG090_800.jpg,800x800 px,Fondo blanco puro verificado,Reactivación Automática Mercado Libre
MLM6133368426,DDULEN1060,Disco Duro Lenovo Thinksystem Sff/2.5  (4xb7b01770) 1.2tb 10,Discos duros y SSDs,https://static.ctonline.mx/imagenes/DDULEN1060/DDULEN1060_800.jpg,800x800 px,Fondo blanco puro verificado,Reactivación Automática Mercado Libre
MLM6133368514,DDUSAT570,"Disco Duro  New Pull  (sin Usar, Extraídos De Equipos Nuevos",Discos duros y SSDs,https://static.ctonline.mx/imagenes/DDUSAT570/DDUSAT570_800.jpg,800x800 px,Fondo blanco puro verificado,Reactivación Automática Mercado Libre
MLM6133368562,CPUEVO760,"Computadora De Escritorio Evotec Ev-2004, Procesador Intel®",Discos duros y SSDs,https://static.ctonline.mx/imagenes/CPUEVO760/CPUEVO760_800.jpg,800x800 px,Fondo blanco puro verificado,Reactivación Automática Mercado Libre
MLM6133368564,DDUKGT2310,Ssd Dc600m 2.5 Kingston 480gb Sedc600m/480g,Discos duros y SSDs,https://static.ctonline.mx/imagenes/DDUKGT2310/DDUKGT2310_800.jpg,800x800 px,Fondo blanco puro verificado,Reactivación Automática Mercado Libre
MLM6133368580,DDUTRD040,Synology Hat3300-6t Disco Duro 6tb / 5400rpm / Serie Plus Di,Discos duros y SSDs,https://static.ctonline.mx/imagenes/DDUTRD040/DDUTRD040_800.jpg,800x800 px,Fondo blanco puro verificado,Reactivación Automática Mercado Libre
MLM6133368640,ACCSTY420,Enclosure Encnv Ssd Xzeal. Xzennv1g. Enclosure Ssd M.2 Portá,Discos duros y SSDs,https://static.ctonline.mx/imagenes/ACCSTY420/ACCSTY420_800.jpg,800x800 px,Fondo blanco puro verificado,Reactivación Automática Mercado Libre
MLM6133368642,DDUTOS1050,"Disco Duro Interno Toshiba 6tb ,n300, Hdd Nas 7200rpm/256mb,",Discos duros y SSDs,https://static.ctonline.mx/imagenes/DDUTOS1050/DDUTOS1050_800.jpg,800x800 px,Fondo blanco puro verificado,Reactivación Automática Mercado Libre
MLM6133368656,DDUTRD120,Disco Duro Para Nas Marca Synology Modelo Hat5320-4t 7200rpm,Discos duros y SSDs,https://static.ctonline.mx/imagenes/DDUTRD120/DDUTRD120_800.jpg,800x800 px,Fondo blanco puro verificado,Reactivación Automática Mercado Libre
MLM6133368746,DDUXFN020,"Disco Duro Xfusion (0254y061/714), Hdd,1800gb,sas 12gb/s,10k",Discos duros y SSDs,https://static.ctonline.mx/imagenes/DDUXFN020/DDUXFN020_800.jpg,800x800 px,Fondo blanco puro verificado,Reactivación Automática Mercado Libre
MLM6133368762,DDUTOS1080,"Disco Duro Interno Toshiba 10tb, Mg10-d 7200rpm, Cache Satai",Discos duros y SSDs,https://static.ctonline.mx/imagenes/DDUTOS1080/DDUTOS1080_800.jpg,800x800 px,Fondo blanco puro verificado,Reactivación Automática Mercado Libre
MLM6133368858,DDUSGT1960,Disco Duro Interno  Seagate 1tb  Barracuda 3.5   St1000dm014,Discos duros y SSDs,https://static.ctonline.mx/imagenes/DDUSGT1960/DDUSGT1960_800.jpg,800x800 px,Fondo blanco puro verificado,Reactivación Automática Mercado Libre
MLM6133368972,DDUWSD2170,Unidad De Estado Solido Wd Green M.2 Pcie Gn 3 Nvme Sn350 25,Discos duros y SSDs,https://static.ctonline.mx/imagenes/DDUWSD2170/DDUWSD2170_800.jpg,800x800 px,Fondo blanco puro verificado,Reactivación Automática Mercado Libre
MLM6133368974,DDULEN880,"Disco Duro Lenovo Thinksystem (4xb7a77446) 2tb, Sata Iii 720",Discos duros y SSDs,https://static.ctonline.mx/imagenes/DDULEN880/DDULEN880_800.jpg,800x800 px,Fondo blanco puro verificado,Reactivación Automática Mercado Libre
MLM6133368990,DDUHPE1290,Disco Duro Ssd Hpe (p47818-h21) 480 Gb Sata 6g Lectura Inten,Discos duros y SSDs,https://static.ctonline.mx/imagenes/DDUHPE1290/DDUHPE1290_800.jpg,800x800 px,Fondo blanco puro verificado,Reactivación Automática Mercado Libre
MLM6133369056,DDUWSD2950,"Ssd Sandisk Black 2tb Wds200t2x0e M.2 Sn850x Nvme, Formato:m",Discos duros y SSDs,https://static.ctonline.mx/imagenes/DDUWSD2950/DDUWSD2950_800.jpg,800x800 px,Fondo blanco puro verificado,Reactivación Automática Mercado Libre
MLM6133369062,SERCLO510,7tb Disco Duro Adicional Para Servidor Virtual En La Nube Nc,Discos duros y SSDs,https://static.ctonline.mx/imagenes/SERCLO510/SERCLO510_800.jpg,800x800 px,Fondo blanco puro verificado,Reactivación Automática Mercado Libre
MLM6133369076,DDUWSD2450,"Disco Duro Western Digital Red Wd142kfgx 14tb, Formato: 3.5 ",Discos duros y SSDs,https://static.ctonline.mx/imagenes/DDUWSD2450/DDUWSD2450_800.jpg,800x800 px,Fondo blanco puro verificado,Reactivación Automática Mercado Libre
MLM6133369086,DDUWSD2240,Unidad De Estado Solido Wd Green M.2 Pcie Gn 3 Nvme Sn350 50,Discos duros y SSDs,https://static.ctonline.mx/imagenes/DDUWSD2240/DDUWSD2240_800.jpg,800x800 px,Fondo blanco puro verificado,Reactivación Automática Mercado Libre
MLM6133369128,DDUWSD2540,"Disco Duro Western Digital Purple Pro Wd240purp 24tb, Format",Discos duros y SSDs,https://static.ctonline.mx/imagenes/DDUWSD2540/DDUWSD2540_800.jpg,800x800 px,Fondo blanco puro verificado,Reactivación Automática Mercado Libre
MLM6133369198,SERCLO970,"Servidor Virtual Estándar, So Linux, 2vcpu, 4gb Ram, 100gb D",Discos duros y SSDs,https://static.ctonline.mx/imagenes/SERCLO970/SERCLO970_800.jpg,800x800 px,Fondo blanco puro verificado,Reactivación Automática Mercado Libre
MLM6133369324,DDUDAT1610,"Unidad De Estado Sólido Adata Xpg Gammix S70 Blade, 1tb, M.2",Discos duros y SSDs,https://static.ctonline.mx/imagenes/DDUDAT1610/DDUDAT1610_800.jpg,800x800 px,Fondo blanco puro verificado,Reactivación Automática Mercado Libre
MLM6133369338,DDUKGT2630,Ssd Dc600m 2.5 Kingston 7680gb Sedc600me/7680g,Discos duros y SSDs,https://static.ctonline.mx/imagenes/DDUKGT2630/DDUKGT2630_800.jpg,800x800 px,Fondo blanco puro verificado,Reactivación Automática Mercado Libre
MLM6133369342,DDUWSD2640,"Disco Duro Western Digital Red Plus Nas Wd100efgx 10tb, Fact",Discos duros y SSDs,https://static.ctonline.mx/imagenes/DDUWSD2640/DDUWSD2640_800.jpg,800x800 px,Fondo blanco puro verificado,Reactivación Automática Mercado Libre
MLM6133369392,DDUKGT2030,Ssd Kc600 Msata Kingston 1024gb Skc600ms/1024g,Discos duros y SSDs,https://static.ctonline.mx/imagenes/DDUKGT2030/DDUKGT2030_800.jpg,800x800 px,Fondo blanco puro verificado,Reactivación Automática Mercado Libre
MLM6133369574,DDUDAT2480,Unidad De Estado Sólido Adata Legend 900 Pro 2tb Pcie Gen4 X,Discos duros y SSDs,https://static.ctonline.mx/imagenes/DDUDAT2480/DDUDAT2480_800.jpg,800x800 px,Fondo blanco puro verificado,Reactivación Automática Mercado Libre
MLM6133369596,DDUWSD2790,"Ssd Sandisk Green 2tb Wds200t5g0a 2.5  Sata, Formato: 2.5 ,",Discos duros y SSDs,https://static.ctonline.mx/imagenes/DDUWSD2790/DDUWSD2790_800.jpg,800x800 px,Fondo blanco puro verificado,Reactivación Automática Mercado Libre
MLM6133369622,DDUWSD3140,"Disco Duro Western Digital Gold Wd6003fryz 6tb 3.5, Factor D",Discos duros y SSDs,https://static.ctonline.mx/imagenes/DDUWSD3140/DDUWSD3140_800.jpg,800x800 px,Fondo blanco puro verificado,Reactivación Automática Mercado Libre
MLM3424165291,MEMKGN3650,Memoria Usb De 128gb Kingston Dtxm/128gb (black + Red),Pen drives,https://static.ctonline.mx/imagenes/MEMKGN3650/MEMKGN3650_800.jpg,800x800 px,Fondo blanco puro verificado,Reactivación Automática Mercado Libre
MLM3424165297,MEMKGN6120,Memoria Usb De 128gb Kingston Kc-u3c128-7tp Dt Exodia S Purp,Pen drives,https://static.ctonline.mx/imagenes/MEMKGN6120/MEMKGN6120_800.jpg,800x800 px,Fondo blanco puro verificado,Reactivación Automática Mercado Libre
MLM3424165309,DDUDAT2350,"Ssd Externo Adata Sc740 2tb. Usb Tipo C Incorporado, 1.050/1",Pen drives,https://static.ctonline.mx/imagenes/DDUDAT2350/DDUDAT2350_800.jpg,800x800 px,Fondo blanco puro verificado,Reactivación Automática Mercado Libre
MLM3424165313,MEMKGN5230,Memoria Usb De 64gb Kingston Dtxs/64gb Exodia S (negro),Pen drives,https://static.ctonline.mx/imagenes/MEMKGN5230/MEMKGN5230_800.jpg,800x800 px,Fondo blanco puro verificado,Reactivación Automática Mercado Libre
MLM3424165325,DDUDAT1930,"Ssd Externo Adata 1tb. Usb 3.2 Gen2, Velocidad De Transferen",Pen drives,https://static.ctonline.mx/imagenes/DDUDAT1930/DDUDAT1930_800.jpg,800x800 px,Fondo blanco puro verificado,Reactivación Automática Mercado Libre
MLM3424165381,MEMKGN4700,Memoria Usb De 128gb Kingston Dtxm/128gb Kc-u2l128-7lb (azul,Pen drives,https://static.ctonline.mx/imagenes/MEMKGN4700/MEMKGN4700_800.jpg,800x800 px,Fondo blanco puro verificado,Reactivación Automática Mercado Libre
MLM3424165433,MEMSAN2300,"Memoria Usb Western Digital Sdcz410-032g-g46bb Blue 32gb, Re",Pen drives,https://static.ctonline.mx/imagenes/MEMSAN2300/MEMSAN2300_800.jpg,800x800 px,Fondo blanco puro verificado,Reactivación Automática Mercado Libre
MLM3424165687,DDUDAT2580,"Disco Duro Externo 2.5  Modelo Hv320 2tb Usb 3.2, Gen1 (usb",Pen drives,https://static.ctonline.mx/imagenes/DDUDAT2580/DDUDAT2580_800.jpg,800x800 px,Fondo blanco puro verificado,Reactivación Automática Mercado Libre
MLM3424165763,MEMSTY040,"Stylos Stmusb1b Memoria Usb 8gb 2.0, Protección De Escritura",Pen drives,https://static.ctonline.mx/imagenes/MEMSTY040/MEMSTY040_800.jpg,800x800 px,Fondo blanco puro verificado,Reactivación Automática Mercado Libre
MLM3424165881,MEMKGN4720,Memoria Usb De 128gb Kingston Dtxm/128gb Kc-u2l128-7ln (rosi,Pen drives,https://static.ctonline.mx/imagenes/MEMKGN4720/MEMKGN4720_800.jpg,800x800 px,Fondo blanco puro verificado,Reactivación Automática Mercado Libre
MLM3424165945,MEMKGN6070,Memoria Usb De 64gb Kingston Kc-u3c64-7tr Dt Exodia S Red Ca,Pen drives,https://static.ctonline.mx/imagenes/MEMKGN6070/MEMKGN6070_800.jpg,800x800 px,Fondo blanco puro verificado,Reactivación Automática Mercado Libre
MLM3424389279,MEMWSD100,"Micro Sd Sandisk Pokémon 256gb Sdsqxao-256g-gn6zk, Formato:",Pen drives,https://static.ctonline.mx/imagenes/MEMWSD100/MEMWSD100_800.jpg,800x800 px,Fondo blanco puro verificado,Reactivación Automática Mercado Libre
MLM3424389297,BOCVGO1130,Diadema Vorago Hpb-401 Bluetooth 5.0 / Microsd / 3.5mm Negro,Pen drives,https://static.ctonline.mx/imagenes/BOCVGO1130/BOCVGO1130_800.jpg,800x800 px,Fondo blanco puro verificado,Reactivación Automática Mercado Libre
MLM3424389329,ACCDAT1300,Disco Duro Externo 2.5  Modelo Hd720 1tb Usb 3.0 / 3.1 Ultra,Pen drives,https://static.ctonline.mx/imagenes/ACCDAT1300/ACCDAT1300_800.jpg,800x800 px,Fondo blanco puro verificado,Reactivación Automática Mercado Libre
MLM3424389337,GABASS310,Carcasa Para Ssd Asus Esd-s1c/blk/g/as Rog Strix Arion M.2 N,Pen drives,https://static.ctonline.mx/imagenes/GABASS310/GABASS310_800.jpg,800x800 px,Fondo blanco puro verificado,Reactivación Automática Mercado Libre
MLM3424389343,DDUDAT450,"Disco Duro Externo 2.5  Modelo Hv620s 1tb Usb 3.1, Carcasa E",Pen drives,https://static.ctonline.mx/imagenes/DDUDAT450/DDUDAT450_800.jpg,800x800 px,Fondo blanco puro verificado,Reactivación Automática Mercado Libre
MLM3424389511,MEMDAT3360,"Memoria Usb De 128gb Uv150 3.2, Diseño Elegante, Con Tapa. C",Pen drives,https://static.ctonline.mx/imagenes/MEMDAT3360/MEMDAT3360_800.jpg,800x800 px,Fondo blanco puro verificado,Reactivación Automática Mercado Libre
MLM3424389527,DDUWSD3160,"Ssd Element Se 1tb Wdbayn0010bbk-wesn, Interfaz: Usb 3.0, Co",Pen drives,https://static.ctonline.mx/imagenes/DDUWSD3160/DDUWSD3160_800.jpg,800x800 px,Fondo blanco puro verificado,Reactivación Automática Mercado Libre
MLM3424389591,MEMDAT4710,"Memoria Usb Adata Uv240 2.0 De 32gb, Diseño Abatible Sin Tap",Pen drives,https://static.ctonline.mx/imagenes/MEMDAT4710/MEMDAT4710_800.jpg,800x800 px,Fondo blanco puro verificado,Reactivación Automática Mercado Libre
MLM3424389609,MEMDAT6360,"Memoria Usb Adata Uv240, 2.0 De 64gb  Diseño Abatible Sin Ta",Pen drives,https://static.ctonline.mx/imagenes/MEMDAT6360/MEMDAT6360_800.jpg,800x800 px,Fondo blanco puro verificado,Reactivación Automática Mercado Libre
MLM3424389661,MEMDAT7000,Memoria Usb De 128gb Ur350 3.2 Gen 1 (retrocompatible 3.0 Y,Pen drives,https://static.ctonline.mx/imagenes/MEMDAT7000/MEMDAT7000_800.jpg,800x800 px,Fondo blanco puro verificado,Reactivación Automática Mercado Libre
MLM3424389691,MEMWSD040,"Micro Sd  Purple Sandisk Wdd100t1p0c 1tb, Formato: Microsdxc",Pen drives,https://static.ctonline.mx/imagenes/MEMWSD040/MEMWSD040_800.jpg,800x800 px,Fondo blanco puro verificado,Reactivación Automática Mercado Libre
MLM3424389773,MEMSAN2470,"Memoria Usb Cruzer Sandisk 64gb Sdcz600-064g-g35, Interfaz:",Pen drives,https://static.ctonline.mx/imagenes/MEMSAN2470/MEMSAN2470_800.jpg,800x800 px,Fondo blanco puro verificado,Reactivación Automática Mercado Libre
MLM3424389783,MEMDAT5350,Memoria Usb Adata Uv128 256gb Usb 3.2 Gen1 (compatible Con U,Pen drives,https://static.ctonline.mx/imagenes/MEMDAT5350/MEMDAT5350_800.jpg,800x800 px,Fondo blanco puro verificado,Reactivación Automática Mercado Libre
MLM3424389789,DDUDAT690,"Disco Duro Externo 2.5  Hv620s 2tb Usb 3.2, Carcasa Elegante",Pen drives,https://static.ctonline.mx/imagenes/DDUDAT690/DDUDAT690_800.jpg,800x800 px,Fondo blanco puro verificado,Reactivación Automática Mercado Libre
MLM3424390147,MEMDAT7460,Memoria Usb Adata Uv128 512gb Usb 3.2 Gen1 (compatible Con U,Pen drives,https://static.ctonline.mx/imagenes/MEMDAT7460/MEMDAT7460_800.jpg,800x800 px,Fondo blanco puro verificado,Reactivación Automática Mercado Libre
MLM3424390241,MEMDAT4540,"Memoria Usb De 64gb Uv150 3.2, Diseño Elegante, Con Tapa. Co",Pen drives,https://static.ctonline.mx/imagenes/MEMDAT4540/MEMDAT4540_800.jpg,800x800 px,Fondo blanco puro verificado,Reactivación Automática Mercado Libre
MLM3424390359,MEMKGN4280,Memoria Usb De 64gb Kingston Dtx/64gbcl Cologo,Pen drives,https://static.ctonline.mx/imagenes/MEMKGN4280/MEMKGN4280_800.jpg,800x800 px,Fondo blanco puro verificado,Reactivación Automática Mercado Libre
MLM3424390393,DDUWSD1890,Disco Duro Externo 2.5  Wd Elements 4tb Modelo Wdbu6y0040bbk,Pen drives,https://static.ctonline.mx/imagenes/DDUWSD1890/DDUWSD1890_800.jpg,800x800 px,Fondo blanco puro verificado,Reactivación Automática Mercado Libre
MLM3424390431,DDUKGT2660,Ssd Spsd Dual Usb-a/c Portable Kingston 2tb Spsd/2tb,Pen drives,https://static.ctonline.mx/imagenes/DDUKGT2660/DDUKGT2660_800.jpg,800x800 px,Fondo blanco puro verificado,Reactivación Automática Mercado Libre
MLM3424390447,DDUDAT110,Disco Duro Externo 2.5  Modelo Hd720 2tb Usb 3.0 / 3.1 Ultra,Pen drives,https://static.ctonline.mx/imagenes/DDUDAT110/DDUDAT110_800.jpg,800x800 px,Fondo blanco puro verificado,Reactivación Automática Mercado Libre
MLM3424390455,MEMDAT4820,"Memoria Usb 2.0 16gb Uv250, Resistente Al Agua, Polvo E Impa",Pen drives,https://static.ctonline.mx/imagenes/MEMDAT4820/MEMDAT4820_800.jpg,800x800 px,Fondo blanco puro verificado,Reactivación Automática Mercado Libre
MLM3424390575,ACCRBT7830,"Correa Para Memoria Usb  Mix-3 , Negra (180433-8), Brobotix",Pen drives,https://static.ctonline.mx/imagenes/ACCRBT7830/ACCRBT7830_800.jpg,800x800 px,Fondo blanco puro verificado,Reactivación Automática Mercado Libre
MLM3424390619,DDUWSD3170,"Ssd Elements Se 2tb Wdbayn0020bbk-wesn, Interfaz: Usb 3.0, C",Pen drives,https://static.ctonline.mx/imagenes/DDUWSD3170/DDUWSD3170_800.jpg,800x800 px,Fondo blanco puro verificado,Reactivación Automática Mercado Libre
MLM3424390719,ACCACT4160,Carcasa Para Disco Duro Usb 3.0 Armor Clear Hc430 Acteck Adv,Pen drives,https://static.ctonline.mx/imagenes/ACCACT4160/ACCACT4160_800.jpg,800x800 px,Fondo blanco puro verificado,Reactivación Automática Mercado Libre
MLM3424390731,DDUDAT720,Disco Duro Externo Hd710 Pro 5tb 2.5  Interfaz Usb 3.1. Impe,Pen drives,https://static.ctonline.mx/imagenes/DDUDAT720/DDUDAT720_800.jpg,800x800 px,Fondo blanco puro verificado,Reactivación Automática Mercado Libre
MLM3424390775,MEMDAT6990,Memoria Usb De 64gb Ur350 3.2 Gen 1 (retrocompatible 3.0 Y 2,Pen drives,https://static.ctonline.mx/imagenes/MEMDAT6990/MEMDAT6990_800.jpg,800x800 px,Fondo blanco puro verificado,Reactivación Automática Mercado Libre
MLM3424390809,MEMKGN6110,Memoria Usb De 128gb Kingston Kc-u3c128-7tr Dt Exodia S Red,Pen drives,https://static.ctonline.mx/imagenes/MEMKGN6110/MEMKGN6110_800.jpg,800x800 px,Fondo blanco puro verificado,Reactivación Automática Mercado Libre
MLM3424390839,MEMDAT3240,"Memoria Usb 2.0 32gb Uv210, Resistente Al Agua, Polvo E Impa",Pen drives,https://static.ctonline.mx/imagenes/MEMDAT3240/MEMDAT3240_800.jpg,800x800 px,Fondo blanco puro verificado,Reactivación Automática Mercado Libre
MLM3424390853,MEMHYU090,Memoria Usb 16gb Hyundai U2bk/16gasg,Pen drives,https://static.ctonline.mx/imagenes/MEMHYU090/MEMHYU090_800.jpg,800x800 px,Fondo blanco puro verificado,Reactivación Automática Mercado Libre
MLM3424390895,MEMKGN5260,Memoria Usb De 512gb Kingston Dtxs/512gb Exodia S (negro + A,Pen drives,https://static.ctonline.mx/imagenes/MEMKGN5260/MEMKGN5260_800.jpg,800x800 px,Fondo blanco puro verificado,Reactivación Automática Mercado Libre
MLM3424390909,MEMDAT3250,"Memoria Usb 2.0 64gb Uv210, Resistente Al Agua, Polvo E Impa",Pen drives,https://static.ctonline.mx/imagenes/MEMDAT3250/MEMDAT3250_800.jpg,800x800 px,Fondo blanco puro verificado,Reactivación Automática Mercado Libre
MLM3424390917,ACCACT4170,Carcasa Para Disco Duro Usb 3.2 Armor Clear Hc440 Acteck Adv,Pen drives,https://static.ctonline.mx/imagenes/ACCACT4170/ACCACT4170_800.jpg,800x800 px,Fondo blanco puro verificado,Reactivación Automática Mercado Libre
MLM3424390961,ACCRBT4230,"Correa Para Memoria Usb Varios Colores (180475-2), Brobotix",Pen drives,https://static.ctonline.mx/imagenes/ACCRBT4230/ACCRBT4230_800.jpg,800x800 px,Fondo blanco puro verificado,Reactivación Automática Mercado Libre
MLM3424390973,ACCTPL1250,"Usb Tipo C 7 En 1  (uh7021c) 7 Puertos Con Hdmi 4k A 60 Hz,",Pen drives,https://static.ctonline.mx/imagenes/ACCTPL1250/ACCTPL1250_800.jpg,800x800 px,Fondo blanco puro verificado,Reactivación Automática Mercado Libre
MLM3424391045,ACCDAT1460,Disco Duro Externo Hd710 Pro 2tb 2.5  Interfaz Usb 3.1. Impe,Pen drives,https://static.ctonline.mx/imagenes/ACCDAT1460/ACCDAT1460_800.jpg,800x800 px,Fondo blanco puro verificado,Reactivación Automática Mercado Libre
MLM3424391081,MEMKGN2340,Memoria Usb 64gb Kingston Dtkn/64gb,Pen drives,https://static.ctonline.mx/imagenes/MEMKGN2340/MEMKGN2340_800.jpg,800x800 px,Fondo blanco puro verificado,Reactivación Automática Mercado Libre
MLM3424391089,DDUWSD3150,"Ssd Portatil Sandisk Extreme 1tb Sdssde61-1t00-g25m, Interfa",Pen drives,https://static.ctonline.mx/imagenes/DDUWSD3150/DDUWSD3150_800.jpg,800x800 px,Fondo blanco puro verificado,Reactivación Automática Mercado Libre
MLM3424391093,MEMKGN6060,Memoria Usb De 64gb Kingston Kc-u3c64-7tb Dt Exodia S Blue C,Pen drives,https://static.ctonline.mx/imagenes/MEMKGN6060/MEMKGN6060_800.jpg,800x800 px,Fondo blanco puro verificado,Reactivación Automática Mercado Libre
MLM3424391229,MEMKGN4730,Memoria Usb De 128gb Kingston Dtxm/128gb Kc-u2l128-7lp (mora,Pen drives,https://static.ctonline.mx/imagenes/MEMKGN4730/MEMKGN4730_800.jpg,800x800 px,Fondo blanco puro verificado,Reactivación Automática Mercado Libre
MLM3424391251,MEMDAT6500,"Memoria Usb 2.0 64gb Uv250, Resistente Al Agua, Polvo E Impa",Pen drives,https://static.ctonline.mx/imagenes/MEMDAT6500/MEMDAT6500_800.jpg,800x800 px,Fondo blanco puro verificado,Reactivación Automática Mercado Libre
MLM3424391357,ACCDAT980,Disco Duro Externo De 2.5  Modelo Hd650 1tb Usb 3.1 Contrago,Pen drives,https://static.ctonline.mx/imagenes/ACCDAT980/ACCDAT980_800.jpg,800x800 px,Fondo blanco puro verificado,Reactivación Automática Mercado Libre
MLM3424391425,MEMDAT2710,"Memoria Usb De 64 Gb C008, Presenta Un Diseño Elegante Y Min",Pen drives,https://static.ctonline.mx/imagenes/MEMDAT2710/MEMDAT2710_800.jpg,800x800 px,Fondo blanco puro verificado,Reactivación Automática Mercado Libre
MLM3424391433,ACCRBT4220,"Correa Para Memoria Usb Varios Colores (180475-1), Brobotix",Pen drives,https://static.ctonline.mx/imagenes/ACCRBT4220/ACCRBT4220_800.jpg,800x800 px,Fondo blanco puro verificado,Reactivación Automática Mercado Libre
MLM3424391449,DDUWDX1630,"Disco Estado Solido Sandisk Portable , 1tb, Usb 3.2, Usb C,",Pen drives,https://static.ctonline.mx/imagenes/DDUWDX1630/DDUWDX1630_800.jpg,800x800 px,Fondo blanco puro verificado,Reactivación Automática Mercado Libre
MLM3424391453,DDUDAT1970,"Ssd Externo Adata 1tb. Usb4 40gbps Type-c, 3,800/3,700mb/s L",Pen drives,https://static.ctonline.mx/imagenes/DDUDAT1970/DDUDAT1970_800.jpg,800x800 px,Fondo blanco puro verificado,Reactivación Automática Mercado Libre
MLM3424391479,MEMDAT7130,Memoria Usb De 128gb Uc310 3.2 Gen 1 (retrocompatible 3.0 Y,Pen drives,https://static.ctonline.mx/imagenes/MEMDAT7130/MEMDAT7130_800.jpg,800x800 px,Fondo blanco puro verificado,Reactivación Automática Mercado Libre
MLM3424391559,DDUDAT1160,Disco Duro Externo De 3.5  Hm800 4tb Usb 3.2 (compatible Con,Pen drives,https://static.ctonline.mx/imagenes/DDUDAT1160/DDUDAT1160_800.jpg,800x800 px,Fondo blanco puro verificado,Reactivación Automática Mercado Libre
MLM3424391635,MEMDAT2530,Memoria Usb De 64gb Uv128 3.2 Compatible Con Usb 2.0 Diseño,Pen drives,https://static.ctonline.mx/imagenes/MEMDAT2530/MEMDAT2530_800.jpg,800x800 px,Fondo blanco puro verificado,Reactivación Automática Mercado Libre
MLM3424391685,MEMWSD130,"Micro Sd Sandisk Ultra 256gb Sdsqunr-256g-gn6ta, Formato: Mi",Pen drives,https://static.ctonline.mx/imagenes/MEMWSD130/MEMWSD130_800.jpg,800x800 px,Fondo blanco puro verificado,Reactivación Automática Mercado Libre
MLM3424391731,DDUDAT2230,Disco Duro Externo Hd710 Pro 2tb 2.5  Interfaz Usb 3.2 Gen1.,Pen drives,https://static.ctonline.mx/imagenes/DDUDAT2230/DDUDAT2230_800.jpg,800x800 px,Fondo blanco puro verificado,Reactivación Automática Mercado Libre
MLM3424391757,DDUDAT730,Disco Duro Externo Hd710 Pro 1tb 2.5  Interfaz Usb 3.1. Impe,Pen drives,https://static.ctonline.mx/imagenes/DDUDAT730/DDUDAT730_800.jpg,800x800 px,Fondo blanco puro verificado,Reactivación Automática Mercado Libre
MLM3424391797,ACCRBT4170,"Correa Para Memoria Usb Varios Colores (180475-8), Brobotix",Pen drives,https://static.ctonline.mx/imagenes/ACCRBT4170/ACCRBT4170_800.jpg,800x800 px,Fondo blanco puro verificado,Reactivación Automática Mercado Libre
MLM3424391851,MEMSAN600,"Memoria Usb Cruzer Sandisk 32gb Sdcz50-032g-b35, Interfaz: U",Pen drives,https://static.ctonline.mx/imagenes/MEMSAN600/MEMSAN600_800.jpg,800x800 px,Fondo blanco puro verificado,Reactivación Automática Mercado Libre
MLM3424391901,MEMKGN6090,Memoria Usb De 64gb Kingston Kc-u3c64-7tg Dt Exodia S Green,Pen drives,https://static.ctonline.mx/imagenes/MEMKGN6090/MEMKGN6090_800.jpg,800x800 px,Fondo blanco puro verificado,Reactivación Automática Mercado Libre
MLM3424391907,MEMDAT7090,Memoria Usb De 256gb Ur340 3.2 Gen 1 (retrocompatible 3.0 Y,Pen drives,https://static.ctonline.mx/imagenes/MEMDAT7090/MEMDAT7090_800.jpg,800x800 px,Fondo blanco puro verificado,Reactivación Automática Mercado Libre
MLM3424391919,MEMSAN2410,"Microsd Purple Sandisk 32gb Wdd032g1p0c, Formato: Microsdxc",Pen drives,https://static.ctonline.mx/imagenes/MEMSAN2410/MEMSAN2410_800.jpg,800x800 px,Fondo blanco puro verificado,Reactivación Automática Mercado Libre
MLM3424391937,DDUDAT1130,Disco Duro Externo De 2.5  Modelo Hd330 2tb Usb 3.2 Gen1 Com,Pen drives,https://static.ctonline.mx/imagenes/DDUDAT1130/DDUDAT1130_800.jpg,800x800 px,Fondo blanco puro verificado,Reactivación Automática Mercado Libre
MLM3424391979,MEMKGN3660,Memoria Usb De 256gb Kingston Dtxm/1256gb (black + Teal),Pen drives,https://static.ctonline.mx/imagenes/MEMKGN3660/MEMKGN3660_800.jpg,800x800 px,Fondo blanco puro verificado,Reactivación Automática Mercado Libre
MLM3424391991,MEMDAT3480,"Memoria Usb De 64 Gb C008, Presenta Un Diseño Elegante Y Min",Pen drives,https://static.ctonline.mx/imagenes/MEMDAT3480/MEMDAT3480_800.jpg,800x800 px,Fondo blanco puro verificado,Reactivación Automática Mercado Libre
MLM3424392029,DDUDAT2310,"Disco Duro Externo 2.5  Modelo Hv300 2tb Usb 3.1, Con Compat",Pen drives,https://static.ctonline.mx/imagenes/DDUDAT2310/DDUDAT2310_800.jpg,800x800 px,Fondo blanco puro verificado,Reactivación Automática Mercado Libre
MLM3424392067,DDUDAT2130,Ssd Externo Adatasc750 1tb. Interfaz Usb 3.2 Gen 2 Con Veloc,Pen drives,https://static.ctonline.mx/imagenes/DDUDAT2130/DDUDAT2130_800.jpg,800x800 px,Fondo blanco puro verificado,Reactivación Automática Mercado Libre
MLM3424392079,MEMDAT6390,"Memoria Usb De 64gb Uv220 2.0, Diseño Deslizante Sin Tapa. C",Pen drives,https://static.ctonline.mx/imagenes/MEMDAT6390/MEMDAT6390_800.jpg,800x800 px,Fondo blanco puro verificado,Reactivación Automática Mercado Libre
MLM3424392093,DDUDAT530,Disco Duro Externo Hd710 Pro 1tb 2.5  Interfaz Usb 3.1. Impe,Pen drives,https://static.ctonline.mx/imagenes/DDUDAT530/DDUDAT530_800.jpg,800x800 px,Fondo blanco puro verificado,Reactivación Automática Mercado Libre
MLM3424392139,DDUDAT2340,Ssd Externo Adata Sc750 2tb. Interfaz Usb 3.2 Gen 2 Con Velo,Pen drives,https://static.ctonline.mx/imagenes/DDUDAT2340/DDUDAT2340_800.jpg,800x800 px,Fondo blanco puro verificado,Reactivación Automática Mercado Libre
MLM3424392223,ACCDAT1470,Disco Duro Externo Hd710 Pro 2tb 2.5  Interfaz Usb 3.1. Impe,Pen drives,https://static.ctonline.mx/imagenes/ACCDAT1470/ACCDAT1470_800.jpg,800x800 px,Fondo blanco puro verificado,Reactivación Automática Mercado Libre
MLM3424392295,DDUDAT890,"Disco Duro Externo 2.5  Modelo Hv300 2tb Usb 3.1, Con Compat",Pen drives,https://static.ctonline.mx/imagenes/DDUDAT890/DDUDAT890_800.jpg,800x800 px,Fondo blanco puro verificado,Reactivación Automática Mercado Libre
MLM3424392297,MEMKGN3640,Memoria Usb De 64gb Kingston Dtxm/64gb (black + Blue),Pen drives,https://static.ctonline.mx/imagenes/MEMKGN3640/MEMKGN3640_800.jpg,800x800 px,Fondo blanco puro verificado,Reactivación Automática Mercado Libre
MLM3424392333,MEMKGN6040,Memoria Usb De 256gb Kingston Dtxg2/256gb Exodia Black/green,Pen drives,https://static.ctonline.mx/imagenes/MEMKGN6040/MEMKGN6040_800.jpg,800x800 px,Fondo blanco puro verificado,Reactivación Automática Mercado Libre
MLM3424392363,DDUDAT860,"Disco Duro Externo 2.5  Modelo Hv300 1tb Usb 3.1, Con Compat",Pen drives,https://static.ctonline.mx/imagenes/DDUDAT860/DDUDAT860_800.jpg,800x800 px,Fondo blanco puro verificado,Reactivación Automática Mercado Libre
MLM3424392421,DDUDAT740,"Disco Duro Externo Hd710 Pro 1tb 2.5 , Usb 3.2 Gen 1 (usb 5g",Pen drives,https://static.ctonline.mx/imagenes/DDUDAT740/DDUDAT740_800.jpg,800x800 px,Fondo blanco puro verificado,Reactivación Automática Mercado Libre
MLM3424392429,CAMNEX140,Cámara  Nexxt  Modelo Nhc-op30dl/ Resolución Qhd 2k (3mp) /,Pen drives,https://static.ctonline.mx/imagenes/CAMNEX140/CAMNEX140_800.jpg,800x800 px,Fondo blanco puro verificado,Reactivación Automática Mercado Libre
MLM3424392447,MEMDAT6640,"Memoria Usb 2.0 De 32gb C906, Diseño Clásico Y Compacta. Np.",Pen drives,https://static.ctonline.mx/imagenes/MEMDAT6640/MEMDAT6640_800.jpg,800x800 px,Fondo blanco puro verificado,Reactivación Automática Mercado Libre
MLM3424392503,MEMSTY060,"Stylos Stmusb3b Memoria Usb 32gb 2.0, Protección De Escritur",Pen drives,https://static.ctonline.mx/imagenes/MEMSTY060/MEMSTY060_800.jpg,800x800 px,Fondo blanco puro verificado,Reactivación Automática Mercado Libre
MLM3424392529,DDUDAT2530,"Ssd Externo Adata Sc740 500gb. Usb Tipo C Incorporado, 1.050",Pen drives,https://static.ctonline.mx/imagenes/DDUDAT2530/DDUDAT2530_800.jpg,800x800 px,Fondo blanco puro verificado,Reactivación Automática Mercado Libre
MLM3424392655,MEMDAT2640,"Memoria Usb De 32 Gb C008, Presenta Un Diseño Elegante Y Min",Pen drives,https://static.ctonline.mx/imagenes/MEMDAT2640/MEMDAT2640_800.jpg,800x800 px,Fondo blanco puro verificado,Reactivación Automática Mercado Libre
MLM3424392675,BOCNCB640,"Diadema Bluetooh Cetus Naceb, Con Función De Manos Libres, R",Pen drives,https://static.ctonline.mx/imagenes/BOCNCB640/BOCNCB640_800.jpg,800x800 px,Fondo blanco puro verificado,Reactivación Automática Mercado Libre
MLM3424392677,MEMRBT530,"Memoria Usb 32gb Becerro (190432-1), Brobotix Almacena Y Tra",Pen drives,https://static.ctonline.mx/imagenes/MEMRBT530/MEMRBT530_800.jpg,800x800 px,Fondo blanco puro verificado,Reactivación Automática Mercado Libre
MLM3424392713,MEMKGN4470,Memoria Usb Microduo 3c De 64gb Kingston Dtduo3cg3/64gb,Pen drives,https://static.ctonline.mx/imagenes/MEMKGN4470/MEMKGN4470_800.jpg,800x800 px,Fondo blanco puro verificado,Reactivación Automática Mercado Libre
MLM3424392793,MEMDAT4420,"Memoria Usb Adata De 32gb Uv150 3.2, (retrocompatible Con 3.",Pen drives,https://static.ctonline.mx/imagenes/MEMDAT4420/MEMDAT4420_800.jpg,800x800 px,Fondo blanco puro verificado,Reactivación Automática Mercado Libre
MLM3424392831,MEMDAT7160,Memoria Usb De 64gb Uc320 3.2 Gen 1 (retrocompatible 3.0 Y 2,Pen drives,https://static.ctonline.mx/imagenes/MEMDAT7160/MEMDAT7160_800.jpg,800x800 px,Fondo blanco puro verificado,Reactivación Automática Mercado Libre
MLM3424392861,ACCDAT440,Disco Duro Externo De 2.5  Modelo Hd650 1tb Usb 3.1 Contrago,Pen drives,https://static.ctonline.mx/imagenes/ACCDAT440/ACCDAT440_800.jpg,800x800 px,Fondo blanco puro verificado,Reactivación Automática Mercado Libre
MLM3424392873,DDUSDX010,"Disco Estado Solido Sandisk Portable , 1tb, Usb 3.2, Usb C,",Pen drives,https://static.ctonline.mx/imagenes/DDUSDX010/DDUSDX010_800.jpg,800x800 px,Fondo blanco puro verificado,Reactivación Automática Mercado Libre
MLM3424392981,MEMDAT4350,"Memoria Usb De 32gb Uv220 2.0, Diseño Deslizante Sin Tapa. C",Pen drives,https://static.ctonline.mx/imagenes/MEMDAT4350/MEMDAT4350_800.jpg,800x800 px,Fondo blanco puro verificado,Reactivación Automática Mercado Libre
MLM3424393047,MEMSAN2440,"Microsd Sandisk 64gb Sdsqunr-064g-gn3ma, Formato: Microsdhc",Pen drives,https://static.ctonline.mx/imagenes/MEMSAN2440/MEMSAN2440_800.jpg,800x800 px,Fondo blanco puro verificado,Reactivación Automática Mercado Libre
MLM3424393119,ACCRBT4210,"Correa Para Memoria Usb Varios Colores (180475-11), Brobotix",Pen drives,https://static.ctonline.mx/imagenes/ACCRBT4210/ACCRBT4210_800.jpg,800x800 px,Fondo blanco puro verificado,Reactivación Automática Mercado Libre
MLM3424393245,DDUDAT1900,Disco Duro Externo Hd710m Pro 2tb 2.5  Usb 3.2 Gen1 (usb 5gb,Pen drives,https://static.ctonline.mx/imagenes/DDUDAT1900/DDUDAT1900_800.jpg,800x800 px,Fondo blanco puro verificado,Reactivación Automática Mercado Libre
MLM3424393275,MEMSTY150,Stylos Stmus72w Memoria Usb 16gb Roja. Compatible Con Todas,Pen drives,https://static.ctonline.mx/imagenes/MEMSTY150/MEMSTY150_800.jpg,800x800 px,Fondo blanco puro verificado,Reactivación Automática Mercado Libre
MLM3424393281,MEMDAT6700,"Memoria Usb 3.2 Gen 1 Tipo C 64gb Uc300, Conector Deslizable",Pen drives,https://static.ctonline.mx/imagenes/MEMDAT6700/MEMDAT6700_800.jpg,800x800 px,Fondo blanco puro verificado,Reactivación Automática Mercado Libre
MLM3424393299,ACCRBT4200,"Correa Para Memoria Usb Varios Colores (180475-3), Brobotix",Pen drives,https://static.ctonline.mx/imagenes/ACCRBT4200/ACCRBT4200_800.jpg,800x800 px,Fondo blanco puro verificado,Reactivación Automática Mercado Libre
MLM3424393311,DDUDAT1360,Disco Duro Externo De 2.5  Modelo Hd330 2tb Usb 3.2 Gen1 Com,Pen drives,https://static.ctonline.mx/imagenes/DDUDAT1360/DDUDAT1360_800.jpg,800x800 px,Fondo blanco puro verificado,Reactivación Automática Mercado Libre
MLM3424393337,DDUWDX940,Disco Duro Externo 2.5  Wd Elements 2tb Modelo Wdbu6y0020bbk,Pen drives,https://static.ctonline.mx/imagenes/DDUWDX940/DDUWDX940_800.jpg,800x800 px,Fondo blanco puro verificado,Reactivación Automática Mercado Libre
MLM3424393355,MEMDAT1850,"Memoria Usb De 32 Gb C008, Presenta Un Diseño Elegante Y Min",Pen drives,https://static.ctonline.mx/imagenes/MEMDAT1850/MEMDAT1850_800.jpg,800x800 px,Fondo blanco puro verificado,Reactivación Automática Mercado Libre
MLM3424393375,DDUKGT2650,Ssd Spsd Dual Usb-a/c Portable Kingston 1tb Spsd/1tb,Pen drives,https://static.ctonline.mx/imagenes/DDUKGT2650/DDUKGT2650_800.jpg,800x800 px,Fondo blanco puro verificado,Reactivación Automática Mercado Libre
MLM3424393457,MEMDAT7110,Memoria Usb De 64gb Uc310 3.2 Gen 1 (retrocompatible 3.0 Y 2,Pen drives,https://static.ctonline.mx/imagenes/MEMDAT7110/MEMDAT7110_800.jpg,800x800 px,Fondo blanco puro verificado,Reactivación Automática Mercado Libre
MLM3424393523,MEMDAT4700,"Memoria Usb Adata Uv240 2.0 De 32gb, Diseño Abatible Sin Tap",Pen drives,https://static.ctonline.mx/imagenes/MEMDAT4700/MEMDAT4700_800.jpg,800x800 px,Fondo blanco puro verificado,Reactivación Automática Mercado Libre
MLM6133201606,ACCRBT4140,"Correa Para Memoria Usb Varios Colores (180475-10), Brobotix",Pen drives,https://static.ctonline.mx/imagenes/ACCRBT4140/ACCRBT4140_800.jpg,800x800 px,Fondo blanco puro verificado,Reactivación Automática Mercado Libre
MLM6133201610,MEMDAT2490,"Memoria Usb De 32 Gb Uv128 3.2 Compatible Con Usb 2.0, Diseñ",Pen drives,https://static.ctonline.mx/imagenes/MEMDAT2490/MEMDAT2490_800.jpg,800x800 px,Fondo blanco puro verificado,Reactivación Automática Mercado Libre
MLM6133201616,MEMNEX020,Memoria Usb 2.0 Nextep Ne-470t Twist 32 Gb Color Azul Compat,Pen drives,https://static.ctonline.mx/imagenes/MEMNEX020/MEMNEX020_800.jpg,800x800 px,Fondo blanco puro verificado,Reactivación Automática Mercado Libre
MLM6133201642,MEMSAN2360,"Micro Sd Sandisk Ultra 128gb Sdsqunr-128g-gn3ma, Formato: Mi",Pen drives,https://static.ctonline.mx/imagenes/MEMSAN2360/MEMSAN2360_800.jpg,800x800 px,Fondo blanco puro verificado,Reactivación Automática Mercado Libre
MLM6133201730,MEMKGN4570,Memoria Usb Microduo 3c De 256gb Kingston Dtduo3cg3/256gb,Pen drives,https://static.ctonline.mx/imagenes/MEMKGN4570/MEMKGN4570_800.jpg,800x800 px,Fondo blanco puro verificado,Reactivación Automática Mercado Libre
MLM6133201760,DDUDAT1390,Disco Duro Externo 2.5  Modelo Hv300 1tb Usb 3.2 Gen 1 (retr,Pen drives,https://static.ctonline.mx/imagenes/DDUDAT1390/DDUDAT1390_800.jpg,800x800 px,Fondo blanco puro verificado,Reactivación Automática Mercado Libre
MLM6133201802,DDUWSD3030,"Disco Duro Western Digital Black Wdba3p0080hbk-nesn 8tb, Con",Pen drives,https://static.ctonline.mx/imagenes/DDUWSD3030/DDUWSD3030_800.jpg,800x800 px,Fondo blanco puro verificado,Reactivación Automática Mercado Libre
MLM6133201810,DDUDAT750,Disco Duro Externo Hd710 Pro 1tb 2.5  Interfaz Usb 3.1. Impe,Pen drives,https://static.ctonline.mx/imagenes/DDUDAT750/DDUDAT750_800.jpg,800x800 px,Fondo blanco puro verificado,Reactivación Automática Mercado Libre
MLM6133201852,MEMDAT7180,Memoria Usb De 256gb Uc320 3.2 Gen 1 (retrocompatible 3.0 Y,Pen drives,https://static.ctonline.mx/imagenes/MEMDAT7180/MEMDAT7180_800.jpg,800x800 px,Fondo blanco puro verificado,Reactivación Automática Mercado Libre
MLM6133201894,MEMDAT4830,"Memoria Usb 2.0 32gb Uv250, Resistente Al Agua, Polvo E Impa",Pen drives,https://static.ctonline.mx/imagenes/MEMDAT4830/MEMDAT4830_800.jpg,800x800 px,Fondo blanco puro verificado,Reactivación Automática Mercado Libre
MLM6133201928,BOCNCB630,"Diadema Bluetooh Cetus Naceb, Con Función De Manos Libres, R",Pen drives,https://static.ctonline.mx/imagenes/BOCNCB630/BOCNCB630_800.jpg,800x800 px,Fondo blanco puro verificado,Reactivación Automática Mercado Libre
MLM6133201930,MEMKGN4230,Memoria Usb De 64gb Kingston Kc-u2l64-7ln (neon Rosa) Modelo,Pen drives,https://static.ctonline.mx/imagenes/MEMKGN4230/MEMKGN4230_800.jpg,800x800 px,Fondo blanco puro verificado,Reactivación Automática Mercado Libre
MLM6133201944,MEMDAT6970,Memoria Usb De 64gb Ur340 3.2 Gen 1 (retrocompatible 3.0 Y 2,Pen drives,https://static.ctonline.mx/imagenes/MEMDAT6970/MEMDAT6970_800.jpg,800x800 px,Fondo blanco puro verificado,Reactivación Automática Mercado Libre
MLM6133202004,DDUDAT850,"Disco Duro Externo 2.5  Modelo Hv300 1tb Usb 3.1, Con Compat",Pen drives,https://static.ctonline.mx/imagenes/DDUDAT850/DDUDAT850_800.jpg,800x800 px,Fondo blanco puro verificado,Reactivación Automática Mercado Libre
MLM6133202076,MEMDAT6960,Memoria Usb De 32gb Ur340 3.2 Gen 1 (retrocompatible 3.0 Y 2,Pen drives,https://static.ctonline.mx/imagenes/MEMDAT6960/MEMDAT6960_800.jpg,800x800 px,Fondo blanco puro verificado,Reactivación Automática Mercado Libre
MLM6133202110,MEMKGN6130,Memoria Usb De 128gb Kingston Kc-u3c128-7tg Dt Exodia S Gree,Pen drives,https://static.ctonline.mx/imagenes/MEMKGN6130/MEMKGN6130_800.jpg,800x800 px,Fondo blanco puro verificado,Reactivación Automática Mercado Libre
MLM6133202204,MEMHYU050,Memoria Usb  Hyundai Capacidad De 16gb U2bk/16gab - Cuerpo M,Pen drives,https://static.ctonline.mx/imagenes/MEMHYU050/MEMHYU050_800.jpg,800x800 px,Fondo blanco puro verificado,Reactivación Automática Mercado Libre
MLM6133202302,MEMKGN6030,Memoria Usb De 128gb Kingston Dtxg2/128gb Exodia Black/blue,Pen drives,https://static.ctonline.mx/imagenes/MEMKGN6030/MEMKGN6030_800.jpg,800x800 px,Fondo blanco puro verificado,Reactivación Automática Mercado Libre
MLM6133202306,DDUWSD3110,"Ssd Portatil 2tb Sdssde30-2t00-g26, Interfaz: Usb 3.2 Gen 2,",Pen drives,https://static.ctonline.mx/imagenes/DDUWSD3110/DDUWSD3110_800.jpg,800x800 px,Fondo blanco puro verificado,Reactivación Automática Mercado Libre
MLM6133202328,DDUDAT460,"Disco Duro Externo 2.5  Modelo Hv620s 2tb Usb 3.1, Carcasa E",Pen drives,https://static.ctonline.mx/imagenes/DDUDAT460/DDUDAT460_800.jpg,800x800 px,Fondo blanco puro verificado,Reactivación Automática Mercado Libre
MLM6133202500,MEMDAT6600,Memoria Usb De 128gb Ur340 3.2 Gen 1 (retrocompatible 3.0 Y,Pen drives,https://static.ctonline.mx/imagenes/MEMDAT6600/MEMDAT6600_800.jpg,800x800 px,Fondo blanco puro verificado,Reactivación Automática Mercado Libre
MLM6133202530,MEMKGN5690,Memoria Usb-a + Usb-c Datatraveler Duog2 De 128gb Kingston D,Pen drives,https://static.ctonline.mx/imagenes/MEMKGN5690/MEMKGN5690_800.jpg,800x800 px,Fondo blanco puro verificado,Reactivación Automática Mercado Libre
MLM6133202588,MEMKGN2210,Memoria Usb De 256gb Kingston Dtx/256gb (black + Pink),Pen drives,https://static.ctonline.mx/imagenes/MEMKGN2210/MEMKGN2210_800.jpg,800x800 px,Fondo blanco puro verificado,Reactivación Automática Mercado Libre
MLM6133202598,MEMKGN4650,Memoria Usb De 512gb Kingston Dtse9g3/512gb,Pen drives,https://static.ctonline.mx/imagenes/MEMKGN4650/MEMKGN4650_800.jpg,800x800 px,Fondo blanco puro verificado,Reactivación Automática Mercado Libre
MLM6133202644,MEMSAN2280,"Memoria Usb Western Digital Sdcz410-032g-g46 Black 32gb, Ren",Pen drives,https://static.ctonline.mx/imagenes/MEMSAN2280/MEMSAN2280_800.jpg,800x800 px,Fondo blanco puro verificado,Reactivación Automática Mercado Libre
MLM6133202686,MEMKGN3710,Memoria Usb 256gb Kingston Dtkn/256gb,Pen drives,https://static.ctonline.mx/imagenes/MEMKGN3710/MEMKGN3710_800.jpg,800x800 px,Fondo blanco puro verificado,Reactivación Automática Mercado Libre
MLM6133202698,MEMSAN2400,"Microsd Sandisk 64gb Sdsqunr-064g-gn3ma, Formato: Microsdhc",Pen drives,https://static.ctonline.mx/imagenes/MEMSAN2400/MEMSAN2400_800.jpg,800x800 px,Fondo blanco puro verificado,Reactivación Automática Mercado Libre
MLM6133202714,DDUDAT1120,Disco Duro Externo De 2.5  Modelo Hd330 1tb Usb 3.2 Gen1 Com,Pen drives,https://static.ctonline.mx/imagenes/DDUDAT1120/DDUDAT1120_800.jpg,800x800 px,Fondo blanco puro verificado,Reactivación Automática Mercado Libre
MLM6133202726,DDUDAT2550,"Ssd Externo Adata Sc740 500gb. Usb Tipo C Incorporado, 1.050",Pen drives,https://static.ctonline.mx/imagenes/DDUDAT2550/DDUDAT2550_800.jpg,800x800 px,Fondo blanco puro verificado,Reactivación Automática Mercado Libre
MLM6133202732,MEMDAT6980,Memoria Usb De 32gb Ur350 3.2 Gen 1 (retrocompatible 3.0 Y 2,Pen drives,https://static.ctonline.mx/imagenes/MEMDAT6980/MEMDAT6980_800.jpg,800x800 px,Fondo blanco puro verificado,Reactivación Automática Mercado Libre
MLM6133202734,MEMHYU080,Memoria Usb Hyundai 16gb 2.0 U2bk/16gas.carcasa Metálica/col,Pen drives,https://static.ctonline.mx/imagenes/MEMHYU080/MEMHYU080_800.jpg,800x800 px,Fondo blanco puro verificado,Reactivación Automática Mercado Libre
MLM6133202736,DDUDAT830,"Disco Duro Externo 2.5  Modelo Hv300 1tb Usb 3.1, Con Compat",Pen drives,https://static.ctonline.mx/imagenes/DDUDAT830/DDUDAT830_800.jpg,800x800 px,Fondo blanco puro verificado,Reactivación Automática Mercado Libre
MLM6133202774,DDUKGT2640,Ssd Spsd Dual Usb-a/c Portable Kingston 512gb Spsd/512gb,Pen drives,https://static.ctonline.mx/imagenes/DDUKGT2640/DDUKGT2640_800.jpg,800x800 px,Fondo blanco puro verificado,Reactivación Automática Mercado Libre
MLM6133202940,DDUDAT2010,"Ssd Externo Adata Se880 2tb. Interfaz Usb 3.2 Gen 2 X2, Puer",Pen drives,https://static.ctonline.mx/imagenes/DDUDAT2010/DDUDAT2010_800.jpg,800x800 px,Fondo blanco puro verificado,Reactivación Automática Mercado Libre
MLM6133202982,MEMKGN4240,Memoria Usb De 64gb Kingston Kc-u2l64-7lb (neon Turquesa) Mo,Pen drives,https://static.ctonline.mx/imagenes/MEMKGN4240/MEMKGN4240_800.jpg,800x800 px,Fondo blanco puro verificado,Reactivación Automática Mercado Libre
MLM6133202996,MEMKGN6080,Memoria Usb De 64gb Kingston Kc-u3c64-7tp Dt Exodia S Purple,Pen drives,https://static.ctonline.mx/imagenes/MEMKGN6080/MEMKGN6080_800.jpg,800x800 px,Fondo blanco puro verificado,Reactivación Automática Mercado Libre
MLM6133203034,MEMKGN4250,Memoria Usb De 64gb Kingston Kc-u2l64-7lp (neon Morado) Mode,Pen drives,https://static.ctonline.mx/imagenes/MEMKGN4250/MEMKGN4250_800.jpg,800x800 px,Fondo blanco puro verificado,Reactivación Automática Mercado Libre
MLM6133203050,MEMKGN4740,Memoria Usb De 128gb Kingston Dtx/128gb Kc-u2g128-5r (blanco,Pen drives,https://static.ctonline.mx/imagenes/MEMKGN4740/MEMKGN4740_800.jpg,800x800 px,Fondo blanco puro verificado,Reactivación Automática Mercado Libre
MLM6133203080,DDUDAT2330,Ssd Externo Adata Sc730 1tb. Conectores Dobles Usb-c Y Usb-a,Pen drives,https://static.ctonline.mx/imagenes/DDUDAT2330/DDUDAT2330_800.jpg,800x800 px,Fondo blanco puro verificado,Reactivación Automática Mercado Libre
MLM6133203086,MEMSAN2450,"Memoria Usb Sandisk Ultra Shift 128gb Sdcz410-128g-g46bb, In",Pen drives,https://static.ctonline.mx/imagenes/MEMSAN2450/MEMSAN2450_800.jpg,800x800 px,Fondo blanco puro verificado,Reactivación Automática Mercado Libre
MLM6133203154,DDUDAT2240,"Ssd Externo Adata Sc740 1tb. Usb Tipo C Incorporado, 1.050/1",Pen drives,https://static.ctonline.mx/imagenes/DDUDAT2240/DDUDAT2240_800.jpg,800x800 px,Fondo blanco puro verificado,Reactivación Automática Mercado Libre
MLM6133203234,DDUDAT900,"Disco Duro Externo 2.5  Modelo Hv300 4tb Usb 3.1, Con Compat",Pen drives,https://static.ctonline.mx/imagenes/DDUDAT900/DDUDAT900_800.jpg,800x800 px,Fondo blanco puro verificado,Reactivación Automática Mercado Libre
MLM6133203298,DDUDAT540,"Disco Duro Externo Hd710 Pro 1tb 2.5 , Usb 3.2 Gen 1 (usb 5g",Pen drives,https://static.ctonline.mx/imagenes/DDUDAT540/DDUDAT540_800.jpg,800x800 px,Fondo blanco puro verificado,Reactivación Automática Mercado Libre
MLM6133203302,DDUDAT2000,"Ssd Externo Adata Se880 1tb. Interfaz Usb 3.2 Gen 2 X2, Puer",Pen drives,https://static.ctonline.mx/imagenes/DDUDAT2000/DDUDAT2000_800.jpg,800x800 px,Fondo blanco puro verificado,Reactivación Automática Mercado Libre
MLM6133203304,DDUDAT670,"Disco Duro Externo 2.5  Hv620s 1tb Usb 3.1, Carcasa Elegante",Pen drives,https://static.ctonline.mx/imagenes/DDUDAT670/DDUDAT670_800.jpg,800x800 px,Fondo blanco puro verificado,Reactivación Automática Mercado Libre
MLM6133203336,MEMSAN2380,"Microsd Sandisk 256gb Sdsqunr-256g-gn6ta, Formato: Microsdxc",Pen drives,https://static.ctonline.mx/imagenes/MEMSAN2380/MEMSAN2380_800.jpg,800x800 px,Fondo blanco puro verificado,Reactivación Automática Mercado Libre
MLM6133203422,DDUDAT2070,"Ssd Externo Adata Se880 4tb. Interfaz Usb 3.2 Gen 2 X2, Puer",Pen drives,https://static.ctonline.mx/imagenes/DDUDAT2070/DDUDAT2070_800.jpg,800x800 px,Fondo blanco puro verificado,Reactivación Automática Mercado Libre
MLM6133203662,MEMSTY340,Memoria Usb St500 256gb Plata. Stmus5256b. Memoria Usb St500,Pen drives,https://static.ctonline.mx/imagenes/MEMSTY340/MEMSTY340_800.jpg,800x800 px,Fondo blanco puro verificado,Reactivación Automática Mercado Libre
MLM6133203720,MEMSTY370,Memoria Stylos Microsd 128gb Stmsda8b Uhs1 Clase 10 Con Adap,Pen drives,https://static.ctonline.mx/imagenes/MEMSTY370/MEMSTY370_800.jpg,800x800 px,Fondo blanco puro verificado,Reactivación Automática Mercado Libre
MLM6133203784,MEMDAT7140,Memoria Usb De 256gb Uc310 3.2 Gen 1 (retrocompatible 3.0 Y,Pen drives,https://static.ctonline.mx/imagenes/MEMDAT7140/MEMDAT7140_800.jpg,800x800 px,Fondo blanco puro verificado,Reactivación Automática Mercado Libre
MLM6133203856,MEMDAT2630,"Memoria Usb De 16 Gb C008, Presenta Un Diseño Elegante Y Min",Pen drives,https://static.ctonline.mx/imagenes/MEMDAT2630/MEMDAT2630_800.jpg,800x800 px,Fondo blanco puro verificado,Reactivación Automática Mercado Libre
MLM6133203860,MEMSAN2460,"Memoria Usb Cruzer Sandisk 256gb Sdcz410-256g-g46, Interfaz:",Pen drives,https://static.ctonline.mx/imagenes/MEMSAN2460/MEMSAN2460_800.jpg,800x800 px,Fondo blanco puro verificado,Reactivación Automática Mercado Libre
MLM6133203940,DDUDAT1270,"Disco Duro Externo Hd770g 2tb 2.5 , Interfaz Usb 3.2 Gen 1 (",Pen drives,https://static.ctonline.mx/imagenes/DDUDAT1270/DDUDAT1270_800.jpg,800x800 px,Fondo blanco puro verificado,Reactivación Automática Mercado Libre
MLM6133203942,MEMHYU630,Memoria Usb Hyundai 16gb 2.0 U2bk/16gbpk. Diseño En Rotativo,Pen drives,https://static.ctonline.mx/imagenes/MEMHYU630/MEMHYU630_800.jpg,800x800 px,Fondo blanco puro verificado,Reactivación Automática Mercado Libre
MLM6133203946,MEMDAT6680,"Memoria Usb 2.0 De 64gb C906, Diseño Clásico Y Compacta. Np.",Pen drives,https://static.ctonline.mx/imagenes/MEMDAT6680/MEMDAT6680_800.jpg,800x800 px,Fondo blanco puro verificado,Reactivación Automática Mercado Libre
MLM6133204188,DDUDAT1940,"Ssd Externo Adata 1tb. Usb 3.2 Gen2, Velocidad De Transferen",Pen drives,https://static.ctonline.mx/imagenes/DDUDAT1940/DDUDAT1940_800.jpg,800x800 px,Fondo blanco puro verificado,Reactivación Automática Mercado Libre
MLM6133204272,ACCRBT4150,"Correa Para Memoria Usb Varios Colores (180475-6), Brobotix",Pen drives,https://static.ctonline.mx/imagenes/ACCRBT4150/ACCRBT4150_800.jpg,800x800 px,Fondo blanco puro verificado,Reactivación Automática Mercado Libre
MLM6133204292,DDUDAT1170,Disco Duro Externo De 3.5  Hm800 6tb Usb 3.2 (compatible Con,Pen drives,https://static.ctonline.mx/imagenes/DDUDAT1170/DDUDAT1170_800.jpg,800x800 px,Fondo blanco puro verificado,Reactivación Automática Mercado Libre
MLM6133204432,DDUDAT1370,Disco Duro Externo De 2.5  Modelo Hd330 2tb Usb 3.2 Gen1 Com,Pen drives,https://static.ctonline.mx/imagenes/DDUDAT1370/DDUDAT1370_800.jpg,800x800 px,Fondo blanco puro verificado,Reactivación Automática Mercado Libre
MLM6133204448,MEMDAT4130,"Memoria Usb De 64gb Uv150 3.2, Diseño Elegante, Con Tapa. Co",Pen drives,https://static.ctonline.mx/imagenes/MEMDAT4130/MEMDAT4130_800.jpg,800x800 px,Fondo blanco puro verificado,Reactivación Automática Mercado Libre
MLM6133204522,DDUWSD3120,"Microsd Extreme Sandisk 128gb Sdsqxaa-128g-gn6ma, Formato: M",Pen drives,https://static.ctonline.mx/imagenes/DDUWSD3120/DDUWSD3120_800.jpg,800x800 px,Fondo blanco puro verificado,Reactivación Automática Mercado Libre
MLM6133204550,MEMKGN5250,Memoria Usb De 256gb Kingston Dtxs/256gb Exodia S (negro + N,Pen drives,https://static.ctonline.mx/imagenes/MEMKGN5250/MEMKGN5250_800.jpg,800x800 px,Fondo blanco puro verificado,Reactivación Automática Mercado Libre
MLM6133204588,DDUDAT870,"Disco Duro Externo 2.5  Modelo Hv300 2tb Usb 3.1, Con Compat",Pen drives,https://static.ctonline.mx/imagenes/DDUDAT870/DDUDAT870_800.jpg,800x800 px,Fondo blanco puro verificado,Reactivación Automática Mercado Libre
MLM6133204690,DDUDAT600,"Disco Duro Externo 2.5  Hv620s 1tb Usb 3.2, Carcasa Elegante",Pen drives,https://static.ctonline.mx/imagenes/DDUDAT600/DDUDAT600_800.jpg,800x800 px,Fondo blanco puro verificado,Reactivación Automática Mercado Libre
MLM6133204758,DDUDAT710,Disco Duro Externo De 2.5  Modelo Hd650 4tb Usb 3.1 Contra G,Pen drives,https://static.ctonline.mx/imagenes/DDUDAT710/DDUDAT710_800.jpg,800x800 px,Fondo blanco puro verificado,Reactivación Automática Mercado Libre
MLM6133204774,MEMSTY050,Stylos Stmusb2b Memoria Usb 16gb 2.0 Protección De Escritura,Pen drives,https://static.ctonline.mx/imagenes/MEMSTY050/MEMSTY050_800.jpg,800x800 px,Fondo blanco puro verificado,Reactivación Automática Mercado Libre
MLM6133204908,MEMDAT7010,Memoria Usb De 256gb Ur350 3.2 Gen 1 (retrocompatible 3.0 Y,Pen drives,https://static.ctonline.mx/imagenes/MEMDAT7010/MEMDAT7010_800.jpg,800x800 px,Fondo blanco puro verificado,Reactivación Automática Mercado Libre
MLM6133204930,MEMDAT4340,"Memoria Usb De 32gb Uv220 2.0, Diseño Deslizante Sin Tapa. C",Pen drives,https://static.ctonline.mx/imagenes/MEMDAT4340/MEMDAT4340_800.jpg,800x800 px,Fondo blanco puro verificado,Reactivación Automática Mercado Libre
MLM6133205040,DDUDAT1260,"Disco Duro Externo Hd770g 2tb 2.5 , Interfaz Usb 3.2 Gen 1 (",Pen drives,https://static.ctonline.mx/imagenes/DDUDAT1260/DDUDAT1260_800.jpg,800x800 px,Fondo blanco puro verificado,Reactivación Automática Mercado Libre
MLM6133205086,MEMACT010,"Memoria Usb Nomad Metal Muf-8000 Acteck  Memoria Usb 8gb, 2.",Pen drives,https://static.ctonline.mx/imagenes/MEMACT010/MEMACT010_800.jpg,800x800 px,Fondo blanco puro verificado,Reactivación Automática Mercado Libre
MLM6133205154,MEMDAT3040,Memoria Usb De 128 Gb Uv128 3.2 Compatible Con Usb 2.0 Prese,Pen drives,https://static.ctonline.mx/imagenes/MEMDAT3040/MEMDAT3040_800.jpg,800x800 px,Fondo blanco puro verificado,Reactivación Automática Mercado Libre
MLM6133205180,ACCRBT1620,"Lector Microsd Usb 2.0 (345673r), Brobotix, Solución Compact",Pen drives,https://static.ctonline.mx/imagenes/ACCRBT1620/ACCRBT1620_800.jpg,800x800 px,Fondo blanco puro verificado,Reactivación Automática Mercado Libre
MLM6133205206,MEMDAT4140,"Memoria Usb 2.0 De 32gb C906, Diseño Clásico Y Compacta. Np.",Pen drives,https://static.ctonline.mx/imagenes/MEMDAT4140/MEMDAT4140_800.jpg,800x800 px,Fondo blanco puro verificado,Reactivación Automática Mercado Libre
MLM6133205216,MEMWSD120,"Micro Sd Sandisk Ultra 32gb Sdsqunr-032g-gn3ma, Formato: Mic",Pen drives,https://static.ctonline.mx/imagenes/MEMWSD120/MEMWSD120_800.jpg,800x800 px,Fondo blanco puro verificado,Reactivación Automática Mercado Libre
MLM6133205226,MEMKGN4630,Memoria Usb De 128gb Kingston Dtse9g3/128gb,Pen drives,https://static.ctonline.mx/imagenes/MEMKGN4630/MEMKGN4630_800.jpg,800x800 px,Fondo blanco puro verificado,Reactivación Automática Mercado Libre
MLM6133205274,DDUDAT680,"Disco Duro Externo 2.5  Hv620s 2tb Usb 3.2 Gen1, Compatible",Pen drives,https://static.ctonline.mx/imagenes/DDUDAT680/DDUDAT680_800.jpg,800x800 px,Fondo blanco puro verificado,Reactivación Automática Mercado Libre
MLM6133205296,MEMSTY180,Memoria Usb 32gb Mini Stylos. Stmus41s. Memoria Usb 32gb Min,Pen drives,https://static.ctonline.mx/imagenes/MEMSTY180/MEMSTY180_800.jpg,800x800 px,Fondo blanco puro verificado,Reactivación Automática Mercado Libre
MLM6133205300,ACCVGO2450,"Enclosure. Vorago Sdd-400. Carcasa M.2, Sata Nvme, Soporta 2",Pen drives,https://static.ctonline.mx/imagenes/ACCVGO2450/ACCVGO2450_800.jpg,800x800 px,Fondo blanco puro verificado,Reactivación Automática Mercado Libre
MLM6133205322,DDUDAT2540,Ssd Externo Adatasc750 500gb. Interfaz Usb 3.2 Gen 2 Con Vel,Pen drives,https://static.ctonline.mx/imagenes/DDUDAT2540/DDUDAT2540_800.jpg,800x800 px,Fondo blanco puro verificado,Reactivación Automática Mercado Libre
MLM6133205334,MEMACT020,"Memoria Usb Nomad Metal Muf-1600 Acteck  Memoria Usb 16gb, 2",Pen drives,https://static.ctonline.mx/imagenes/MEMACT020/MEMACT020_800.jpg,800x800 px,Fondo blanco puro verificado,Reactivación Automática Mercado Libre
MLM6133205384,DDUWSD2810,"Ssd Externo Sandisk Sdssde61-1t00-g25 1tb, Conexión: Usb 3.2",Pen drives,https://static.ctonline.mx/imagenes/DDUWSD2810/DDUWSD2810_800.jpg,800x800 px,Fondo blanco puro verificado,Reactivación Automática Mercado Libre
MLM6133205390,MEMKGN4560,Memoria Usb Microduo 3c De 128gb Kingston Dtduo3cg3/128gb,Pen drives,https://static.ctonline.mx/imagenes/MEMKGN4560/MEMKGN4560_800.jpg,800x800 px,Fondo blanco puro verificado,Reactivación Automática Mercado Libre
MLM6133205458,DDUDAT880,"Disco Duro Externo 2.5  Modelo Hv300 2tb Usb 3.1, Con Compat",Pen drives,https://static.ctonline.mx/imagenes/DDUDAT880/DDUDAT880_800.jpg,800x800 px,Fondo blanco puro verificado,Reactivación Automática Mercado Libre
MLM6133205474,MEMACT030,"Memoria Usb Nomad Metal Muf-3200 Acteck  Memoria Usb 32gb, 2",Pen drives,https://static.ctonline.mx/imagenes/MEMACT030/MEMACT030_800.jpg,800x800 px,Fondo blanco puro verificado,Reactivación Automática Mercado Libre
MLM6133205536,MEMDAT7100,Memoria Usb De 64gb Uc310 3.2 Gen 1 (retrocompatible 3.0 Y 2,Pen drives,https://static.ctonline.mx/imagenes/MEMDAT7100/MEMDAT7100_800.jpg,800x800 px,Fondo blanco puro verificado,Reactivación Automática Mercado Libre
MLM6133205624,DDUDAT2320,Ssd Externo Adata Sc730 512tb. Conectores Dobles Usb-c Y Usb,Pen drives,https://static.ctonline.mx/imagenes/DDUDAT2320/DDUDAT2320_800.jpg,800x800 px,Fondo blanco puro verificado,Reactivación Automática Mercado Libre
MLM6133366320,CAMUNV200,Cámara Ip Turret Unv (ipc3622le-adf28k-wp) / 2mp / Lente-2.8,Pen drives,https://static.ctonline.mx/imagenes/CAMUNV200/CAMUNV200_800.jpg,800x800 px,Fondo blanco puro verificado,Reactivación Automática Mercado Libre
MLM6133366328,DDUDAT700,"Disco Duro Externo 2.5  Hv620s 4tb Usb 3.1, Carcasa Elegante",Pen drives,https://static.ctonline.mx/imagenes/DDUDAT700/DDUDAT700_800.jpg,800x800 px,Fondo blanco puro verificado,Reactivación Automática Mercado Libre
MLM6133366358,MEMSAN2480,Micro Sd Sandisk Sdsdqas4-128g-bp: Memoria Microsdxc De 128g,Pen drives,https://static.ctonline.mx/imagenes/MEMSAN2480/MEMSAN2480_800.jpg,800x800 px,Fondo blanco puro verificado,Reactivación Automática Mercado Libre
MLM6133366364,MEMKGN5700,Memoria Usb-a + Usb-c Datatraveler Duog2 De 256gb Kingston D,Pen drives,https://static.ctonline.mx/imagenes/MEMKGN5700/MEMKGN5700_800.jpg,800x800 px,Fondo blanco puro verificado,Reactivación Automática Mercado Libre
MLM6133366372,MEMRBT540,"Memoria Usb 32gb Bulldog Min (190432-3), Brobotix Almacena Y",Pen drives,https://static.ctonline.mx/imagenes/MEMRBT540/MEMRBT540_800.jpg,800x800 px,Fondo blanco puro verificado,Reactivación Automática Mercado Libre
MLM6133366486,MEMSTY190,Memoria Usb 16gb Mini Stylos. Stmus42s. Memoria Usb 16gb Min,Pen drives,https://static.ctonline.mx/imagenes/MEMSTY190/MEMSTY190_800.jpg,800x800 px,Fondo blanco puro verificado,Reactivación Automática Mercado Libre
MLM6133366502,DDUDAT1850,Disco Duro Externo De 2.5  Modelo Hd330 5tb Usb 3.2 Gen1 (us,Pen drives,https://static.ctonline.mx/imagenes/DDUDAT1850/DDUDAT1850_800.jpg,800x800 px,Fondo blanco puro verificado,Reactivación Automática Mercado Libre
MLM6133366578,MEMKGN2580,Memoria Usb De 128gb Kingston Dt70/128gb,Pen drives,https://static.ctonline.mx/imagenes/MEMKGN2580/MEMKGN2580_800.jpg,800x800 px,Fondo blanco puro verificado,Reactivación Automática Mercado Libre
MLM6133366600,MEMKGN6020,Memoria Usb De 64gb Kingston Dtxg2/64gb Exodia Black,Pen drives,https://static.ctonline.mx/imagenes/MEMKGN6020/MEMKGN6020_800.jpg,800x800 px,Fondo blanco puro verificado,Reactivación Automática Mercado Libre
MLM6133366626,ACCRBT8910,"Lector De Tarjetas Microsd A Usb-c (406382), Brobotix Con El",Pen drives,https://static.ctonline.mx/imagenes/ACCRBT8910/ACCRBT8910_800.jpg,800x800 px,Fondo blanco puro verificado,Reactivación Automática Mercado Libre
MLM6133366652,MEMDAT6670,"Memoria Usb 2.0 De 64gb C906, Diseño Clásico Y Compacta. Np.",Pen drives,https://static.ctonline.mx/imagenes/MEMDAT6670/MEMDAT6670_800.jpg,800x800 px,Fondo blanco puro verificado,Reactivación Automática Mercado Libre
MLM6133366716,MEMNEX050,Memoria Usb Nextep Ne-470c Rendimiento 2.0 Twist Capacidad,Pen drives,https://static.ctonline.mx/imagenes/MEMNEX050/MEMNEX050_800.jpg,800x800 px,Fondo blanco puro verificado,Reactivación Automática Mercado Libre
MLM6133366774,MEMDAT7150,Memoria Usb De 256gb Uc310 3.2 Gen 1 (retrocompatible 3.0 Y,Pen drives,https://static.ctonline.mx/imagenes/MEMDAT7150/MEMDAT7150_800.jpg,800x800 px,Fondo blanco puro verificado,Reactivación Automática Mercado Libre
MLM6133366798,DDUDAT2020,"Ssd Externo Adata Se880 4tb. Interfaz Usb 3.2 Gen 2 X2, Puer",Pen drives,https://static.ctonline.mx/imagenes/DDUDAT2020/DDUDAT2020_800.jpg,800x800 px,Fondo blanco puro verificado,Reactivación Automática Mercado Libre
MLM6133366814,MEMSTY140,"Stylos Stmusb4b Memoria Usb 64gb 2.0, Protección De Escritur",Pen drives,https://static.ctonline.mx/imagenes/MEMSTY140/MEMSTY140_800.jpg,800x800 px,Fondo blanco puro verificado,Reactivación Automática Mercado Libre
MLM6133366888,MEMKGN2290,Memoria Usb 128gb Kingston Dtkn/128gb,Pen drives,https://static.ctonline.mx/imagenes/MEMKGN2290/MEMKGN2290_800.jpg,800x800 px,Fondo blanco puro verificado,Reactivación Automática Mercado Libre
MLM6133366890,MEMDAT4120,"Memoria Usb De 32gb Uv150 3.2, Diseño Elegante, Con Tapa. Co",Pen drives,https://static.ctonline.mx/imagenes/MEMDAT4120/MEMDAT4120_800.jpg,800x800 px,Fondo blanco puro verificado,Reactivación Automática Mercado Libre
MLM6133366996,MEMKGN4620,Memoria Usb De 64gb Kingston Dtse9g3/64gb,Pen drives,https://static.ctonline.mx/imagenes/MEMKGN4620/MEMKGN4620_800.jpg,800x800 px,Fondo blanco puro verificado,Reactivación Automática Mercado Libre
MLM6133367012,MEMDAT7170,Memoria Usb De 128gb Uc320 3.2 Gen 1 (retrocompatible 3.0 Y,Pen drives,https://static.ctonline.mx/imagenes/MEMDAT7170/MEMDAT7170_800.jpg,800x800 px,Fondo blanco puro verificado,Reactivación Automática Mercado Libre
MLM6133367046,DDUDAT1140,Disco Duro Externo De 2.5  Modelo Hd330 4tb Usb 3.2 Gen1 Com,Pen drives,https://static.ctonline.mx/imagenes/DDUDAT1140/DDUDAT1140_800.jpg,800x800 px,Fondo blanco puro verificado,Reactivación Automática Mercado Libre
MLM6133367048,MEMSTY320,Memoria Usb St500 64gb Plata. Stmus564b. Memoria Usb St500 6,Pen drives,https://static.ctonline.mx/imagenes/MEMSTY320/MEMSTY320_800.jpg,800x800 px,Fondo blanco puro verificado,Reactivación Automática Mercado Libre
MLM6133367106,MEMKGN2570,Memoria Usb De 64gb Kingston Dt70/64gb,Pen drives,https://static.ctonline.mx/imagenes/MEMKGN2570/MEMKGN2570_800.jpg,800x800 px,Fondo blanco puro verificado,Reactivación Automática Mercado Libre
MLM6133367216,MEMKGN6100,Memoria Usb De 128gb Kingston Kc-u3c128-7tb Dt Exodia S Blue,Pen drives,https://static.ctonline.mx/imagenes/MEMKGN6100/MEMKGN6100_800.jpg,800x800 px,Fondo blanco puro verificado,Reactivación Automática Mercado Libre
MLM6133367278,DDUDAT2590,"Ssd Externo Adata Sc740 1tb. Usb Tipo C Incorporado, 1.050/1",Pen drives,https://static.ctonline.mx/imagenes/DDUDAT2590/DDUDAT2590_800.jpg,800x800 px,Fondo blanco puro verificado,Reactivación Automática Mercado Libre
MLM6133367338,MEMSTY350,Memoria St500 Usb 32gb Stylos. Xstmus532b. Memoria Usb St500,Pen drives,https://static.ctonline.mx/imagenes/MEMSTY350/MEMSTY350_800.jpg,800x800 px,Fondo blanco puro verificado,Reactivación Automática Mercado Libre
MLM6133367344,MEMSTY330,Memoria Usb St500 128gb Plata. Stmus5128b. Memoria Usb St500,Pen drives,https://static.ctonline.mx/imagenes/MEMSTY330/MEMSTY330_800.jpg,800x800 px,Fondo blanco puro verificado,Reactivación Automática Mercado Libre
MLM6133367356,DDUDAT570,Disco Duro Externo De 2.5  Modelo Hd650 2tb Usb 3.1 Contra G,Pen drives,https://static.ctonline.mx/imagenes/DDUDAT570/DDUDAT570_800.jpg,800x800 px,Fondo blanco puro verificado,Reactivación Automática Mercado Libre
MLM6133367372,MEMDAT1380,"Memoria Usb De 16 Gb C008, Presenta Un Diseño Elegante Y Min",Pen drives,https://static.ctonline.mx/imagenes/MEMDAT1380/MEMDAT1380_800.jpg,800x800 px,Fondo blanco puro verificado,Reactivación Automática Mercado Libre
MLM6133367396,MEMLEX010,Memoria Usb Lexar 32gb Ljdv40-32gab 2.0. Diseño Práctico Par,Pen drives,https://static.ctonline.mx/imagenes/MEMLEX010/MEMLEX010_800.jpg,800x800 px,Fondo blanco puro verificado,Reactivación Automática Mercado Libre
MLM6133367468,DDUDAT2050,"Ssd Externo Adata Se880 1tb. Interfaz Usb 3.2 Gen 2 X2, Puer",Pen drives,https://static.ctonline.mx/imagenes/DDUDAT2050/DDUDAT2050_800.jpg,800x800 px,Fondo blanco puro verificado,Reactivación Automática Mercado Libre
MLM6133367476,MEMDAT6690,"Memoria Usb 3.2 Gen 1 Tipo C 32gb Uc300, Conector Deslizable",Pen drives,https://static.ctonline.mx/imagenes/MEMDAT6690/MEMDAT6690_800.jpg,800x800 px,Fondo blanco puro verificado,Reactivación Automática Mercado Libre
MLM6133367504,DDUDAT2060,"Ssd Externo Adata Se880 2tb. Interfaz Usb 3.2 Gen 2 X2, Puer",Pen drives,https://static.ctonline.mx/imagenes/DDUDAT2060/DDUDAT2060_800.jpg,800x800 px,Fondo blanco puro verificado,Reactivación Automática Mercado Libre
MLM6133367520,MEMDAT6410,Memoria Usb De 64gb Uv350 3.2 Gen 1 (retrocompatible 3.0 Y 2,Pen drives,https://static.ctonline.mx/imagenes/MEMDAT6410/MEMDAT6410_800.jpg,800x800 px,Fondo blanco puro verificado,Reactivación Automática Mercado Libre
MLM6133367590,MEMHYU070,Memoria Usb Hyundai 16gb 2.0 U2bk/16garg.carcasa Metálica/co,Pen drives,https://static.ctonline.mx/imagenes/MEMHYU070/MEMHYU070_800.jpg,800x800 px,Fondo blanco puro verificado,Reactivación Automática Mercado Libre
MLM6133367646,ACCRBT4190,"Correa Para Memoria Usb Varios Colores (180475-4), Brobotix",Pen drives,https://static.ctonline.mx/imagenes/ACCRBT4190/ACCRBT4190_800.jpg,800x800 px,Fondo blanco puro verificado,Reactivación Automática Mercado Libre
MLM6133367656,MEMKGN5240,Memoria Usb De 128gb Kingston Dtxs/128gb Exodia S (negro + A,Pen drives,https://static.ctonline.mx/imagenes/MEMKGN5240/MEMKGN5240_800.jpg,800x800 px,Fondo blanco puro verificado,Reactivación Automática Mercado Libre
MLM6133367696,MEMDAT6660,"Memoria Usb 2.0 De 64gb C906, Diseño Clásico Y Compacta. Np.",Pen drives,https://static.ctonline.mx/imagenes/MEMDAT6660/MEMDAT6660_800.jpg,800x800 px,Fondo blanco puro verificado,Reactivación Automática Mercado Libre
MLM6133367750,MEMKGN4260,Memoria Usb De 64gb Kingston Kc-u2l64-7LG (neon Verde) Model,Pen drives,https://static.ctonline.mx/imagenes/MEMKGN4260/MEMKGN4260_800.jpg,800x800 px,Fondo blanco puro verificado,Reactivación Automática Mercado Libre
MLM6133367816,MEMKGN4640,Memoria Usb De 256gb Kingston Dtse9g3/256gb,Pen drives,https://static.ctonline.mx/imagenes/MEMKGN4640/MEMKGN4640_800.jpg,800x800 px,Fondo blanco puro verificado,Reactivación Automática Mercado Libre
MLM6133367818,ACCRBT7840,"Correa Para Memoria Usb  Mix-3  Rojo  (180433-9), Brobotix N",Pen drives,https://static.ctonline.mx/imagenes/ACCRBT7840/ACCRBT7840_800.jpg,800x800 px,Fondo blanco puro verificado,Reactivación Automática Mercado Libre
MLM6133367830,MEMDAT6630,"Memoria Usb 2.0 De 32gb C906, Diseño Clásico Y Compacta. Np.",Pen drives,https://static.ctonline.mx/imagenes/MEMDAT6630/MEMDAT6630_800.jpg,800x800 px,Fondo blanco puro verificado,Reactivación Automática Mercado Libre
MLM6133367838,MEMNEX010,Memoria Usb 2.0 Nextep Ne-470d Twist 16 Gb Color Rojo Compat,Pen drives,https://static.ctonline.mx/imagenes/MEMNEX010/MEMNEX010_800.jpg,800x800 px,Fondo blanco puro verificado,Reactivación Automática Mercado Libre
MLM6133367866,MEMHPE320,Unidad De Arranque Usb Hpe (p21868-b21) Microsd De 32 Gb Rai,Pen drives,https://static.ctonline.mx/imagenes/MEMHPE320/MEMHPE320_800.jpg,800x800 px,Fondo blanco puro verificado,Reactivación Automática Mercado Libre
MLM6133367880,DDUDAT2140,"Ssd Externo Adata Sd620 512gb. Usb 3.2 Gen2, Velocidad De Tr",Pen drives,https://static.ctonline.mx/imagenes/DDUDAT2140/DDUDAT2140_800.jpg,800x800 px,Fondo blanco puro verificado,Reactivación Automática Mercado Libre
MLM6133367894,MEMDAT1880,"Memoria Usb 2.0 De 32gb C906, Diseño Clásico Y Compacta. Np.",Pen drives,https://static.ctonline.mx/imagenes/MEMDAT1880/MEMDAT1880_800.jpg,800x800 px,Fondo blanco puro verificado,Reactivación Automática Mercado Libre
MLM6133367952,MEMNEX030,Memoria Usb 2.0 Nextep Ne-470s Twist 64 Gb Color Negro Compa,Pen drives,https://static.ctonline.mx/imagenes/MEMNEX030/MEMNEX030_800.jpg,800x800 px,Fondo blanco puro verificado,Reactivación Automática Mercado Libre
MLM6133367972,CAMUNV210,Cámara Ip Bala Unv (ipc2312le-adf28km-wp) / 2 Mp / Lente 2.8,Pen drives,https://static.ctonline.mx/imagenes/CAMUNV210/CAMUNV210_800.jpg,800x800 px,Fondo blanco puro verificado,Reactivación Automática Mercado Libre
MLM6133368328,DDUDAT520,Disco Duro Externo Hd710 Pro 4tb 2.5  Interfaz Usb 3.1. Impe,Pen drives,https://static.ctonline.mx/imagenes/DDUDAT520/DDUDAT520_800.jpg,800x800 px,Fondo blanco puro verificado,Reactivación Automática Mercado Libre
MLM6133368554,BOCNCB660,"Diadema Bluetooh Fornax Naceb, Con Función De Manos Libres,",Pen drives,https://static.ctonline.mx/imagenes/BOCNCB660/BOCNCB660_800.jpg,800x800 px,Fondo blanco puro verificado,Reactivación Automática Mercado Libre
MLM6133368556,MEMKGN4500,Memoria Usb De 256gb Kingston Dt70/256gb,Pen drives,https://static.ctonline.mx/imagenes/MEMKGN4500/MEMKGN4500_800.jpg,800x800 px,Fondo blanco puro verificado,Reactivación Automática Mercado Libre
MLM6133368566,DDUDAT1460,Disco Duro Externo De 2.5  Modelo Hd330 1tb Usb 3.2 Gen1 Com,Pen drives,https://static.ctonline.mx/imagenes/DDUDAT1460/DDUDAT1460_800.jpg,800x800 px,Fondo blanco puro verificado,Reactivación Automática Mercado Libre
MLM6133368582,MEMDAT6650,"Memoria Usb 2.0 De 64gb C906, Diseño Clásico Y Compacta. Np.",Pen drives,https://static.ctonline.mx/imagenes/MEMDAT6650/MEMDAT6650_800.jpg,800x800 px,Fondo blanco puro verificado,Reactivación Automática Mercado Libre
MLM6133368606,MEMDAT6350,"Memoria Usb Adata Uv240, 2.0 De 32gb  Diseño Abatible Sin Ta",Pen drives,https://static.ctonline.mx/imagenes/MEMDAT6350/MEMDAT6350_800.jpg,800x800 px,Fondo blanco puro verificado,Reactivación Automática Mercado Libre
MLM6133368612,DDUDAT1920,"Ssd Externo Adata 1tb. Usb 3.2 Gen2, Velocidad De Transferen",Pen drives,https://static.ctonline.mx/imagenes/DDUDAT1920/DDUDAT1920_800.jpg,800x800 px,Fondo blanco puro verificado,Reactivación Automática Mercado Libre
MLM6133368646,ACCDAT1260,Disco Duro Externo 2.5  Modelo Hd720 2tb Usb 3.0 / 3.1 Ultra,Pen drives,https://static.ctonline.mx/imagenes/ACCDAT1260/ACCDAT1260_800.jpg,800x800 px,Fondo blanco puro verificado,Reactivación Automática Mercado Libre
MLM6133368862,ACCRBT1600,"Lector Microsd Usb 2.0 (345673a), Brobotix, Solución Compact",Pen drives,https://static.ctonline.mx/imagenes/ACCRBT1600/ACCRBT1600_800.jpg,800x800 px,Fondo blanco puro verificado,Reactivación Automática Mercado Libre
MLM6133368926,MEMSAN2370,"Microsd Sandisk 1tb Sdsquac-1t00-gn6ma Con Adaptador, Format",Pen drives,https://static.ctonline.mx/imagenes/MEMSAN2370/MEMSAN2370_800.jpg,800x800 px,Fondo blanco puro verificado,Reactivación Automática Mercado Libre
MLM6133369022,DDUDAT1180,Disco Duro Externo De 3.5  Hm800 8tb Usb 3.2 (compatible Con,Pen drives,https://static.ctonline.mx/imagenes/DDUDAT1180/DDUDAT1180_800.jpg,800x800 px,Fondo blanco puro verificado,Reactivación Automática Mercado Libre
MLM6133369046,ACCACT4790,Enclosure Ssd M.2 Acteck Armor Pro Hc660 Elite Series Carcas,Pen drives,https://static.ctonline.mx/imagenes/ACCACT4790/ACCACT4790_800.jpg,800x800 px,Fondo blanco puro verificado,Reactivación Automática Mercado Libre
MLM6133369048,DDUHYU160,"Disco Duro Externo Hyundai 1tbhynblue, Carcaza Plástica De A",Pen drives,https://static.ctonline.mx/imagenes/DDUHYU160/DDUHYU160_800.jpg,800x800 px,Fondo blanco puro verificado,Reactivación Automática Mercado Libre
MLM6133369102,BOCNCB650,"Diadema Bluetooh Fornax Naceb, Con Función De Manos Libres,",Pen drives,https://static.ctonline.mx/imagenes/BOCNCB650/BOCNCB650_800.jpg,800x800 px,Fondo blanco puro verificado,Reactivación Automática Mercado Libre
MLM6133369140,MEMDAT7120,Memoria Usb De 128gb Uc310 3.2 Gen 1 (retrocompatible 3.0 Y,Pen drives,https://static.ctonline.mx/imagenes/MEMDAT7120/MEMDAT7120_800.jpg,800x800 px,Fondo blanco puro verificado,Reactivación Automática Mercado Libre
MLM6133369218,DDUDAT2250,"Ssd Externo Adata 2tb. Usb4 40gbps Type-c, 3,800/3,700mb/s L",Pen drives,https://static.ctonline.mx/imagenes/DDUDAT2250/DDUDAT2250_800.jpg,800x800 px,Fondo blanco puro verificado,Reactivación Automática Mercado Libre
MLM6133369226,ACCRBT840,"Lector Microsd Usb 2.0 (345673n), Brobotix, Solución Compact",Pen drives,https://static.ctonline.mx/imagenes/ACCRBT840/ACCRBT840_800.jpg,800x800 px,Fondo blanco puro verificado,Reactivación Automática Mercado Libre
MLM6133369244,ACCRBT4960,"Correa Para Memoria Usb I Love U Amarilla (180422-1), Brobot",Pen drives,https://static.ctonline.mx/imagenes/ACCRBT4960/ACCRBT4960_800.jpg,800x800 px,Fondo blanco puro verificado,Reactivación Automática Mercado Libre
MLM6133369302,DDUHYU200,"Disco Duro Externo Hyundai 500hynred, Carcaza Plástica De Al",Pen drives,https://static.ctonline.mx/imagenes/DDUHYU200/DDUHYU200_800.jpg,800x800 px,Fondo blanco puro verificado,Reactivación Automática Mercado Libre
MLM6133369332,MEMKGN4710,Memoria Usb De 128gb Kingston Dtxm/128gb Kc-u2l128-7LG (verd,Pen drives,https://static.ctonline.mx/imagenes/MEMKGN4710/MEMKGN4710_800.jpg,800x800 px,Fondo blanco puro verificado,Reactivación Automática Mercado Libre
MLM6133369358,MEMACT040,"Memoria Usb Nomad Metal Muf-6400 Acteck  Memoria Usb 64gb, 2",Pen drives,https://static.ctonline.mx/imagenes/MEMACT040/MEMACT040_800.jpg,800x800 px,Fondo blanco puro verificado,Reactivación Automática Mercado Libre
MLM6133369412,MEMKGN2200,Memoria Usb De 128gb Kingston Dtx/128gb (black + Yellow),Pen drives,https://static.ctonline.mx/imagenes/MEMKGN2200/MEMKGN2200_800.jpg,800x800 px,Fondo blanco puro verificado,Reactivación Automática Mercado Libre
MLM6133369442,DDUDAT1240,"Disco Duro Externo Hd770g 1tb 2.5 , Interfaz Usb 3.2 Gen 1 (",Pen drives,https://static.ctonline.mx/imagenes/DDUDAT1240/DDUDAT1240_800.jpg,800x800 px,Fondo blanco puro verificado,Reactivación Automática Mercado Libre
MLM6133369464,MEMKGN6050,Memoria Usb De 512gb Kingston Dtxg2/512gb Exodia Black/purpl,Pen drives,https://static.ctonline.mx/imagenes/MEMKGN6050/MEMKGN6050_800.jpg,800x800 px,Fondo blanco puro verificado,Reactivación Automática Mercado Libre
MLM3424389493,TECYEY160,"Teclado Gaming Mecánico Yeyian Ykm-ergb-01, Iluminación Rgb,",Teclados para computadoras,https://static.ctonline.mx/imagenes/TECYEY160/TECYEY160_800.jpg,800x800 px,Fondo blanco puro verificado,Reactivación Automática Mercado Libre
MLM3424390491,TECSTY040,"Teclado Gamer Xz1020 Xzeal Xzkx020b. Mecánico, Switches Rojo",Teclados para computadoras,https://static.ctonline.mx/imagenes/TECSTY040/TECSTY040_800.jpg,800x800 px,Fondo blanco puro verificado,Reactivación Automática Mercado Libre
MLM6133205606,TECRBT050,Teclado Usb Gamer Retroiluminado Brobotix (188533-2) Incluye,Teclados para computadoras,https://static.ctonline.mx/imagenes/TECRBT050/TECRBT050_800.jpg,800x800 px,Fondo blanco puro verificado,Reactivación Automática Mercado Libre
MLM3424165281,TECBLR290,Teclado Gamer Alámbrico Balrak Pro Kg490 Balam Rush Teclado,Teclados para computadoras,https://static.ctonline.mx/imagenes/TECBLR290/TECBLR290_800.jpg,800x800 px,Fondo blanco puro verificado,Reactivación Automática Mercado Libre
MLM3424165301,TECBLR150,Teclado Gamer Inalámbrico Level Pro Gk990 Balam Rush Legend,Teclados para computadoras,https://static.ctonline.mx/imagenes/TECBLR150/TECBLR150_800.jpg,800x800 px,Fondo blanco puro verificado,Reactivación Automática Mercado Libre
MLM3424165409,TECVGO080,Teclado Kb-202 Multimedia Negro Con 140 Teclas En Español Y,Teclados para computadoras,https://static.ctonline.mx/imagenes/TECVGO080/TECVGO080_800.jpg,800x800 px,Fondo blanco puro verificado,Reactivación Automática Mercado Libre
MLM3424165453,TECVGO270,"Teclado Vorago Start The Game Kb-506 Tkl Factor 65%, Rgb, Ru",Teclados para computadoras,https://static.ctonline.mx/imagenes/TECVGO270/TECVGO270_800.jpg,800x800 px,Fondo blanco puro verificado,Reactivación Automática Mercado Libre
MLM3424165493,ACCRBT8500,Funda Con Teclado Bluetooth Y Panel Táctil Para iPad Air 13 ,Teclados para computadoras,https://static.ctonline.mx/imagenes/ACCRBT8500/ACCRBT8500_800.jpg,800x800 px,Fondo blanco puro verificado,Reactivación Automática Mercado Libre
MLM3424165837,TECACT220,Teclado Inalámbrico 2.4hz Inspire Krea Ti755 Acteck Elite Se,Teclados para computadoras,https://static.ctonline.mx/imagenes/TECACT220/TECACT220_800.jpg,800x800 px,Fondo blanco puro verificado,Reactivación Automática Mercado Libre
MLM3424165937,TECVGO190,"Teclado Mecánico Game Factor Kbg400-pk-bl, Switch Red, Usb,",Teclados para computadoras,https://static.ctonline.mx/imagenes/TECVGO190/TECVGO190_800.jpg,800x800 px,Fondo blanco puro verificado,Reactivación Automática Mercado Libre
MLM3424389293,TECRBT200,"Mini Teclado Inalámbrico, Bluetooth (6006436), Brobotix El M",Teclados para computadoras,https://static.ctonline.mx/imagenes/TECRBT200/TECRBT200_800.jpg,800x800 px,Fondo blanco puro verificado,Reactivación Automática Mercado Libre
MLM3424389295,TECRBT170,"Teclado Usb Iluminado Rgb Tricolor, Multimedia, M200 (420028",Teclados para computadoras,https://static.ctonline.mx/imagenes/TECRBT170/TECRBT170_800.jpg,800x800 px,Fondo blanco puro verificado,Reactivación Automática Mercado Libre
MLM3424389389,TECLOG1160,"G715  Logitech  920-010684 . De The Aurora Collection, El G7",Teclados para computadoras,https://static.ctonline.mx/imagenes/TECLOG1160/TECLOG1160_800.jpg,800x800 px,Fondo blanco puro verificado,Reactivación Automática Mercado Libre
MLM3424389717,TECACT120,Teclado Alámbrico Iluminado Acteck Inspire Ts425 Iluminación,Teclados para computadoras,https://static.ctonline.mx/imagenes/TECACT120/TECACT120_800.jpg,800x800 px,Fondo blanco puro verificado,Reactivación Automática Mercado Libre
MLM3424389757,ACCMAC1590,Magic Keyboard W/ Numeric Spa Mq052e/a Magic Keyboard Con Te,Teclados para computadoras,https://static.ctonline.mx/imagenes/ACCMAC1590/ACCMAC1590_800.jpg,800x800 px,Fondo blanco puro verificado,Reactivación Automática Mercado Libre
MLM3424389775,ACCNTE890,Teclado Inalámbrico Nextep Ne-415t Resistente A Salpicaduras,Teclados para computadoras,https://static.ctonline.mx/imagenes/ACCNTE890/ACCNTE890_800.jpg,800x800 px,Fondo blanco puro verificado,Reactivación Automática Mercado Libre
MLM3424389805,TECLOG1030,"Logitech Mx Mechanical Mini 920-010846. Mx Mechanical Mini,",Teclados para computadoras,https://static.ctonline.mx/imagenes/TECLOG1030/TECLOG1030_800.jpg,800x800 px,Fondo blanco puro verificado,Reactivación Automática Mercado Libre
MLM3424390017,TECMST1000,Pc-201021 Teclado Inalámbrico Con Touch Pad Teclas De Tijera,Teclados para computadoras,https://static.ctonline.mx/imagenes/TECMST1000/TECMST1000_800.jpg,800x800 px,Fondo blanco puro verificado,Reactivación Automática Mercado Libre
MLM3424390069,ACCITL6500,"Escritorio Compacto Para Computadora, Con Bandeja Deslizable",Teclados para computadoras,https://static.ctonline.mx/imagenes/ACCITL6500/ACCITL6500_800.jpg,800x800 px,Fondo blanco puro verificado,Reactivación Automática Mercado Libre
MLM3424390305,TECLEN090,"Teclado Lenovo Essential, 4y41r64657 Alámbrico, Usb, Negro (",Teclados para computadoras,https://static.ctonline.mx/imagenes/TECLEN090/TECLEN090_800.jpg,800x800 px,Fondo blanco puro verificado,Reactivación Automática Mercado Libre
MLM3424390343,TECRBT180,"Teclado Gamer  One Hand , Iluminado Rgb, Usb (567892), Brobo",Teclados para computadoras,https://static.ctonline.mx/imagenes/TECRBT180/TECRBT180_800.jpg,800x800 px,Fondo blanco puro verificado,Reactivación Automática Mercado Libre
MLM3424390351,TECNCB080,"Teclado One Hand Gaming Naceb Atheris, Retroiluminación Rgb",Teclados para computadoras,https://static.ctonline.mx/imagenes/TECNCB080/TECNCB080_800.jpg,800x800 px,Fondo blanco puro verificado,Reactivación Automática Mercado Libre
MLM3424390379,TECVGO300,Teclado Vorago Kbw-400 Slim Regargable Tipo C 2 Bluetooth +,Teclados para computadoras,https://static.ctonline.mx/imagenes/TECVGO300/TECVGO300_800.jpg,800x800 px,Fondo blanco puro verificado,Reactivación Automática Mercado Libre
MLM3424390411,TECSTY080,Teclado Alambrico Ptec6 Negro. Sttealled1t. Teclado Alambric,Teclados para computadoras,https://static.ctonline.mx/imagenes/TECSTY080/TECSTY080_800.jpg,800x800 px,Fondo blanco puro verificado,Reactivación Automática Mercado Libre
MLM3424390429,TECNCB190,"Teclado Mecánico Gamer Alámbrico (na-0972n), Teclado Mecánic",Teclados para computadoras,https://static.ctonline.mx/imagenes/TECNCB190/TECNCB190_800.jpg,800x800 px,Fondo blanco puro verificado,Reactivación Automática Mercado Libre
MLM3424390439,ACCACT3900,Control Remoto Para Pantalla Acteck Air Mouse Teclado Qwerty,Teclados para computadoras,https://static.ctonline.mx/imagenes/ACCACT3900/ACCACT3900_800.jpg,800x800 px,Fondo blanco puro verificado,Reactivación Automática Mercado Libre
MLM3424390571,TECLOG590,Teclado Para Juegos Logitech G213 Prodigy 920-008084. Uso Si,Teclados para computadoras,https://static.ctonline.mx/imagenes/TECLOG590/TECLOG590_800.jpg,800x800 px,Fondo blanco puro verificado,Reactivación Automática Mercado Libre
MLM3424390613,TECRBT010,"Teclado Flexible Usb Y Ps2 (801935), Brobotix Diseño Ligero,",Teclados para computadoras,https://static.ctonline.mx/imagenes/TECRBT010/TECRBT010_800.jpg,800x800 px,Fondo blanco puro verificado,Reactivación Automática Mercado Libre
MLM3424390701,KITLOG630,Teclado Logitech Mk250 920-013514. Conéctate Fácilmente Con,Teclados para computadoras,https://static.ctonline.mx/imagenes/KITLOG630/KITLOG630_800.jpg,800x800 px,Fondo blanco puro verificado,Reactivación Automática Mercado Libre
MLM3424390835,TECACT270,Teclado Inalámbrico Multidispositivos Inspire Trek Ti747  Ac,Teclados para computadoras,https://static.ctonline.mx/imagenes/TECACT270/TECACT270_800.jpg,800x800 px,Fondo blanco puro verificado,Reactivación Automática Mercado Libre
MLM3424390875,ACCDAH1610,Teclado Numérico Inalámbrico Dhi-ark30t-w2 /teclado Inalámbr,Teclados para computadoras,https://static.ctonline.mx/imagenes/ACCDAH1610/ACCDAH1610_800.jpg,800x800 px,Fondo blanco puro verificado,Reactivación Automática Mercado Libre
MLM3424390881,TECNCB140,"Teclado Mecánico Gamer (na-0968), Teclado Mecánico Gamer Tkl",Teclados para computadoras,https://static.ctonline.mx/imagenes/TECNCB140/TECNCB140_800.jpg,800x800 px,Fondo blanco puro verificado,Reactivación Automática Mercado Libre
MLM3424390945,ACCNEX1940,"Reposa Muñecas Nextep Ne-419 Para Teclado Material Tela, Mem",Teclados para computadoras,https://static.ctonline.mx/imagenes/ACCNEX1940/ACCNEX1940_800.jpg,800x800 px,Fondo blanco puro verificado,Reactivación Automática Mercado Libre
MLM3424390971,ACCDAH2070,Dahua Asi1201e-d - Control De Acceso Independiente Con Tecla,Teclados para computadoras,https://static.ctonline.mx/imagenes/ACCDAH2070/ACCDAH2070_800.jpg,800x800 px,Fondo blanco puro verificado,Reactivación Automática Mercado Libre
MLM3424391011,TECLOG1250,Wave Keys Logitech  920-012279. Wave Keys Es Un Teclado Ergo,Teclados para computadoras,https://static.ctonline.mx/imagenes/TECLOG1250/TECLOG1250_800.jpg,800x800 px,Fondo blanco puro verificado,Reactivación Automática Mercado Libre
MLM3424391019,ACCDAH2460,Teclado Inalámbrico Dhi-ark30t-w2 Teclado Inalámbrico Interi,Teclados para computadoras,https://static.ctonline.mx/imagenes/ACCDAH2460/ACCDAH2460_800.jpg,800x800 px,Fondo blanco puro verificado,Reactivación Automática Mercado Libre
MLM3424391033,TECNCB100,Teclado Mecánico Naceb 60% Con Teclas Intercambiables Na-096,Teclados para computadoras,https://static.ctonline.mx/imagenes/TECNCB100/TECNCB100_800.jpg,800x800 px,Fondo blanco puro verificado,Reactivación Automática Mercado Libre
MLM3424391049,ACCNSY090,Charola Para Teclado. Marca North System. North054-bkl. Char,Teclados para computadoras,https://static.ctonline.mx/imagenes/ACCNSY090/ACCNSY090_800.jpg,800x800 px,Fondo blanco puro verificado,Reactivación Automática Mercado Libre
MLM3424391439,TECLOG530,Wireless Touch Keyboard Logitech K400 Plus. 920-007123. Atra,Teclados para computadoras,https://static.ctonline.mx/imagenes/TECLOG530/TECLOG530_800.jpg,800x800 px,Fondo blanco puro verificado,Reactivación Automática Mercado Libre
MLM3424391509,TECLOG250,Teclado. Logitech. K120. 920-004422. Conexión Usb Plug & Pla,Teclados para computadoras,https://static.ctonline.mx/imagenes/TECLOG250/TECLOG250_800.jpg,800x800 px,Fondo blanco puro verificado,Reactivación Automática Mercado Libre
MLM3424391529,ACCRBT8510,Funda Con Teclado Bluetooth Y Panel Táctil Para iPad Pro 11 ,Teclados para computadoras,https://static.ctonline.mx/imagenes/ACCRBT8510/ACCRBT8510_800.jpg,800x800 px,Fondo blanco puro verificado,Reactivación Automática Mercado Libre
MLM3424391589,ACCRBT8520,Funda Con Teclado Bluetooth Y Pantalla Táctil Para iPad Pro,Teclados para computadoras,https://static.ctonline.mx/imagenes/ACCRBT8520/ACCRBT8520_800.jpg,800x800 px,Fondo blanco puro verificado,Reactivación Automática Mercado Libre
MLM3424391701,ACCRBT8490,Funda Con Teclado Bluetooth Y Panel Táctil Para iPad Air 11 ,Teclados para computadoras,https://static.ctonline.mx/imagenes/ACCRBT8490/ACCRBT8490_800.jpg,800x800 px,Fondo blanco puro verificado,Reactivación Automática Mercado Libre
MLM3424391705,TECECL010,Teclado Pos Ec Line (ec-s128mt) 128 Teclas Con Touch Pad Int,Teclados para computadoras,https://static.ctonline.mx/imagenes/TECECL010/TECECL010_800.jpg,800x800 px,Fondo blanco puro verificado,Reactivación Automática Mercado Libre
MLM3424391707,TECBLR090,Teclado Mecánico Dominate Gkx775 Balam Rush Legend Series Te,Teclados para computadoras,https://static.ctonline.mx/imagenes/TECBLR090/TECBLR090_800.jpg,800x800 px,Fondo blanco puro verificado,Reactivación Automática Mercado Libre
MLM3424391787,TECVGO240,"Teclado Mecánico 60% Game Factor Kbg560-bl, Rgb, Teclas Extr",Teclados para computadoras,https://static.ctonline.mx/imagenes/TECVGO240/TECVGO240_800.jpg,800x800 px,Fondo blanco puro verificado,Reactivación Automática Mercado Libre
MLM3424391911,TECACT210,Teclado Inalámbrico Rgb Techno Pro Ti790 Acteck Elite Series,Teclados para computadoras,https://static.ctonline.mx/imagenes/TECACT210/TECACT210_800.jpg,800x800 px,Fondo blanco puro verificado,Reactivación Automática Mercado Libre
MLM3424391939,TECYEY120,"Teclado Gaming. Keyboard Asward, Blue Switch Ytm-28208b. Tec",Teclados para computadoras,https://static.ctonline.mx/imagenes/TECYEY120/TECYEY120_800.jpg,800x800 px,Fondo blanco puro verificado,Reactivación Automática Mercado Libre
MLM3424391947,TECACT150,Teclado Inalámbrico Conexión Dual 2.4hz/bluetooth  Uny Comp,Teclados para computadoras,https://static.ctonline.mx/imagenes/TECACT150/TECACT150_800.jpg,800x800 px,Fondo blanco puro verificado,Reactivación Automática Mercado Libre
MLM3424392011,TECVGO250,"Teclado Mecánico 60% Game Factor Kbg560-rd, Rgb, Teclas Extr",Teclados para computadoras,https://static.ctonline.mx/imagenes/TECVGO250/TECVGO250_800.jpg,800x800 px,Fondo blanco puro verificado,Reactivación Automática Mercado Libre
MLM3424392131,TECTCH070,"Teclado Alambrico Grimbly Techzone Tz16tec01-ala, Cuenta Con",Teclados para computadoras,https://static.ctonline.mx/imagenes/TECTCH070/TECTCH070_800.jpg,800x800 px,Fondo blanco puro verificado,Reactivación Automática Mercado Libre
MLM3424392241,TECLOG1320,Logitech Pro X60 920-011902. Teclado Inalámbrico Lightspeed,Teclados para computadoras,https://static.ctonline.mx/imagenes/TECLOG1320/TECLOG1320_800.jpg,800x800 px,Fondo blanco puro verificado,Reactivación Automática Mercado Libre
MLM3424392243,TECBLR270,Teclado Gamer Alámbrico Dominate X Pro Gk777 Balam Rush Tecl,Teclados para computadoras,https://static.ctonline.mx/imagenes/TECBLR270/TECBLR270_800.jpg,800x800 px,Fondo blanco puro verificado,Reactivación Automática Mercado Libre
MLM3424392349,TECNCB110,Teclado Mecánico Naceb 60% Con Teclas Intercambiables Na-096,Teclados para computadoras,https://static.ctonline.mx/imagenes/TECNCB110/TECNCB110_800.jpg,800x800 px,Fondo blanco puro verificado,Reactivación Automática Mercado Libre
MLM3424392435,TECRBT190,"Teclado Numérico Usb (963234), Brobotix Con El Nuevo Teclado",Teclados para computadoras,https://static.ctonline.mx/imagenes/TECRBT190/TECRBT190_800.jpg,800x800 px,Fondo blanco puro verificado,Reactivación Automática Mercado Libre
MLM3424392543,TECMST1130,Teclado Alámbrico Slim Pc-201304 Perfectchoice Con Iluminaci,Teclados para computadoras,https://static.ctonline.mx/imagenes/TECMST1130/TECMST1130_800.jpg,800x800 px,Fondo blanco puro verificado,Reactivación Automática Mercado Libre
MLM3424392579,TECACT200,Teclado Inalámbrico Rgb Techno Pro Ti790 Acteck Elite Series,Teclados para computadoras,https://static.ctonline.mx/imagenes/TECACT200/TECACT200_800.jpg,800x800 px,Fondo blanco puro verificado,Reactivación Automática Mercado Libre
MLM3424392605,TECACT140,Teclado Inalámbrico Conexión Dual 2.4hz/bluetooth  Inspire C,Teclados para computadoras,https://static.ctonline.mx/imagenes/TECACT140/TECACT140_800.jpg,800x800 px,Fondo blanco puro verificado,Reactivación Automática Mercado Libre
MLM3424392651,TECACT230,Teclado Inalámbrico 2.4hz Inspire Krea Ti750 Acteck Elite Se,Teclados para computadoras,https://static.ctonline.mx/imagenes/TECACT230/TECACT230_800.jpg,800x800 px,Fondo blanco puro verificado,Reactivación Automática Mercado Libre
MLM3424392657,ACCACT1840,Funda Con Teclado Para Tablet De 7  O 7.85  Acteck Fp-900. R,Teclados para computadoras,https://static.ctonline.mx/imagenes/ACCACT1840/ACCACT1840_800.jpg,800x800 px,Fondo blanco puro verificado,Reactivación Automática Mercado Libre
MLM3424392663,TECNCB150,"Teclado Mecánico Gamer (na-0969), Teclado Mecánico Gamer Tkl",Teclados para computadoras,https://static.ctonline.mx/imagenes/TECNCB150/TECNCB150_800.jpg,800x800 px,Fondo blanco puro verificado,Reactivación Automática Mercado Libre
MLM3424392813,TECRBT140,"Teclado Multimedia Usb, Mini (963067), Brobotix  ¡conoce El",Teclados para computadoras,https://static.ctonline.mx/imagenes/TECRBT140/TECRBT140_800.jpg,800x800 px,Fondo blanco puro verificado,Reactivación Automática Mercado Libre
MLM3424392815,TECBLR230,Teclado Gamer Inalámbrico Defeat Level Gk3 Balam Rush Pantal,Teclados para computadoras,https://static.ctonline.mx/imagenes/TECBLR230/TECBLR230_800.jpg,800x800 px,Fondo blanco puro verificado,Reactivación Automática Mercado Libre
MLM3424392837,TECKNS020,El Teclado Compacto Multidispositivo Con Tecnología Inalámbr,Teclados para computadoras,https://static.ctonline.mx/imagenes/TECKNS020/TECKNS020_800.jpg,800x800 px,Fondo blanco puro verificado,Reactivación Automática Mercado Libre
MLM3424392893,TECSTY090,Teclado Alámbrico Stylos Stptec6b Membrana 100% 104 Teclas C,Teclados para computadoras,https://static.ctonline.mx/imagenes/TECSTY090/TECSTY090_800.jpg,800x800 px,Fondo blanco puro verificado,Reactivación Automática Mercado Libre
MLM3424392895,TECASS280,"Teclado Asus Rog Falchion Nx Gaming, Sku: 90mp01y8-bkua00. K",Teclados para computadoras,https://static.ctonline.mx/imagenes/TECASS280/TECASS280_800.jpg,800x800 px,Fondo blanco puro verificado,Reactivación Automática Mercado Libre
MLM3424393045,ACCAPC910,"Consola Lcd De 17 . Apc. Ap5717. Teclado, Mouse Y Consola Lc",Teclados para computadoras,https://static.ctonline.mx/imagenes/ACCAPC910/ACCAPC910_800.jpg,800x800 px,Fondo blanco puro verificado,Reactivación Automática Mercado Libre
MLM3424393055,ACCRBT2170,"Funda Para Tablet 10  Con Teclado (102760h), B-robotix Usa T",Teclados para computadoras,https://static.ctonline.mx/imagenes/ACCRBT2170/ACCRBT2170_800.jpg,800x800 px,Fondo blanco puro verificado,Reactivación Automática Mercado Libre
MLM3424393085,TECBLR190,Teclado Gamer Inalámbrico Dominate Expert Gk9791 Balam Rush,Teclados para computadoras,https://static.ctonline.mx/imagenes/TECBLR190/TECBLR190_800.jpg,800x800 px,Fondo blanco puro verificado,Reactivación Automática Mercado Libre
MLM3424393213,TECACT300,Teclado Numérico Inalámbrico 2.4hz/bluetooth  Inspire Pad Tn,Teclados para computadoras,https://static.ctonline.mx/imagenes/TECACT300/TECACT300_800.jpg,800x800 px,Fondo blanco puro verificado,Reactivación Automática Mercado Libre
MLM3424393225,ACCDAH1040,Joystick Con Teclado Nkb5000-f /teclado Controlador De Red H,Teclados para computadoras,https://static.ctonline.mx/imagenes/ACCDAH1040/ACCDAH1040_800.jpg,800x800 px,Fondo blanco puro verificado,Reactivación Automática Mercado Libre
MLM3424393297,TECBLR130,Teclado Mecánico Domínate Expert Gk979 Balam Rush Legend Ser,Teclados para computadoras,https://static.ctonline.mx/imagenes/TECBLR130/TECBLR130_800.jpg,800x800 px,Fondo blanco puro verificado,Reactivación Automática Mercado Libre
MLM3424393447,TECACT240,Teclado Estándar Inspire Prime Ta222 Acteck Essential Series,Teclados para computadoras,https://static.ctonline.mx/imagenes/TECACT240/TECACT240_800.jpg,800x800 px,Fondo blanco puro verificado,Reactivación Automática Mercado Libre
MLM3424393475,TECLOG1110,Teclado Logitech Signature K650 920-010964. Signature K650 S,Teclados para computadoras,https://static.ctonline.mx/imagenes/TECLOG1110/TECLOG1110_800.jpg,800x800 px,Fondo blanco puro verificado,Reactivación Automática Mercado Libre
MLM6133201620,TECLOG1040,"Logitech Mx Mechanical 920-010845. Mx Mechanical, Teclados C",Teclados para computadoras,https://static.ctonline.mx/imagenes/TECLOG1040/TECLOG1040_800.jpg,800x800 px,Fondo blanco puro verificado,Reactivación Automática Mercado Libre
MLM6133201742,TECVGO120,Teclado Vorago Start The Game Kb-502 Multimedia Negro Retroi,Teclados para computadoras,https://static.ctonline.mx/imagenes/TECVGO120/TECVGO120_800.jpg,800x800 px,Fondo blanco puro verificado,Reactivación Automática Mercado Libre
MLM6133201764,TECBLR140,Teclado Mecánico Domínate Expert Gk979 Balam Rush Legend Ser,Teclados para computadoras,https://static.ctonline.mx/imagenes/TECBLR140/TECBLR140_800.jpg,800x800 px,Fondo blanco puro verificado,Reactivación Automática Mercado Libre
MLM6133202010,TECMST820,Teclado Multimedia Core Usb. Easy Line. El-993384. Alámbrico,Teclados para computadoras,https://static.ctonline.mx/imagenes/TECMST820/TECMST820_800.jpg,800x800 px,Fondo blanco puro verificado,Reactivación Automática Mercado Libre
MLM6133202090,KITLOG620,Teclado Logitech Mk250 920-013513. Conéctate Fácilmente Con,Teclados para computadoras,https://static.ctonline.mx/imagenes/KITLOG620/KITLOG620_800.jpg,800x800 px,Fondo blanco puro verificado,Reactivación Automática Mercado Libre
MLM6133202116,TECSTY060,Teclado Inalámbrico Stylos Stptec4b. Diseño Ergonómico. 105,Teclados para computadoras,https://static.ctonline.mx/imagenes/TECSTY060/TECSTY060_800.jpg,800x800 px,Fondo blanco puro verificado,Reactivación Automática Mercado Libre
MLM6133202604,TECLOG550,Teclado Bluetooth Logitech K780 Multi-device Wireless Keyboa,Teclados para computadoras,https://static.ctonline.mx/imagenes/TECLOG550/TECLOG550_800.jpg,800x800 px,Fondo blanco puro verificado,Reactivación Automática Mercado Libre
MLM6133202692,TECYEY130,"Teclado Gaming .keyboard Asward, Blue Switch Ytm-28207r. Tec",Teclados para computadoras,https://static.ctonline.mx/imagenes/TECYEY130/TECYEY130_800.jpg,800x800 px,Fondo blanco puro verificado,Reactivación Automática Mercado Libre
MLM6133202700,TECDAH010,Dahua Asi1201a-d- Teclado Touch Para Control De Acceso Con P,Teclados para computadoras,https://static.ctonline.mx/imagenes/TECDAH010/TECDAH010_800.jpg,800x800 px,Fondo blanco puro verificado,Reactivación Automática Mercado Libre
MLM6133202752,ACCMST1680,E-foam (espuma Limpiadora 400g) Espuma Limpiadora Para Super,Teclados para computadoras,https://static.ctonline.mx/imagenes/ACCMST1680/ACCMST1680_800.jpg,800x800 px,Fondo blanco puro verificado,Reactivación Automática Mercado Libre
MLM6133202832,TECBLR210,Teclado Gamer Inalámbrico Dominate Expert Gk959 Balam Rush L,Teclados para computadoras,https://static.ctonline.mx/imagenes/TECBLR210/TECBLR210_800.jpg,800x800 px,Fondo blanco puro verificado,Reactivación Automática Mercado Libre
MLM6133202838,TECLOG1430,Teclado Logitech K250 920-013446. Escribe Fácilmente Con K25,Teclados para computadoras,https://static.ctonline.mx/imagenes/TECLOG1430/TECLOG1430_800.jpg,800x800 px,Fondo blanco puro verificado,Reactivación Automática Mercado Libre
MLM6133202844,ACCMAC1810,"Magic Keyboard, Mrmh2e/a El Magic Keyboard Con Teclado Numer",Teclados para computadoras,https://static.ctonline.mx/imagenes/ACCMAC1810/ACCMAC1810_800.jpg,800x800 px,Fondo blanco puro verificado,Reactivación Automática Mercado Libre
MLM6133202878,TECLOG270,Teclado Inalámbrico. Logitech. K270. 920-004426. Conexión 2.,Teclados para computadoras,https://static.ctonline.mx/imagenes/TECLOG270/TECLOG270_800.jpg,800x800 px,Fondo blanco puro verificado,Reactivación Automática Mercado Libre
MLM6133203006,TECKNS010,Teclado Inalámbrico Pro Fit® Ergo (negro) K75401. El Teclado,Teclados para computadoras,https://static.ctonline.mx/imagenes/TECKNS010/TECKNS010_800.jpg,800x800 px,Fondo blanco puro verificado,Reactivación Automática Mercado Libre
MLM6133203098,TECVGO170,"Teclado Mecánico Tkl Game Factor Kbg500-rd, Rgb, Tenkeyless,",Teclados para computadoras,https://static.ctonline.mx/imagenes/TECVGO170/TECVGO170_800.jpg,800x800 px,Fondo blanco puro verificado,Reactivación Automática Mercado Libre
MLM6133203102,SLXLMP030,"Silimpo, Espuma Limpiadora Para Gabinetes, Teclados Y Todo T",Teclados para computadoras,https://static.ctonline.mx/imagenes/SLXLMP030/SLXLMP030_800.jpg,800x800 px,Fondo blanco puro verificado,Reactivación Automática Mercado Libre
MLM6133203308,ACCITL1720,Convertidor Usb A Ps/2 (179027) 2ps/2 A 1 Usb Conecta Un Tec,Teclados para computadoras,https://static.ctonline.mx/imagenes/ACCITL1720/ACCITL1720_800.jpg,800x800 px,Fondo blanco puro verificado,Reactivación Automática Mercado Libre
MLM6133203346,TECNTE010,Teclado Nextep Inalámbrico Ne-415m Compacto Recargable Color,Teclados para computadoras,https://static.ctonline.mx/imagenes/TECNTE010/TECNTE010_800.jpg,800x800 px,Fondo blanco puro verificado,Reactivación Automática Mercado Libre
MLM6133203364,ACCDAH2080,Teclado Joystick Dahua Nkb1000-e /teclado Controlador Ip Con,Teclados para computadoras,https://static.ctonline.mx/imagenes/ACCDAH2080/ACCDAH2080_800.jpg,800x800 px,Fondo blanco puro verificado,Reactivación Automática Mercado Libre
MLM6133203366,TECRBT160,"Teclado Mini Inalámbrico, Recargable, Iluminado Rgb  (963814",Teclados para computadoras,https://static.ctonline.mx/imagenes/TECRBT160/TECRBT160_800.jpg,800x800 px,Fondo blanco puro verificado,Reactivación Automática Mercado Libre
MLM6133203432,TECTRG020,"Teclado Ergonómico Bluetooth Plegable Ingles Akf003us, Con N",Teclados para computadoras,https://static.ctonline.mx/imagenes/TECTRG020/TECTRG020_800.jpg,800x800 px,Fondo blanco puro verificado,Reactivación Automática Mercado Libre
MLM6133203546,TECMST960,Mini Teclado Inalámbrico Bluetooth Pc-200932 Voltaje Y Corri,Teclados para computadoras,https://static.ctonline.mx/imagenes/TECMST960/TECMST960_800.jpg,800x800 px,Fondo blanco puro verificado,Reactivación Automática Mercado Libre
MLM6133203600,TECLOG1280,Logitech Pro X Tkl 920-012143. Un Teclado Inalámbrico Para J,Teclados para computadoras,https://static.ctonline.mx/imagenes/TECLOG1280/TECLOG1280_800.jpg,800x800 px,Fondo blanco puro verificado,Reactivación Automática Mercado Libre
MLM6133203660,TECACT320,Teclado Alámbrico Vantage Aero Ta545 Acteck Conectividad Usb,Teclados para computadoras,https://static.ctonline.mx/imagenes/TECACT320/TECACT320_800.jpg,800x800 px,Fondo blanco puro verificado,Reactivación Automática Mercado Libre
MLM6133203708,TECYEY040,Teclado Gaming . Yeyian Spark Yat1804. Teclado Gaming Serie,Teclados para computadoras,https://static.ctonline.mx/imagenes/TECYEY040/TECYEY040_800.jpg,800x800 px,Fondo blanco puro verificado,Reactivación Automática Mercado Libre
MLM6133203738,TECBLR200,Teclado Gamer Inalámbrico Dominate Expert Gk9791 Balam Rush,Teclados para computadoras,https://static.ctonline.mx/imagenes/TECBLR200/TECBLR200_800.jpg,800x800 px,Fondo blanco puro verificado,Reactivación Automática Mercado Libre
MLM6133203808,TECYEY180,"Teclado Gaming Mecánico Yeyian Ykm-ergb-02. Iluminación Rgb,",Teclados para computadoras,https://static.ctonline.mx/imagenes/TECYEY180/TECYEY180_800.jpg,800x800 px,Fondo blanco puro verificado,Reactivación Automática Mercado Libre
MLM6133203850,ACCRBT9270,"Funda Con Teclado Bluetooth, Panel Táctil Y Rotación 360° Ma",Teclados para computadoras,https://static.ctonline.mx/imagenes/ACCRBT9270/ACCRBT9270_800.jpg,800x800 px,Fondo blanco puro verificado,Reactivación Automática Mercado Libre
MLM6133203858,TECLOG1420,Teclado Logitech K250 920-013445. Escribe Fácilmente Con K25,Teclados para computadoras,https://static.ctonline.mx/imagenes/TECLOG1420/TECLOG1420_800.jpg,800x800 px,Fondo blanco puro verificado,Reactivación Automática Mercado Libre
MLM6133203920,TECBLR250,Teclado Gamer Inalámbrico Warstrike Frost Kg500fi Balam Rush,Teclados para computadoras,https://static.ctonline.mx/imagenes/TECBLR250/TECBLR250_800.jpg,800x800 px,Fondo blanco puro verificado,Reactivación Automática Mercado Libre
MLM6133203922,TECNCB120,"Teclado Gamer (na-0966), Teclado Gamer (na-0966) Modelo: Na-",Teclados para computadoras,https://static.ctonline.mx/imagenes/TECNCB120/TECNCB120_800.jpg,800x800 px,Fondo blanco puro verificado,Reactivación Automática Mercado Libre
MLM6133203950,TECACT170,Teclado Numérico Conexión Dual 2.4hz/bluetooth  Inspire Ti45,Teclados para computadoras,https://static.ctonline.mx/imagenes/TECACT170/TECACT170_800.jpg,800x800 px,Fondo blanco puro verificado,Reactivación Automática Mercado Libre
MLM6133203952,ACCKNS740,Ergosoft Reposamuñecas Kensington K52798ww Para Teclado Meca,Teclados para computadoras,https://static.ctonline.mx/imagenes/ACCKNS740/ACCKNS740_800.jpg,800x800 px,Fondo blanco puro verificado,Reactivación Automática Mercado Libre
MLM6133203970,ACCRBT2120,"Funda Para Tablet 7  Con Teclado (001635n), B-robotix Usa Tu",Teclados para computadoras,https://static.ctonline.mx/imagenes/ACCRBT2120/ACCRBT2120_800.jpg,800x800 px,Fondo blanco puro verificado,Reactivación Automática Mercado Libre
MLM6133204002,TECVGO200,"Teclado Mecánico Game Factor Kbg400-pk-rd, Switch Red, Usb,",Teclados para computadoras,https://static.ctonline.mx/imagenes/TECVGO200/TECVGO200_800.jpg,800x800 px,Fondo blanco puro verificado,Reactivación Automática Mercado Libre
MLM6133204016,ACCKNS1670,Descansa Muñecas Para Teclado Slim Negro K52800ww Kensington,Teclados para computadoras,https://static.ctonline.mx/imagenes/ACCKNS1670/ACCKNS1670_800.jpg,800x800 px,Fondo blanco puro verificado,Reactivación Automática Mercado Libre
MLM6133204094,TECLOG1000,"Logitech Mx Keys Mini 920-010476. Éste Es Mx Keys Mini, Un T",Teclados para computadoras,https://static.ctonline.mx/imagenes/TECLOG1000/TECLOG1000_800.jpg,800x800 px,Fondo blanco puro verificado,Reactivación Automática Mercado Libre
MLM6133204228,TECNCB090,"Teclado Mecánico Black Cobra Naceb, Retroiluminación Rgb Con",Teclados para computadoras,https://static.ctonline.mx/imagenes/TECNCB090/TECNCB090_800.jpg,800x800 px,Fondo blanco puro verificado,Reactivación Automática Mercado Libre
MLM6133204296,TECVGO220,Teclado Vorago Kb-204 Alambrico Multimedia Usb,Teclados para computadoras,https://static.ctonline.mx/imagenes/TECVGO220/TECVGO220_800.jpg,800x800 px,Fondo blanco puro verificado,Reactivación Automática Mercado Libre
MLM6133204382,ACCMAC4180,Magic Keyboard Mjqk3la/a Para El iPad Air De 13 Pulgadas (m2,Teclados para computadoras,https://static.ctonline.mx/imagenes/ACCMAC4180/ACCMAC4180_800.jpg,800x800 px,Fondo blanco puro verificado,Reactivación Automática Mercado Libre
MLM6133204482,TECBLR280,Teclado Gamer Alámbrico Warstrike Frost Kg500f Balam Rush Te,Teclados para computadoras,https://static.ctonline.mx/imagenes/TECBLR280/TECBLR280_800.jpg,800x800 px,Fondo blanco puro verificado,Reactivación Automática Mercado Libre
MLM6133204552,ACCNEX1960,Tapete Gamer Profesional  Dragon Xt Xl Nextep Ne-483 Para Te,Teclados para computadoras,https://static.ctonline.mx/imagenes/ACCNEX1960/ACCNEX1960_800.jpg,800x800 px,Fondo blanco puro verificado,Reactivación Automática Mercado Libre
MLM6133204568,TECBLR100,Teclado Mecánico Dominate Gk560 Balam Rush Azender Series Te,Teclados para computadoras,https://static.ctonline.mx/imagenes/TECBLR100/TECBLR100_800.jpg,800x800 px,Fondo blanco puro verificado,Reactivación Automática Mercado Libre
MLM6133204606,TECBLR060,"Teclado Gaming Gunfire Balam Rush Teclas Macro Programables,",Teclados para computadoras,https://static.ctonline.mx/imagenes/TECBLR060/TECBLR060_800.jpg,800x800 px,Fondo blanco puro verificado,Reactivación Automática Mercado Libre
MLM6133204650,TECNCB160,"Teclado Mecánico Gamer Alámbrico (na-0970), Teclado Mecánico",Teclados para computadoras,https://static.ctonline.mx/imagenes/TECNCB160/TECNCB160_800.jpg,800x800 px,Fondo blanco puro verificado,Reactivación Automática Mercado Libre
MLM6133204666,TECGET030,Getttech Teclado Tkc Gamer - Modelo: Gpk-esmwr-g2,Teclados para computadoras,https://static.ctonline.mx/imagenes/TECGET030/TECGET030_800.jpg,800x800 px,Fondo blanco puro verificado,Reactivación Automática Mercado Libre
MLM6133204732,TECRBT130,"Teclado Usb Iluminado Rgb K630 (841581), Brobotix.  Conoce E",Teclados para computadoras,https://static.ctonline.mx/imagenes/TECRBT130/TECRBT130_800.jpg,800x800 px,Fondo blanco puro verificado,Reactivación Automática Mercado Libre
MLM6133204746,TECBLR220,Teclado Gamer Inalámbrico Dominate Expert Gk959 Balam Rush L,Teclados para computadoras,https://static.ctonline.mx/imagenes/TECBLR220/TECBLR220_800.jpg,800x800 px,Fondo blanco puro verificado,Reactivación Automática Mercado Libre
MLM6133204872,TECTRG040,Teclado Inalámbrico Antimicrobiano Bt Multidispositivo De Ta,Teclados para computadoras,https://static.ctonline.mx/imagenes/TECTRG040/TECTRG040_800.jpg,800x800 px,Fondo blanco puro verificado,Reactivación Automática Mercado Libre
MLM6133204880,TECBLR170,Teclado Gamer Inalámbrico Level Pro Gk990 Balam Rush Legend,Teclados para computadoras,https://static.ctonline.mx/imagenes/TECBLR170/TECBLR170_800.jpg,800x800 px,Fondo blanco puro verificado,Reactivación Automática Mercado Libre
MLM6133204936,TECLOG1100,Teclado Logitech Signature K650 920-010910. Signature K650 S,Teclados para computadoras,https://static.ctonline.mx/imagenes/TECLOG1100/TECLOG1100_800.jpg,800x800 px,Fondo blanco puro verificado,Reactivación Automática Mercado Libre
MLM6133204948,TECACT130,Teclado Inalámbrico Conexión Dual 2.4hz/bluetooth  Inspire C,Teclados para computadoras,https://static.ctonline.mx/imagenes/TECACT130/TECACT130_800.jpg,800x800 px,Fondo blanco puro verificado,Reactivación Automática Mercado Libre
MLM6133205042,ACCMAC2590,Magic Keyboard Mxqt2la/a Para El iPad Air De 11 Pulgadas (m2,Teclados para computadoras,https://static.ctonline.mx/imagenes/ACCMAC2590/ACCMAC2590_800.jpg,800x800 px,Fondo blanco puro verificado,Reactivación Automática Mercado Libre
MLM6133205104,TECRBT150,"Teclado Usb Iluminado Rgb, Teclas Circulares, Retro (963098)",Teclados para computadoras,https://static.ctonline.mx/imagenes/TECRBT150/TECRBT150_800.jpg,800x800 px,Fondo blanco puro verificado,Reactivación Automática Mercado Libre
MLM6133205190,TECLOG1180,Logitech Teclado G713 920-010670 Lineal. El Teclado G713 Par,Teclados para computadoras,https://static.ctonline.mx/imagenes/TECLOG1180/TECLOG1180_800.jpg,800x800 px,Fondo blanco puro verificado,Reactivación Automática Mercado Libre
MLM6133205262,TECBLR030,Teclado Gaming Alba Balam Rush Retroiluminacion De 4 Colores,Teclados para computadoras,https://static.ctonline.mx/imagenes/TECBLR030/TECBLR030_800.jpg,800x800 px,Fondo blanco puro verificado,Reactivación Automática Mercado Libre
MLM6133205362,ACCRBT6360,Protector Para Galaxy Tab 10.1  Con Teclado Bluetooth Negro,Teclados para computadoras,https://static.ctonline.mx/imagenes/ACCRBT6360/ACCRBT6360_800.jpg,800x800 px,Fondo blanco puro verificado,Reactivación Automática Mercado Libre
MLM6133205478,TECVGO150,Teclado Vorago Gamefactor Kbg-400 Tenkeyless Usb Negro,Teclados para computadoras,https://static.ctonline.mx/imagenes/TECVGO150/TECVGO150_800.jpg,800x800 px,Fondo blanco puro verificado,Reactivación Automática Mercado Libre
MLM6133205562,ACCRBT7710,Funda Universal Con Teclado Bluetooth Con Iluminación Rgb Pa,Teclados para computadoras,https://static.ctonline.mx/imagenes/ACCRBT7710/ACCRBT7710_800.jpg,800x800 px,Fondo blanco puro verificado,Reactivación Automática Mercado Libre
MLM6133205676,ACCMAC1600,Teclado Inalámbrico Apple Magic Keyboard Con Teclado Numéric,Teclados para computadoras,https://static.ctonline.mx/imagenes/ACCMAC1600/ACCMAC1600_800.jpg,800x800 px,Fondo blanco puro verificado,Reactivación Automática Mercado Libre
MLM6133205684,TECACT180,Teclado Alámbrico Led Aurean Pro Ta477g Acteck Advanced Seri,Teclados para computadoras,https://static.ctonline.mx/imagenes/TECACT180/TECACT180_800.jpg,800x800 px,Fondo blanco puro verificado,Reactivación Automática Mercado Libre
MLM6133366080,TECSTY070,Teclado Alambrico Negro Stylos Stptec5b. Diseño Ergonómico.,Teclados para computadoras,https://static.ctonline.mx/imagenes/TECSTY070/TECSTY070_800.jpg,800x800 px,Fondo blanco puro verificado,Reactivación Automática Mercado Libre
MLM6133366086,ACCRBT2160,"Funda Para Tablet 10  Con Teclado (102760g), B-robotix Usa T",Teclados para computadoras,https://static.ctonline.mx/imagenes/ACCRBT2160/ACCRBT2160_800.jpg,800x800 px,Fondo blanco puro verificado,Reactivación Automática Mercado Libre
MLM6133366338,PROLMP030,"367059 Froth-express Prolicom, Espuma Antiestatica Para Tecl",Teclados para computadoras,https://static.ctonline.mx/imagenes/PROLMP030/PROLMP030_800.jpg,800x800 px,Fondo blanco puro verificado,Reactivación Automática Mercado Libre
MLM6133366408,TECITL370,"180764 Teclado Wireless Formato De Perfil Bajo, Para Pc Y Po",Teclados para computadoras,https://static.ctonline.mx/imagenes/TECITL370/TECITL370_800.jpg,800x800 px,Fondo blanco puro verificado,Reactivación Automática Mercado Libre
MLM6133366420,TECNCB170,"Teclado Mecánico Gamer Alámbrico Slim (na-0971), Teclado Mec",Teclados para computadoras,https://static.ctonline.mx/imagenes/TECNCB170/TECNCB170_800.jpg,800x800 px,Fondo blanco puro verificado,Reactivación Automática Mercado Libre
MLM6133366442,TECBLR300,Teclado Gamer Alámbrico Balrak Plus Kg480 Balam Rush Teclado,Teclados para computadoras,https://static.ctonline.mx/imagenes/TECBLR300/TECBLR300_800.jpg,800x800 px,Fondo blanco puro verificado,Reactivación Automática Mercado Libre
MLM6133366448,TECSTY030,Teclado Gamer Xzeal Satrter Xsatga1b. Membrana De Sensacion,Teclados para computadoras,https://static.ctonline.mx/imagenes/TECSTY030/TECSTY030_800.jpg,800x800 px,Fondo blanco puro verificado,Reactivación Automática Mercado Libre
MLM6133366524,TECLEN080,"Teclado Lenovo Essential, 4y41c68666 Alámbrico, Usb, Negro (",Teclados para computadoras,https://static.ctonline.mx/imagenes/TECLEN080/TECLEN080_800.jpg,800x800 px,Fondo blanco puro verificado,Reactivación Automática Mercado Libre
MLM6133366528,TECACT280,Teclado Inalámbrico Multidispositivos Inspire Trek Ti737  Ac,Teclados para computadoras,https://static.ctonline.mx/imagenes/TECACT280/TECACT280_800.jpg,800x800 px,Fondo blanco puro verificado,Reactivación Automática Mercado Libre
MLM6133366534,TECACT290,Teclado Inalámbrico Multidispositivos Inspire Trek Ti737  Ac,Teclados para computadoras,https://static.ctonline.mx/imagenes/TECACT290/TECACT290_800.jpg,800x800 px,Fondo blanco puro verificado,Reactivación Automática Mercado Libre
MLM6133366682,TECACT330,Teclado Inalámbrico 2.4ghz Techno Core Ti780 Acteck Conectiv,Teclados para computadoras,https://static.ctonline.mx/imagenes/TECACT330/TECACT330_800.jpg,800x800 px,Fondo blanco puro verificado,Reactivación Automática Mercado Libre
MLM6133366688,ACCRBT1490,"Protector Para Tableta De 7  Con Teclado (001678), Brobotix",Teclados para computadoras,https://static.ctonline.mx/imagenes/ACCRBT1490/ACCRBT1490_800.jpg,800x800 px,Fondo blanco puro verificado,Reactivación Automática Mercado Libre
MLM6133366718,TECLOG1010,"Logitech Mx Keys Mini 920-010477. Éste Es Mx Keys Mini, Un T",Teclados para computadoras,https://static.ctonline.mx/imagenes/TECLOG1010/TECLOG1010_800.jpg,800x800 px,Fondo blanco puro verificado,Reactivación Automática Mercado Libre
MLM6133366822,TECMST990,Teclado Alámbrico Pc-201038 Teclado Con Sistema De Drenaje E,Teclados para computadoras,https://static.ctonline.mx/imagenes/TECMST990/TECMST990_800.jpg,800x800 px,Fondo blanco puro verificado,Reactivación Automática Mercado Libre
MLM6133366832,TECACT260,Teclado Inalámbrico Multidispositivos Inspire Trek Ti747  Ac,Teclados para computadoras,https://static.ctonline.mx/imagenes/TECACT260/TECACT260_800.jpg,800x800 px,Fondo blanco puro verificado,Reactivación Automática Mercado Libre
MLM6133366948,TECLOG1050,Logitech G413 Se 920-010433. Hecho Para El Juego Aquí Tienes,Teclados para computadoras,https://static.ctonline.mx/imagenes/TECLOG1050/TECLOG1050_800.jpg,800x800 px,Fondo blanco puro verificado,Reactivación Automática Mercado Libre
MLM6133366952,TECBLR110,Teclado Mecánico Dominate Gk550 Balam Rush Azender Series Te,Teclados para computadoras,https://static.ctonline.mx/imagenes/TECBLR110/TECBLR110_800.jpg,800x800 px,Fondo blanco puro verificado,Reactivación Automática Mercado Libre
MLM6133367030,TECNCB130,"Teclado Multimedia Gamer K417 Na-0967, Teclado Multimedia Ga",Teclados para computadoras,https://static.ctonline.mx/imagenes/TECNCB130/TECNCB130_800.jpg,800x800 px,Fondo blanco puro verificado,Reactivación Automática Mercado Libre
MLM6133367070,TECNCB070,"Teclado Multimedia Naceb, Conexión Usb, Estable Y Durable, D",Teclados para computadoras,https://static.ctonline.mx/imagenes/TECNCB070/TECNCB070_800.jpg,800x800 px,Fondo blanco puro verificado,Reactivación Automática Mercado Libre
MLM6133367098,TECLOG1310,Teclado Logitech Pebble Keys 2 K380s 920-011785. Teclado Blu,Teclados para computadoras,https://static.ctonline.mx/imagenes/TECLOG1310/TECLOG1310_800.jpg,800x800 px,Fondo blanco puro verificado,Reactivación Automática Mercado Libre
MLM6133367212,TECACT340,Teclado Alambrico Techno Core Ta780 Acteck  Teclas De Bajo P,Teclados para computadoras,https://static.ctonline.mx/imagenes/TECACT340/TECACT340_800.jpg,800x800 px,Fondo blanco puro verificado,Reactivación Automática Mercado Libre
MLM6133367452,TECNCB030,Teclado Gamer Retroiluminado Naceb (na-0912) 8 Teclas Multim,Teclados para computadoras,https://static.ctonline.mx/imagenes/TECNCB030/TECNCB030_800.jpg,800x800 px,Fondo blanco puro verificado,Reactivación Automática Mercado Libre
MLM6133367576,TECVGO310,"Teclado Gamer Vorago. Kb-600 Teclado Mecánico, Formato 65%,",Teclados para computadoras,https://static.ctonline.mx/imagenes/TECVGO310/TECVGO310_800.jpg,800x800 px,Fondo blanco puro verificado,Reactivación Automática Mercado Libre
MLM6133367612,ACCDAH2050,Dahua Asr2101a-d - Lectora De Tarjetas Id Con Teclado Para P,Teclados para computadoras,https://static.ctonline.mx/imagenes/ACCDAH2050/ACCDAH2050_800.jpg,800x800 px,Fondo blanco puro verificado,Reactivación Automática Mercado Libre
MLM6133367616,TECACT160,Teclado Inalámbrico Conexión Dual 2.4hz/bluetooth  Uny Comp,Teclados para computadoras,https://static.ctonline.mx/imagenes/TECACT160/TECACT160_800.jpg,800x800 px,Fondo blanco puro verificado,Reactivación Automática Mercado Libre
MLM6133367730,TECGET040,Getttech Teclado Slim Con Concentrador Usb - Modelo: Ggk-esm,Teclados para computadoras,https://static.ctonline.mx/imagenes/TECGET040/TECGET040_800.jpg,800x800 px,Fondo blanco puro verificado,Reactivación Automática Mercado Libre
MLM6133367738,TECITL110,Teclado Númerico. Manhattan.. 176354. Conexión: Alámbrico. I,Teclados para computadoras,https://static.ctonline.mx/imagenes/TECITL110/TECITL110_800.jpg,800x800 px,Fondo blanco puro verificado,Reactivación Automática Mercado Libre
MLM6133367740,ACCRBT8480,Funda Con Teclado Bluetooth Y Panel Táctil Para iPad 11  Gen,Teclados para computadoras,https://static.ctonline.mx/imagenes/ACCRBT8480/ACCRBT8480_800.jpg,800x800 px,Fondo blanco puro verificado,Reactivación Automática Mercado Libre
MLM6133367776,TECLOG1440,Teclado Logitech K250 920-013447. Escribe Fácilmente Con K25,Teclados para computadoras,https://static.ctonline.mx/imagenes/TECLOG1440/TECLOG1440_800.jpg,800x800 px,Fondo blanco puro verificado,Reactivación Automática Mercado Libre
MLM6133367822,TECMST1120,"Teclado Numérico Inalámbrico Numbra Pc-201106, Diseño Portát",Teclados para computadoras,https://static.ctonline.mx/imagenes/TECMST1120/TECMST1120_800.jpg,800x800 px,Fondo blanco puro verificado,Reactivación Automática Mercado Libre
MLM6133367834,TECTCH110,Teclado Alámbrico Qwerty Tzactca04 Marca Techzone De 105 Tec,Teclados para computadoras,https://static.ctonline.mx/imagenes/TECTCH110/TECTCH110_800.jpg,800x800 px,Fondo blanco puro verificado,Reactivación Automática Mercado Libre
MLM6133367840,ACCDAH2060,Dahua Dhi-asr2101a - Lectora De Tarjetas Mifare Con Teclado,Teclados para computadoras,https://static.ctonline.mx/imagenes/ACCDAH2060/ACCDAH2060_800.jpg,800x800 px,Fondo blanco puro verificado,Reactivación Automática Mercado Libre
MLM6133367924,ACCKNS1630,Descansa Muñecas Para Teclado Compacto Slim Negro K52801ww K,Teclados para computadoras,https://static.ctonline.mx/imagenes/ACCKNS1630/ACCKNS1630_800.jpg,800x800 px,Fondo blanco puro verificado,Reactivación Automática Mercado Libre
MLM6133368032,TECVGO160,"Teclado Mecánico Tkl Game Factor Kbg500-bl, Rgb, Tenkeyless,",Teclados para computadoras,https://static.ctonline.mx/imagenes/TECVGO160/TECVGO160_800.jpg,800x800 px,Fondo blanco puro verificado,Reactivación Automática Mercado Libre
MLM6133368046,ACCLOG520,Logitech Receptor Usb Logi Bolt 956-00007 Un Receptor - 6 Di,Teclados para computadoras,https://static.ctonline.mx/imagenes/ACCLOG520/ACCLOG520_800.jpg,800x800 px,Fondo blanco puro verificado,Reactivación Automática Mercado Libre
MLM6133368090,TECACT310,Teclado Inalámbrico Multimedia 2.4ghz Vantage Aero Ti555 Act,Teclados para computadoras,https://static.ctonline.mx/imagenes/TECACT310/TECACT310_800.jpg,800x800 px,Fondo blanco puro verificado,Reactivación Automática Mercado Libre
MLM6133368140,TECACT190,Teclado Acteck Creator Aurean Ii Ta220g Retroiluminacion Rai,Teclados para computadoras,https://static.ctonline.mx/imagenes/TECACT190/TECACT190_800.jpg,800x800 px,Fondo blanco puro verificado,Reactivación Automática Mercado Libre
MLM6133368170,TECTCH120,Teclado Recargable Hefestos Techzone Tzactcb01 De 108 + 12 T,Teclados para computadoras,https://static.ctonline.mx/imagenes/TECTCH120/TECTCH120_800.jpg,800x800 px,Fondo blanco puro verificado,Reactivación Automática Mercado Libre
MLM6133368190,TECYEY030,Teclado Gaming . Yeyian Flare Yat1803. Teclado Gaming Serie,Teclados para computadoras,https://static.ctonline.mx/imagenes/TECYEY030/TECYEY030_800.jpg,800x800 px,Fondo blanco puro verificado,Reactivación Automática Mercado Libre
MLM6133368248,TECBLR180,Teclado Gamer Inalámbrico Level Pro Gk990 Balam Rush Legend,Teclados para computadoras,https://static.ctonline.mx/imagenes/TECBLR180/TECBLR180_800.jpg,800x800 px,Fondo blanco puro verificado,Reactivación Automática Mercado Libre
MLM6133368296,TECACT250,Teclado Inalámbrico Multidispositivos Inspire Smart Ti707 Ac,Teclados para computadoras,https://static.ctonline.mx/imagenes/TECACT250/TECACT250_800.jpg,800x800 px,Fondo blanco puro verificado,Reactivación Automática Mercado Libre
MLM6133368308,TECLOG1380,Logitech G515 Lightspeed Tkl 920-012423. El Teclado Inalámbr,Teclados para computadoras,https://static.ctonline.mx/imagenes/TECLOG1380/TECLOG1380_800.jpg,800x800 px,Fondo blanco puro verificado,Reactivación Automática Mercado Libre
MLM6133368378,TECYEY060,Yeyian Teclado Gamer Spark Serie 2000 Switch Rojo - Sku: Yat,Teclados para computadoras,https://static.ctonline.mx/imagenes/TECYEY060/TECYEY060_800.jpg,800x800 px,Fondo blanco puro verificado,Reactivación Automática Mercado Libre
MLM6133368396,TECYEY140,"Teclado Gaming Keyboard Akil , Red Switch Ytm-28209r. Teclad",Teclados para computadoras,https://static.ctonline.mx/imagenes/TECYEY140/TECYEY140_800.jpg,800x800 px,Fondo blanco puro verificado,Reactivación Automática Mercado Libre
MLM6133368408,TECVGO320,Teclado Vorago Game Factor Kbg800 Teclado Gasket Personaliza,Teclados para computadoras,https://static.ctonline.mx/imagenes/TECVGO320/TECVGO320_800.jpg,800x800 px,Fondo blanco puro verificado,Reactivación Automática Mercado Libre
MLM6133368460,TECACT080,Teclado Inalámbrico Multimedia 2.4ghz Tm100 Acteck Conectivi,Teclados para computadoras,https://static.ctonline.mx/imagenes/TECACT080/TECACT080_800.jpg,800x800 px,Fondo blanco puro verificado,Reactivación Automática Mercado Libre
MLM6133368466,TECMST1030,Pc-201045 Teclado Alámbrico De Teclas Redondas Conector Usb,Teclados para computadoras,https://static.ctonline.mx/imagenes/TECMST1030/TECMST1030_800.jpg,800x800 px,Fondo blanco puro verificado,Reactivación Automática Mercado Libre
MLM6133368588,TECLOG1300,Teclado Logitech Pebble Keys 2 K380s 920-011784. Teclado Blu,Teclados para computadoras,https://static.ctonline.mx/imagenes/TECLOG1300/TECLOG1300_800.jpg,800x800 px,Fondo blanco puro verificado,Reactivación Automática Mercado Libre
MLM6133368616,TECNNN020,"Teclado Gaming Alámbrico Necnon Modelo Ngk-hydra 110 Teclas,",Teclados para computadoras,https://static.ctonline.mx/imagenes/TECNNN020/TECNNN020_800.jpg,800x800 px,Fondo blanco puro verificado,Reactivación Automática Mercado Libre
MLM6133368622,TECLOG1020,"Logitech Mx Keys Mini 920-010478. Éste Es Mx Keys Mini, Un T",Teclados para computadoras,https://static.ctonline.mx/imagenes/TECLOG1020/TECLOG1020_800.jpg,800x800 px,Fondo blanco puro verificado,Reactivación Automática Mercado Libre
MLM6133368692,TECVGO260,"Teclado Mecánico 60% Game Factor Kbg560-wh, Rgb, Teclas Extr",Teclados para computadoras,https://static.ctonline.mx/imagenes/TECVGO260/TECVGO260_800.jpg,800x800 px,Fondo blanco puro verificado,Reactivación Automática Mercado Libre
MLM6133368704,TECYEY150,"Teclado Gaming Keyboard Akil, Red Switch Ytm-28210b. Teclado",Teclados para computadoras,https://static.ctonline.mx/imagenes/TECYEY150/TECYEY150_800.jpg,800x800 px,Fondo blanco puro verificado,Reactivación Automática Mercado Libre
MLM6133368998,TECVGO210,Teclado Vorago Start The Game Kb-503 Tenkeyless Usb Negro,Teclados para computadoras,https://static.ctonline.mx/imagenes/TECVGO210/TECVGO210_800.jpg,800x800 px,Fondo blanco puro verificado,Reactivación Automática Mercado Libre
MLM6133369006,TECLOG1240,Wave Keys Logitech  920-012278. Wave Keys Es Un Teclado Ergo,Teclados para computadoras,https://static.ctonline.mx/imagenes/TECLOG1240/TECLOG1240_800.jpg,800x800 px,Fondo blanco puro verificado,Reactivación Automática Mercado Libre
MLM6133369084,TECBLR160,Teclado Gamer Inalámbrico Level Pro Gk990 Balam Rush Legend,Teclados para computadoras,https://static.ctonline.mx/imagenes/TECBLR160/TECBLR160_800.jpg,800x800 px,Fondo blanco puro verificado,Reactivación Automática Mercado Libre
MLM6133369170,TECLOG1290,Teclado Logitech Pebble Keys 2 K380s 920-011783. Teclado Blu,Teclados para computadoras,https://static.ctonline.mx/imagenes/TECLOG1290/TECLOG1290_800.jpg,800x800 px,Fondo blanco puro verificado,Reactivación Automática Mercado Libre
MLM6133369192,TECBLR260,Teclado Gamer Alámbrico Warstrike Gunda Kg500g Balam Rush Te,Teclados para computadoras,https://static.ctonline.mx/imagenes/TECBLR260/TECBLR260_800.jpg,800x800 px,Fondo blanco puro verificado,Reactivación Automática Mercado Libre
MLM6133369314,TECLOG1190,Logitech G715 920-010453. El Teclado Inalámbrico G715 Para J,Teclados para computadoras,https://static.ctonline.mx/imagenes/TECLOG1190/TECLOG1190_800.jpg,800x800 px,Fondo blanco puro verificado,Reactivación Automática Mercado Libre
MLM6133369352,TECBLR120,Teclado Mecánico Dominate Gk540 Balam Rush Azender Series Te,Teclados para computadoras,https://static.ctonline.mx/imagenes/TECBLR120/TECBLR120_800.jpg,800x800 px,Fondo blanco puro verificado,Reactivación Automática Mercado Libre
MLM6133369400,TECNCB180,"Teclado Mecánico Gamer Alámbrico (na-0972g), Teclado Mecánic",Teclados para computadoras,https://static.ctonline.mx/imagenes/TECNCB180/TECNCB180_800.jpg,800x800 px,Fondo blanco puro verificado,Reactivación Automática Mercado Libre
MLM6133369516,TECBLR240,Teclado Gamer Alámbrico Warstrike Eva Kg500e Balam Rush Tecl,Teclados para computadoras,https://static.ctonline.mx/imagenes/TECBLR240/TECBLR240_800.jpg,800x800 px,Fondo blanco puro verificado,Reactivación Automática Mercado Libre
MLM6133366510,KITVGO170,Kit Teclado Y Mouse Vorago km-304 Inalambrico Multimedia Neg,Kits de teclado y mouse,https://static.ctonline.mx/imagenes/KITVGO170/KITVGO170_800.jpg,800x800 px,Fondo blanco puro verificado,Reactivación Automática Mercado Libre
MLM6133367496,KITITL030,"178990 Kit Teclado Y Mouse Inalámbrico, Una Conexión Usb-don",Kits de teclado y mouse,https://static.ctonline.mx/imagenes/KITITL030/KITITL030_800.jpg,800x800 px,Fondo blanco puro verificado,Reactivación Automática Mercado Libre
MLM6133368374,KITNNN020,"Kit Gaming 4 En 1 Necnon Modelo Ngc-kraken Led Multicolor, A",Kits de teclado y mouse,https://static.ctonline.mx/imagenes/KITNNN020/KITNNN020_800.jpg,800x800 px,Fondo blanco puro verificado,Reactivación Automática Mercado Libre
MLM3424165283,KITHPI030,Kit De Teclado Y Mouse Hp 225 Alámbrico (ax2y7aa#abm).  Cone,Kits de teclado y mouse,https://static.ctonline.mx/imagenes/KITHPI030/KITHPI030_800.jpg,800x800 px,Fondo blanco puro verificado,Reactivación Automática Mercado Libre
MLM3424165363,KITDLL1160,Kit Teclado Y Mouse Dell Km3322w 580-akcu Este Teclado De Ta,Kits de teclado y mouse,https://static.ctonline.mx/imagenes/KITDLL1160/KITDLL1160_800.jpg,800x800 px,Fondo blanco puro verificado,Reactivación Automática Mercado Libre
MLM3424165511,KITMST1480,Pc-045311 Kit De Mouse Inalámbrico Bluetooth Y Tapete Bonet,Kits de teclado y mouse,https://static.ctonline.mx/imagenes/KITMST1480/KITMST1480_800.jpg,800x800 px,Fondo blanco puro verificado,Reactivación Automática Mercado Libre
MLM3424165605,KITMST1470,Pc-201397 Kit De Teclado Y Mouse Inalámbrico Bluetooth Dual,Kits de teclado y mouse,https://static.ctonline.mx/imagenes/KITMST1470/KITMST1470_800.jpg,800x800 px,Fondo blanco puro verificado,Reactivación Automática Mercado Libre
MLM3424165697,KITACT1370,Kit Teclado Y Mouse Acteck Creator Silent Pro Mk474  Teclado,Kits de teclado y mouse,https://static.ctonline.mx/imagenes/KITACT1370/KITACT1370_800.jpg,800x800 px,Fondo blanco puro verificado,Reactivación Automática Mercado Libre
MLM3424165867,KITACT1360,Kit Teclado Y Mouse Acteck Creator Vantage Prime Mk555  Tecl,Kits de teclado y mouse,https://static.ctonline.mx/imagenes/KITACT1360/KITACT1360_800.jpg,800x800 px,Fondo blanco puro verificado,Reactivación Automática Mercado Libre
MLM3424165959,KITACT1090,Kit Teclado Y Mouse Inalámbricos 2.4hz Creator Chic Mk470 Ad,Kits de teclado y mouse,https://static.ctonline.mx/imagenes/KITACT1090/KITACT1090_800.jpg,800x800 px,Fondo blanco puro verificado,Reactivación Automática Mercado Libre
MLM3424165971,ACCLEN2180,"Kit Teclado Y Mouse Lenovo Profesional 4x30h56831 Español, C",Kits de teclado y mouse,https://static.ctonline.mx/imagenes/ACCLEN2180/ACCLEN2180_800.jpg,800x800 px,Fondo blanco puro verificado,Reactivación Automática Mercado Libre
MLM3424389301,KITLOG410,Wireless Kit De Teclado Y Mouse. Logitech. Mk270. 920-004432,Kits de teclado y mouse,https://static.ctonline.mx/imagenes/KITLOG410/KITLOG410_800.jpg,800x800 px,Fondo blanco puro verificado,Reactivación Automática Mercado Libre
MLM3424389309,KITACT1330,Kit Teclado Y Mouse Creator Prime Mk255 Acteck Advanced Seri,Kits de teclado y mouse,https://static.ctonline.mx/imagenes/KITACT1330/KITACT1330_800.jpg,800x800 px,Fondo blanco puro verificado,Reactivación Automática Mercado Libre
MLM3424389485,KITBLR120,Kit Teclado Y Mouse  Squad Conquest Pro  Kg525 Balam Rush Az,Kits de teclado y mouse,https://static.ctonline.mx/imagenes/KITBLR120/KITBLR120_800.jpg,800x800 px,Fondo blanco puro verificado,Reactivación Automática Mercado Libre
MLM3424389533,KITACT1260,Kit Teclado Y Mouse Inalámbricos 2.4hz Creator Chic K-colors,Kits de teclado y mouse,https://static.ctonline.mx/imagenes/KITACT1260/KITACT1260_800.jpg,800x800 px,Fondo blanco puro verificado,Reactivación Automática Mercado Libre
MLM3424389617,KITVGO110,Kit Vorago Start The Game Km-500 Teclado Y Mouse Usb,Kits de teclado y mouse,https://static.ctonline.mx/imagenes/KITVGO110/KITVGO110_800.jpg,800x800 px,Fondo blanco puro verificado,Reactivación Automática Mercado Libre
MLM3424390297,KITBLR080,Kit Teclado Y Mouse Usb Squad Master Ktm333 Balam Rush Nova,Kits de teclado y mouse,https://static.ctonline.mx/imagenes/KITBLR080/KITBLR080_800.jpg,800x800 px,Fondo blanco puro verificado,Reactivación Automática Mercado Libre
MLM3424390363,KITSTY140,"Combo Inalámbrico 2 En 1 Stylos Stpktm5b , Teclado 100% Memb",Kits de teclado y mouse,https://static.ctonline.mx/imagenes/KITSTY140/KITSTY140_800.jpg,800x800 px,Fondo blanco puro verificado,Reactivación Automática Mercado Libre
MLM3424390387,KITTCH380,Kit De Teclado Y Mouse Inalámbrico Tz20comb02-ina Marca Tech,Kits de teclado y mouse,https://static.ctonline.mx/imagenes/KITTCH380/KITTCH380_800.jpg,800x800 px,Fondo blanco puro verificado,Reactivación Automática Mercado Libre
MLM3424390417,KITACT1290,Kit Teclado Y Mouse Inalámbricos 2.4hz Creator Chic K-colors,Kits de teclado y mouse,https://static.ctonline.mx/imagenes/KITACT1290/KITACT1290_800.jpg,800x800 px,Fondo blanco puro verificado,Reactivación Automática Mercado Libre
MLM3424390587,ACCNEX1970,Tapete Gamer Dragon Ne-483r Xt Rgb Grande Para Teclado Y Mou,Kits de teclado y mouse,https://static.ctonline.mx/imagenes/ACCNEX1970/ACCNEX1970_800.jpg,800x800 px,Fondo blanco puro verificado,Reactivación Automática Mercado Libre
MLM3424390685,KITNCB010,"Kit Teclado Y Mouse Naceb, Interfaz Usb Alámbrico Modelo Na-",Kits de teclado y mouse,https://static.ctonline.mx/imagenes/KITNCB010/KITNCB010_800.jpg,800x800 px,Fondo blanco puro verificado,Reactivación Automática Mercado Libre
MLM3424390753,KITTCH500,Combo De Teclado Y Mouse Tzaccba01 Marca Techzone Alámbrico,Kits de teclado y mouse,https://static.ctonline.mx/imagenes/KITTCH500/KITTCH500_800.jpg,800x800 px,Fondo blanco puro verificado,Reactivación Automática Mercado Libre
MLM3424390989,KITACT1080,Kit Teclado Y Mouse Inalámbricos 2.4hz Creator Chic Mk475 Ad,Kits de teclado y mouse,https://static.ctonline.mx/imagenes/KITACT1080/KITACT1080_800.jpg,800x800 px,Fondo blanco puro verificado,Reactivación Automática Mercado Libre
MLM3424391073,KITMST1520,Pc-201434 Kit De Teclado Y Mouse Inalámbrico Bluetooth Tecla,Kits de teclado y mouse,https://static.ctonline.mx/imagenes/KITMST1520/KITMST1520_800.jpg,800x800 px,Fondo blanco puro verificado,Reactivación Automática Mercado Libre
MLM3424391303,KITMST1080,"Kit Teclado Y Mouse (pc-201076) Alambrico Usb, Resistente A",Kits de teclado y mouse,https://static.ctonline.mx/imagenes/KITMST1080/KITMST1080_800.jpg,800x800 px,Fondo blanco puro verificado,Reactivación Automática Mercado Libre
MLM3424391361,KITLOG590,Kit De Teclado Y Mouse Mk950 920-012594. Un Conjunto De Tecl,Kits de teclado y mouse,https://static.ctonline.mx/imagenes/KITLOG590/KITLOG590_800.jpg,800x800 px,Fondo blanco puro verificado,Reactivación Automática Mercado Libre
MLM3424391499,KITACT1140,Kit Teclado Y Mouse Acteck Creator Vituos Silk Mk720 Elite S,Kits de teclado y mouse,https://static.ctonline.mx/imagenes/KITACT1140/KITACT1140_800.jpg,800x800 px,Fondo blanco puro verificado,Reactivación Automática Mercado Libre
MLM3424391581,KITHPI010,Kit De Teclado Y Mouse Hp 225 Alámbrico (286j4aa).  Compatib,Kits de teclado y mouse,https://static.ctonline.mx/imagenes/KITHPI010/KITHPI010_800.jpg,800x800 px,Fondo blanco puro verificado,Reactivación Automática Mercado Libre
MLM3424391729,KITACT630,Kit Teclado Estandar Y Mouse Truebasix Usb Compatible Con Wi,Kits de teclado y mouse,https://static.ctonline.mx/imagenes/KITACT630/KITACT630_800.jpg,800x800 px,Fondo blanco puro verificado,Reactivación Automática Mercado Libre
MLM3424391999,KITACT1250,Kit Teclado Y Mouse Inalámbricos 2.4hz Creator Chic K-colors,Kits de teclado y mouse,https://static.ctonline.mx/imagenes/KITACT1250/KITACT1250_800.jpg,800x800 px,Fondo blanco puro verificado,Reactivación Automática Mercado Libre
MLM3424392083,KITACC020,"Kit De Mouse Y Teclado Acer Ekw111 Inalámbrico En Español, C",Kits de teclado y mouse,https://static.ctonline.mx/imagenes/KITACC020/KITACC020_800.jpg,800x800 px,Fondo blanco puro verificado,Reactivación Automática Mercado Libre
MLM3424392107,TECNTE020,Teclado Y Mouse Nextep Ne-415 Inalámbrico Usb Negro Velocida,Kits de teclado y mouse,https://static.ctonline.mx/imagenes/TECNTE020/TECNTE020_800.jpg,800x800 px,Fondo blanco puro verificado,Reactivación Automática Mercado Libre
MLM3424392115,KITRBT220,Combo Teclado Multimedia Y Ratón Usb / Edición Especial  Pin,Kits de teclado y mouse,https://static.ctonline.mx/imagenes/KITRBT220/KITRBT220_800.jpg,800x800 px,Fondo blanco puro verificado,Reactivación Automática Mercado Libre
MLM3424392287,KITACT1300,Kit Teclado Y Mouse  Creator Vituos Silk Mk720 Acteck Elite,Kits de teclado y mouse,https://static.ctonline.mx/imagenes/KITACT1300/KITACT1300_800.jpg,800x800 px,Fondo blanco puro verificado,Reactivación Automática Mercado Libre
MLM3424392409,KITITL040,180795 Kit Teclado Y Mouse Inalámbrico Mini Negro / Plata.:,Kits de teclado y mouse,https://static.ctonline.mx/imagenes/KITITL040/KITITL040_800.jpg,800x800 px,Fondo blanco puro verificado,Reactivación Automática Mercado Libre
MLM3424392535,KITACT1210,Kit Teclado Y Mouse Acteck Creator Ultra Confort Mk650  Tecl,Kits de teclado y mouse,https://static.ctonline.mx/imagenes/KITACT1210/KITACT1210_800.jpg,800x800 px,Fondo blanco puro verificado,Reactivación Automática Mercado Libre
MLM3424392617,ACCNTE850,Teclado Y Mouse Nextep Ne-490i Pro Inalámbrico Operación Sil,Kits de teclado y mouse,https://static.ctonline.mx/imagenes/ACCNTE850/ACCNTE850_800.jpg,800x800 px,Fondo blanco puro verificado,Reactivación Automática Mercado Libre
MLM3424392625,KITACT650,Kit Teclado Y Mouse Inalámbricos 2.4ghz Kt-28 Acteck Conecti,Kits de teclado y mouse,https://static.ctonline.mx/imagenes/KITACT650/KITACT650_800.jpg,800x800 px,Fondo blanco puro verificado,Reactivación Automática Mercado Libre
MLM3424392735,KITNCB070,"Kit Teclado Y Mouse, Interfaz Usb Alambrico Ergonomico Na-61",Kits de teclado y mouse,https://static.ctonline.mx/imagenes/KITNCB070/KITNCB070_800.jpg,800x800 px,Fondo blanco puro verificado,Reactivación Automática Mercado Libre
MLM3424392737,KITDLL180,Kit Teclado Y Mouse Dell Km5221 580-ajiu Español Al Combinar,Kits de teclado y mouse,https://static.ctonline.mx/imagenes/KITDLL180/KITDLL180_800.jpg,800x800 px,Fondo blanco puro verificado,Reactivación Automática Mercado Libre
MLM3424392975,KITBLR110,Kit Teclado Y Mouse  Squad Conquest Pro  Kg525 Balam Rush Az,Kits de teclado y mouse,https://static.ctonline.mx/imagenes/KITBLR110/KITBLR110_800.jpg,800x800 px,Fondo blanco puro verificado,Reactivación Automática Mercado Libre
MLM3424392985,KITACT1200,Kit Teclado Y Mouse Acteck Creator Ultra Confort Mk650  Tecl,Kits de teclado y mouse,https://static.ctonline.mx/imagenes/KITACT1200/KITACT1200_800.jpg,800x800 px,Fondo blanco puro verificado,Reactivación Automática Mercado Libre
MLM3424393049,KITACT1380,Kit Teclado Y Mouse  Creator Compact Mk235  Teclado Y Mouse,Kits de teclado y mouse,https://static.ctonline.mx/imagenes/KITACT1380/KITACT1380_800.jpg,800x800 px,Fondo blanco puro verificado,Reactivación Automática Mercado Libre
MLM3424393071,KITYEY050,Kit De Teclado Y Mouse Led Gaming Yeyian  Ykp-20704 Phoenix2,Kits de teclado y mouse,https://static.ctonline.mx/imagenes/KITYEY050/KITYEY050_800.jpg,800x800 px,Fondo blanco puro verificado,Reactivación Automática Mercado Libre
MLM3424393217,KITNNN040,"Kit Gaming 4 En 1 Necnon Modelo Ngc-pegasus Led Multicolor,",Kits de teclado y mouse,https://static.ctonline.mx/imagenes/KITNNN040/KITNNN040_800.jpg,800x800 px,Fondo blanco puro verificado,Reactivación Automática Mercado Libre
MLM3424393231,KITTCH150,Kit De Teclado Y Mouse Inalámbrico Techzone Modelo (tz16comb,Kits de teclado y mouse,https://static.ctonline.mx/imagenes/KITTCH150/KITTCH150_800.jpg,800x800 px,Fondo blanco puro verificado,Reactivación Automática Mercado Libre
MLM3424393321,KITLOG580,Kit De Teclado Y Mouse Mk950 920-012473. Un Conjunto De Tecl,Kits de teclado y mouse,https://static.ctonline.mx/imagenes/KITLOG580/KITLOG580_800.jpg,800x800 px,Fondo blanco puro verificado,Reactivación Automática Mercado Libre
MLM3424393373,KITLOG510,Logitech® Bluetooth® Multi-device Kit Mk850 920-008659. Por,Kits de teclado y mouse,https://static.ctonline.mx/imagenes/KITLOG510/KITLOG510_800.jpg,800x800 px,Fondo blanco puro verificado,Reactivación Automática Mercado Libre
MLM3424393417,KITMST1290,Kit Teclado / Mouse. Balance. Easy Line. El-993391. Conexión,Kits de teclado y mouse,https://static.ctonline.mx/imagenes/KITMST1290/KITMST1290_800.jpg,800x800 px,Fondo blanco puro verificado,Reactivación Automática Mercado Libre
MLM6133201600,RELLEN8760,Lenovo Esencial Combo Teclado Y Mouse Inalámbrico Idioma: Es,Kits de teclado y mouse,https://static.ctonline.mx/imagenes/RELLEN8760/RELLEN8760_800.jpg,800x800 px,Fondo blanco puro verificado,Reactivación Automática Mercado Libre
MLM6133201630,KITLOG490,Wireless Kit De Teclado Y Mouse. Logitech. Mk345. 920-007820,Kits de teclado y mouse,https://static.ctonline.mx/imagenes/KITLOG490/KITLOG490_800.jpg,800x800 px,Fondo blanco puro verificado,Reactivación Automática Mercado Libre
MLM6133201672,KITYEY080,"Kit Phoenix Nl - Sku: Ykp-20705, Yeyian Teclado Y Ratón Gami",Kits de teclado y mouse,https://static.ctonline.mx/imagenes/KITYEY080/KITYEY080_800.jpg,800x800 px,Fondo blanco puro verificado,Reactivación Automática Mercado Libre
MLM6133201698,KITACT1220,Kit Teclado Y Mouse Inalámbricos 2.4hz Creator Chic K-colors,Kits de teclado y mouse,https://static.ctonline.mx/imagenes/KITACT1220/KITACT1220_800.jpg,800x800 px,Fondo blanco puro verificado,Reactivación Automática Mercado Libre
MLM6133201776,KITNCB060,"Kit Teclado Y  Mouse Gamer, Con Teclado Rgb, El Teclado Cuen",Kits de teclado y mouse,https://static.ctonline.mx/imagenes/KITNCB060/KITNCB060_800.jpg,800x800 px,Fondo blanco puro verificado,Reactivación Automática Mercado Libre
MLM6133202026,KITRBT290,Kit Teclado Alámbrico Usb Antiderrames Ultrasilencioso + Mou,Kits de teclado y mouse,https://static.ctonline.mx/imagenes/KITRBT290/KITRBT290_800.jpg,800x800 px,Fondo blanco puro verificado,Reactivación Automática Mercado Libre
MLM6133202316,KITSTY170,"Kit Gamer 2 En 1 Xz-201 Xzpkt1ng, Teclado 90% Mecánico Rgb +",Kits de teclado y mouse,https://static.ctonline.mx/imagenes/KITSTY170/KITSTY170_800.jpg,800x800 px,Fondo blanco puro verificado,Reactivación Automática Mercado Libre
MLM6133202408,KITACT1160,Kit Teclado Y Mouse Acteck Creator Plus Mk465  Advanced Seri,Kits de teclado y mouse,https://static.ctonline.mx/imagenes/KITACT1160/KITACT1160_800.jpg,800x800 px,Fondo blanco puro verificado,Reactivación Automática Mercado Libre
MLM6133202480,KITRBT310,Kit De Teclado Y Mouse Recargable Bluetooth Y Radiofrecuenci,Kits de teclado y mouse,https://static.ctonline.mx/imagenes/KITRBT310/KITRBT310_800.jpg,800x800 px,Fondo blanco puro verificado,Reactivación Automática Mercado Libre
MLM6133202600,KITMST1400,Kit De Teclado Y Mouse Zebrary  Negro Pc-201373 Perfect Choi,Kits de teclado y mouse,https://static.ctonline.mx/imagenes/KITMST1400/KITMST1400_800.jpg,800x800 px,Fondo blanco puro verificado,Reactivación Automática Mercado Libre
MLM6133202824,KITACT1350,Kit Teclado Y Mouse Acteck Creator Vantage Aero Mk555  Tecla,Kits de teclado y mouse,https://static.ctonline.mx/imagenes/KITACT1350/KITACT1350_800.jpg,800x800 px,Fondo blanco puro verificado,Reactivación Automática Mercado Libre
MLM6133202862,KITACT1070,Kit Teclado Y Mouse Inalámbricos 2.4hz Creator Chic Mk475 Ad,Kits de teclado y mouse,https://static.ctonline.mx/imagenes/KITACT1070/KITACT1070_800.jpg,800x800 px,Fondo blanco puro verificado,Reactivación Automática Mercado Libre
MLM6133202914,KITACC010,Kit De Mouse Y Teclado Acer Eak030 Alámbrico Color Negro. Co,Kits de teclado y mouse,https://static.ctonline.mx/imagenes/KITACC010/KITACC010_800.jpg,800x800 px,Fondo blanco puro verificado,Reactivación Automática Mercado Libre
MLM6133202980,KITNCB160,"Kit Teclado Y Mouse Gamer Naceb Fallen (na-0951), Retroilumi",Kits de teclado y mouse,https://static.ctonline.mx/imagenes/KITNCB160/KITNCB160_800.jpg,800x800 px,Fondo blanco puro verificado,Reactivación Automática Mercado Libre
MLM6133203004,KITNTE010,Kit De Teclado Y Mouse Nextep Ne-416  Negro 800 Dpi 3 Botone,Kits de teclado y mouse,https://static.ctonline.mx/imagenes/KITNTE010/KITNTE010_800.jpg,800x800 px,Fondo blanco puro verificado,Reactivación Automática Mercado Libre
MLM6133203016,KITSTY150,"Combo Inalámbrico 2 En 1 Stylos Stpktm5w, Teclado 100% Membr",Kits de teclado y mouse,https://static.ctonline.mx/imagenes/KITSTY150/KITSTY150_800.jpg,800x800 px,Fondo blanco puro verificado,Reactivación Automática Mercado Libre
MLM6133203092,KITNCB140,"Kit Gamer Naceb 4 En 1 Na-0925 Mouse: Interfaz Usb, 6 Botone",Kits de teclado y mouse,https://static.ctonline.mx/imagenes/KITNCB140/KITNCB140_800.jpg,800x800 px,Fondo blanco puro verificado,Reactivación Automática Mercado Libre
MLM6133203104,KITLOG380,Kit De Teclado Y Mouse. Logitech. Media Combo Mk120. 920-004,Kits de teclado y mouse,https://static.ctonline.mx/imagenes/KITLOG380/KITLOG380_800.jpg,800x800 px,Fondo blanco puro verificado,Reactivación Automática Mercado Libre
MLM6133203214,KITRBT330,Kit Teclado Y Mouse Recargable Bluetooth Y Radiofrecuencia M,Kits de teclado y mouse,https://static.ctonline.mx/imagenes/KITRBT330/KITRBT330_800.jpg,800x800 px,Fondo blanco puro verificado,Reactivación Automática Mercado Libre
MLM6133203220,KITBLR140,Kit Teclado Y Mouse Squad Conquest Mg515 Balam Rush Azender,Kits de teclado y mouse,https://static.ctonline.mx/imagenes/KITBLR140/KITBLR140_800.jpg,800x800 px,Fondo blanco puro verificado,Reactivación Automática Mercado Libre
MLM6133203276,KITSTY200,Combo Inalámbrico Recargable 2 En 1 Stylos Stpktm6g Teclado,Kits de teclado y mouse,https://static.ctonline.mx/imagenes/KITSTY200/KITSTY200_800.jpg,800x800 px,Fondo blanco puro verificado,Reactivación Automática Mercado Libre
MLM6133203288,TECNEX020,Teclado Y Mouse Nextep Ne-490a Pro Alámbrico Operación Silen,Kits de teclado y mouse,https://static.ctonline.mx/imagenes/TECNEX020/TECNEX020_800.jpg,800x800 px,Fondo blanco puro verificado,Reactivación Automática Mercado Libre
MLM6133203402,KITBLR090,Kit Teclado Y Mouse Usb Balam Rush Squad Master Plus Ktm555,Kits de teclado y mouse,https://static.ctonline.mx/imagenes/KITBLR090/KITBLR090_800.jpg,800x800 px,Fondo blanco puro verificado,Reactivación Automática Mercado Libre
MLM6133203754,KITVGO070,"Kit Teclado Mouse. Vorago. Km-302. Inalambrico. Mouse: Usb,",Kits de teclado y mouse,https://static.ctonline.mx/imagenes/KITVGO070/KITVGO070_800.jpg,800x800 px,Fondo blanco puro verificado,Reactivación Automática Mercado Libre
MLM6133203766,KITACT1100,Kit Teclado Y Mouse Inalámbricos 2.4hz Creator Chic Mk470 Ad,Kits de teclado y mouse,https://static.ctonline.mx/imagenes/KITACT1100/KITACT1100_800.jpg,800x800 px,Fondo blanco puro verificado,Reactivación Automática Mercado Libre
MLM6133203812,ACCNTE860,Teclado Y Mouse Nextep Ne-490u Pro Inalámbrico Ultra Delgado,Kits de teclado y mouse,https://static.ctonline.mx/imagenes/ACCNTE860/ACCNTE860_800.jpg,800x800 px,Fondo blanco puro verificado,Reactivación Automática Mercado Libre
MLM6133204090,KITMST1410,Kit De Teclado Y Mouse Zebrary Blanco Pc-201380 Perfect Choi,Kits de teclado y mouse,https://static.ctonline.mx/imagenes/KITMST1410/KITMST1410_800.jpg,800x800 px,Fondo blanco puro verificado,Reactivación Automática Mercado Libre
MLM6133204220,KITLEN110,"Kit Teclado Y Mouse Inalambricos 4x31n50731, Receptor Usb, C",Kits de teclado y mouse,https://static.ctonline.mx/imagenes/KITLEN110/KITLEN110_800.jpg,800x800 px,Fondo blanco puro verificado,Reactivación Automática Mercado Libre
MLM6133204316,KITQIA130,Kit De Teclado Y Mouse Keymate 2.0 Usb Qian Modelo Qkx-wresp,Kits de teclado y mouse,https://static.ctonline.mx/imagenes/KITQIA130/KITQIA130_800.jpg,800x800 px,Fondo blanco puro verificado,Reactivación Automática Mercado Libre
MLM6133204324,KITMST1110,Pc-201236 Kit De Teclado Y Mouse Inalámbrico Ergonómico Blac,Kits de teclado y mouse,https://static.ctonline.mx/imagenes/KITMST1110/KITMST1110_800.jpg,800x800 px,Fondo blanco puro verificado,Reactivación Automática Mercado Libre
MLM6133204366,KITMST1360,Kit De Teclado Y Mouse Bluetooht Negro  Genova  Pc-201250 Ha,Kits de teclado y mouse,https://static.ctonline.mx/imagenes/KITMST1360/KITMST1360_800.jpg,800x800 px,Fondo blanco puro verificado,Reactivación Automática Mercado Libre
MLM6133204572,KITLEN150,"Kit Teclado Y Mouse Inalambricos Recargable 4x31r64337, Rece",Kits de teclado y mouse,https://static.ctonline.mx/imagenes/KITLEN150/KITLEN150_800.jpg,800x800 px,Fondo blanco puro verificado,Reactivación Automática Mercado Libre
MLM6133204816,KITITL050,180771 Kit Teclado Y Mouse Inalámbrico Mini Negro: Conjunto,Kits de teclado y mouse,https://static.ctonline.mx/imagenes/KITITL050/KITITL050_800.jpg,800x800 px,Fondo blanco puro verificado,Reactivación Automática Mercado Libre
MLM6133204868,KITNCB100,"Kit Teclado Y Mouse Con Iluminación Naceb Na-633, Modelo Rap",Kits de teclado y mouse,https://static.ctonline.mx/imagenes/KITNCB100/KITNCB100_800.jpg,800x800 px,Fondo blanco puro verificado,Reactivación Automática Mercado Libre
MLM6133205194,KITLEN140,Kit Teclado Y Mouse Lenovo Essential 4x31r64424 Spanish Colo,Kits de teclado y mouse,https://static.ctonline.mx/imagenes/KITLEN140/KITLEN140_800.jpg,800x800 px,Fondo blanco puro verificado,Reactivación Automática Mercado Libre
MLM6133205196,KITACT1270,Kit Teclado Y Mouse Inalámbricos 2.4hz Creator Chic K-colors,Kits de teclado y mouse,https://static.ctonline.mx/imagenes/KITACT1270/KITACT1270_800.jpg,800x800 px,Fondo blanco puro verificado,Reactivación Automática Mercado Libre
MLM6133205258,ACCACT5120,Bandeja De Teclado Y Mouse Vault Bow Key Bt444 Acteck  Advan,Kits de teclado y mouse,https://static.ctonline.mx/imagenes/ACCACT5120/ACCACT5120_800.jpg,800x800 px,Fondo blanco puro verificado,Reactivación Automática Mercado Libre
MLM6133205464,KITMST1420,Kit Gamer Helumo V-930723 : Domina El Campo De Batalla Con E,Kits de teclado y mouse,https://static.ctonline.mx/imagenes/KITMST1420/KITMST1420_800.jpg,800x800 px,Fondo blanco puro verificado,Reactivación Automática Mercado Libre
MLM6133205622,KITACT1190,Kit Teclado Y Mouse Acteck Creator Prime Mk455 Essential Ser,Kits de teclado y mouse,https://static.ctonline.mx/imagenes/KITACT1190/KITACT1190_800.jpg,800x800 px,Fondo blanco puro verificado,Reactivación Automática Mercado Libre
MLM6133366298,KITLEN160,"Kit Teclado Y Ratón Inalámbricos Lenovo Essential G2, 4x31r6",Kits de teclado y mouse,https://static.ctonline.mx/imagenes/KITLEN160/KITLEN160_800.jpg,800x800 px,Fondo blanco puro verificado,Reactivación Automática Mercado Libre
MLM6133366384,KITACT1320,Kit Teclado Y Mouse Inalámbrico 2.4hz Creator Krea Mk750 Act,Kits de teclado y mouse,https://static.ctonline.mx/imagenes/KITACT1320/KITACT1320_800.jpg,800x800 px,Fondo blanco puro verificado,Reactivación Automática Mercado Libre
MLM6133366386,KITRBT260,"Kit De Teclado Y Mouse Inalámbrico Multimedia, Gris (6000625",Kits de teclado y mouse,https://static.ctonline.mx/imagenes/KITRBT260/KITRBT260_800.jpg,800x800 px,Fondo blanco puro verificado,Reactivación Automática Mercado Libre
MLM6133366424,KITSTY160,"Kit Gamer 2 En 1 Xzpkt1mv, Xz-201 Teclado 90% Mecánico Rgb +",Kits de teclado y mouse,https://static.ctonline.mx/imagenes/KITSTY160/KITSTY160_800.jpg,800x800 px,Fondo blanco puro verificado,Reactivación Automática Mercado Libre
MLM6133366446,KITBLR100,Kit Teclado Y Mouse Balam Rush Squad Master Pro Ktm777 Azend,Kits de teclado y mouse,https://static.ctonline.mx/imagenes/KITBLR100/KITBLR100_800.jpg,800x800 px,Fondo blanco puro verificado,Reactivación Automática Mercado Libre
MLM6133366590,KITACT1240,Kit Teclado Y Mouse Inalámbricos 2.4hz Creator Chic K-colors,Kits de teclado y mouse,https://static.ctonline.mx/imagenes/KITACT1240/KITACT1240_800.jpg,800x800 px,Fondo blanco puro verificado,Reactivación Automática Mercado Libre
MLM6133366608,KITACT1110,Kit Teclado Y Mouse Inalámbricos Slim  Creator Edge Mk675 El,Kits de teclado y mouse,https://static.ctonline.mx/imagenes/KITACT1110/KITACT1110_800.jpg,800x800 px,Fondo blanco puro verificado,Reactivación Automática Mercado Libre
MLM6133366776,KITTCH510,Combo Teclado Y Mouse Proof Tzcombina07 Marca Techzone De 10,Kits de teclado y mouse,https://static.ctonline.mx/imagenes/KITTCH510/KITTCH510_800.jpg,800x800 px,Fondo blanco puro verificado,Reactivación Automática Mercado Libre
MLM6133366778,KITRBT270,"Kit De Teclado Y Mouse Inalámbrico Multimedia, Rojo (6000632",Kits de teclado y mouse,https://static.ctonline.mx/imagenes/KITRBT270/KITRBT270_800.jpg,800x800 px,Fondo blanco puro verificado,Reactivación Automática Mercado Libre
MLM6133366794,KITITL060,Kit De Teclado Y Mouse Óptico Inalámbricos Mwk7400 (180788),Kits de teclado y mouse,https://static.ctonline.mx/imagenes/KITITL060/KITITL060_800.jpg,800x800 px,Fondo blanco puro verificado,Reactivación Automática Mercado Libre
MLM6133366806,KITRBT250,"Kit De Teclado Y Mouse Inalambrico Multimedia, Negro (600061",Kits de teclado y mouse,https://static.ctonline.mx/imagenes/KITRBT250/KITRBT250_800.jpg,800x800 px,Fondo blanco puro verificado,Reactivación Automática Mercado Libre
MLM6133366852,KITACT1120,Kit Teclado Y Mouse Acteck Creator Vituos Silk Mk720 Elite S,Kits de teclado y mouse,https://static.ctonline.mx/imagenes/KITACT1120/KITACT1120_800.jpg,800x800 px,Fondo blanco puro verificado,Reactivación Automática Mercado Libre
MLM6133367054,KITRBT300,Kit Teclado Y Mouse Usb Alámbrico Ultrasilencioso Multimedia,Kits de teclado y mouse,https://static.ctonline.mx/imagenes/KITRBT300/KITRBT300_800.jpg,800x800 px,Fondo blanco puro verificado,Reactivación Automática Mercado Libre
MLM6133367114,KITTCH390,Kit Inalámbrico De Teclado Y Mouse Chocolate Techzone Modelo,Kits de teclado y mouse,https://static.ctonline.mx/imagenes/KITTCH390/KITTCH390_800.jpg,800x800 px,Fondo blanco puro verificado,Reactivación Automática Mercado Libre
MLM6133367126,KITYEY030,"Kit Yeyian Led Ykp-20706 Phoenix 3000, Teclado Y Mouse Gamin",Kits de teclado y mouse,https://static.ctonline.mx/imagenes/KITYEY030/KITYEY030_800.jpg,800x800 px,Fondo blanco puro verificado,Reactivación Automática Mercado Libre
MLM6133367168,KITBLR060,"Kit Teclado Y Mouse Usb Squad Ktm330 Balam Rush Nova Series,",Kits de teclado y mouse,https://static.ctonline.mx/imagenes/KITBLR060/KITBLR060_800.jpg,800x800 px,Fondo blanco puro verificado,Reactivación Automática Mercado Libre
MLM6133367368,KITTCH260,Teclado Y Mouse Óptico Inalámbrico Tz19comb01-ina Marca Tech,Kits de teclado y mouse,https://static.ctonline.mx/imagenes/KITTCH260/KITTCH260_800.jpg,800x800 px,Fondo blanco puro verificado,Reactivación Automática Mercado Libre
MLM6133367422,KITACT1170,Kit Teclado Y Mouse Acteck Creator Aurean Pro Mk477g Advance,Kits de teclado y mouse,https://static.ctonline.mx/imagenes/KITACT1170/KITACT1170_800.jpg,800x800 px,Fondo blanco puro verificado,Reactivación Automática Mercado Libre
MLM6133367708,KITACT1310,Kit Teclado Y Mouse Inalámbrico 2.4hz Creator Krea Mk755 Act,Kits de teclado y mouse,https://static.ctonline.mx/imagenes/KITACT1310/KITACT1310_800.jpg,800x800 px,Fondo blanco puro verificado,Reactivación Automática Mercado Libre
MLM6133367804,KITQIA120,"Kit De Teclado Y Mouse Qian Xie Qkx-20603, Alambrico Multime",Kits de teclado y mouse,https://static.ctonline.mx/imagenes/KITQIA120/KITQIA120_800.jpg,800x800 px,Fondo blanco puro verificado,Reactivación Automática Mercado Libre
MLM6133367998,KITLOG500,Wireless Kit De Teclado Y Mouse. Logitech. Mk235. 920-007901,Kits de teclado y mouse,https://static.ctonline.mx/imagenes/KITLOG500/KITLOG500_800.jpg,800x800 px,Fondo blanco puro verificado,Reactivación Automática Mercado Libre
MLM6133368124,KITBLR130,Kit Teclado Y Mouse Squad Conquest Mg515 Balam Rush Azender,Kits de teclado y mouse,https://static.ctonline.mx/imagenes/KITBLR130/KITBLR130_800.jpg,800x800 px,Fondo blanco puro verificado,Reactivación Automática Mercado Libre
MLM6133368166,KITLOG470,Kit De Teclado Y Mouse. Logitech. Media Combo Mk200. 920-002,Kits de teclado y mouse,https://static.ctonline.mx/imagenes/KITLOG470/KITLOG470_800.jpg,800x800 px,Fondo blanco puro verificado,Reactivación Automática Mercado Libre
MLM6133368210,KITDLL1500,Kit Teclado Y Mouse Dell Km5221wbkb-ltn - Español Al Combina,Kits de teclado y mouse,https://static.ctonline.mx/imagenes/KITDLL1500/KITDLL1500_800.jpg,800x800 px,Fondo blanco puro verificado,Reactivación Automática Mercado Libre
MLM6133368406,KITNCB150,"Kit Gamer Naceb 4 En 1 Na-0934 Mouse: Interfaz Usb, 4 Botone",Kits de teclado y mouse,https://static.ctonline.mx/imagenes/KITNCB150/KITNCB150_800.jpg,800x800 px,Fondo blanco puro verificado,Reactivación Automática Mercado Libre
MLM6133368428,KITNCB110,"Kit Mouse + Mousepad Naceb (na-632) Mouse: Sensor Óptico, Di",Kits de teclado y mouse,https://static.ctonline.mx/imagenes/KITNCB110/KITNCB110_800.jpg,800x800 px,Fondo blanco puro verificado,Reactivación Automática Mercado Libre
MLM6133368550,KITACT1180,Kit Teclado Y Mouse Acteck Creator Prime Mk455 Essential Ser,Kits de teclado y mouse,https://static.ctonline.mx/imagenes/KITACT1180/KITACT1180_800.jpg,800x800 px,Fondo blanco puro verificado,Reactivación Automática Mercado Libre
MLM6133368552,KITLEN130,Kit Teclado Y Mouse Lenovo Profesional 4x31k03954 Spanish Co,Kits de teclado y mouse,https://static.ctonline.mx/imagenes/KITLEN130/KITLEN130_800.jpg,800x800 px,Fondo blanco puro verificado,Reactivación Automática Mercado Libre
MLM6133368716,KITLEN120,Kit Teclado Y Mouse Lenovo Essential 4x30l79907 Usb Spanish,Kits de teclado y mouse,https://static.ctonline.mx/imagenes/KITLEN120/KITLEN120_800.jpg,800x800 px,Fondo blanco puro verificado,Reactivación Automática Mercado Libre
MLM6133368728,KITNCB170,"Kit Teclado Y Mouse Naceb (na-0123), Teclado Inalámbrico, 10",Kits de teclado y mouse,https://static.ctonline.mx/imagenes/KITNCB170/KITNCB170_800.jpg,800x800 px,Fondo blanco puro verificado,Reactivación Automática Mercado Libre
MLM6133368842,KITNCB030,"Kit Teclado Y Mouse, Interfaz Usb Alambrico Modelo Na-457 (n",Kits de teclado y mouse,https://static.ctonline.mx/imagenes/KITNCB030/KITNCB030_800.jpg,800x800 px,Fondo blanco puro verificado,Reactivación Automática Mercado Libre
MLM6133368928,KITACT1150,Kit Teclado Y Mouse Acteck Creator Vituos Fitt Mk770 Elite S,Kits de teclado y mouse,https://static.ctonline.mx/imagenes/KITACT1150/KITACT1150_800.jpg,800x800 px,Fondo blanco puro verificado,Reactivación Automática Mercado Libre
MLM6133369066,KITACT1280,Kit Teclado Y Mouse Inalámbricos 2.4hz Creator Chic K-colors,Kits de teclado y mouse,https://static.ctonline.mx/imagenes/KITACT1280/KITACT1280_800.jpg,800x800 px,Fondo blanco puro verificado,Reactivación Automática Mercado Libre
MLM6133369120,KITDLL170,Kit Teclado Y Mouse Dell Km7321w 580-ajiy Español El Teclado,Kits de teclado y mouse,https://static.ctonline.mx/imagenes/KITDLL170/KITDLL170_800.jpg,800x800 px,Fondo blanco puro verificado,Reactivación Automática Mercado Libre
MLM6133369162,KITNCB020,"Kit Teclado Con Bocinas Y Mouse, Interfaz Usb Alámbrico Mode",Kits de teclado y mouse,https://static.ctonline.mx/imagenes/KITNCB020/KITNCB020_800.jpg,800x800 px,Fondo blanco puro verificado,Reactivación Automática Mercado Libre
MLM6133369174,KITNCB050,"Kit Teclado Y Mouse, Inalambrico Interfaz Usb Alambrico Mode",Kits de teclado y mouse,https://static.ctonline.mx/imagenes/KITNCB050/KITNCB050_800.jpg,800x800 px,Fondo blanco puro verificado,Reactivación Automática Mercado Libre
MLM6133369214,KITACT1130,Kit Teclado Y Mouse Acteck Creator Vituos Fitt Mk770 Elite S,Kits de teclado y mouse,https://static.ctonline.mx/imagenes/KITACT1130/KITACT1130_800.jpg,800x800 px,Fondo blanco puro verificado,Reactivación Automática Mercado Libre
MLM6133369262,KITACT1230,Kit Teclado Y Mouse Inalámbricos 2.4hz Creator Chic K-colors,Kits de teclado y mouse,https://static.ctonline.mx/imagenes/KITACT1230/KITACT1230_800.jpg,800x800 px,Fondo blanco puro verificado,Reactivación Automática Mercado Libre
MLM6133369276,KITLOG520,Wireless Kit De Teclado Y Mouse. Logitech. Mk540 Advanced 92,Kits de teclado y mouse,https://static.ctonline.mx/imagenes/KITLOG520/KITLOG520_800.jpg,800x800 px,Fondo blanco puro verificado,Reactivación Automática Mercado Libre
MLM6133369336,KITRBT320,Kit Teclado Y Mouse Recargable Bluetooth Y Radiofrecuencia M,Kits de teclado y mouse,https://static.ctonline.mx/imagenes/KITRBT320/KITRBT320_800.jpg,800x800 px,Fondo blanco puro verificado,Reactivación Automática Mercado Libre
MLM6133369360,KITHPI020,Kit De Teclado Y Mouse Hp 235 Inalámbrico(1y4d0ut#abm). Exp,Kits de teclado y mouse,https://static.ctonline.mx/imagenes/KITHPI020/KITHPI020_800.jpg,800x800 px,Fondo blanco puro verificado,Reactivación Automática Mercado Libre
MLM6133369388,KITNCB120,Kit Gamer Naceb Cyborg (na-0911) Teclado: Retroiluminacion C,Kits de teclado y mouse,https://static.ctonline.mx/imagenes/KITNCB120/KITNCB120_800.jpg,800x800 px,Fondo blanco puro verificado,Reactivación Automática Mercado Libre
MLM6133369404,KITACT1340,Kit Teclado Y Mouse Creator Prime Mk455 Acteck Advanced Seri,Kits de teclado y mouse,https://static.ctonline.mx/imagenes/KITACT1340/KITACT1340_800.jpg,800x800 px,Fondo blanco puro verificado,Reactivación Automática Mercado Libre
MLM6133369454,KITMST1390,Kit De Teclado Y Mouse Bluetooht Azul  Genova  Pc-201274 Haz,Kits de teclado y mouse,https://static.ctonline.mx/imagenes/KITMST1390/KITMST1390_800.jpg,800x800 px,Fondo blanco puro verificado,Reactivación Automática Mercado Libre
MLM6133202640,CABRBT2520,"Cable Cctv Divisor De Fuente De Poder, 50 Cm (764762), Brobo",Fuentes de alimentacion para...,https://static.ctonline.mx/imagenes/CABRBT2520/CABRBT2520_800.jpg,800x800 px,Fondo blanco puro verificado,Reactivación Automática Mercado Libre
MLM6133205612,GABGEN2360,"Fuente De Poder Atx 500 Watts. Tbfa-001. Acteck,. 1 X Conect",Fuentes de alimentacion para...,https://static.ctonline.mx/imagenes/GABGEN2360/GABGEN2360_800.jpg,800x800 px,Fondo blanco puro verificado,Reactivación Automática Mercado Libre
MLM3424165567,GABEVO290,Fuente De Poder Evotec 500w (ev-500) Compatible Con Gabinete,Fuentes de alimentacion para...,https://static.ctonline.mx/imagenes/GABEVO290/GABEVO290_800.jpg,800x800 px,Fondo blanco puro verificado,Reactivación Automática Mercado Libre
MLM3424165569,GABVGO010,"Fuente De Poder. Gabnet. Psu-101 500w. 20+4 Pines X 1, Cpu 4",Fuentes de alimentacion para...,https://static.ctonline.mx/imagenes/GABVGO010/GABVGO010_800.jpg,800x800 px,Fondo blanco puro verificado,Reactivación Automática Mercado Libre
MLM3424165743,TLCHUA490,"53014psu Matepad Mini 12gb Ram+256gb Rom, Color Vede. Pantal",Fuentes de alimentacion para...,https://static.ctonline.mx/imagenes/TLCHUA490/TLCHUA490_800.jpg,800x800 px,Fondo blanco puro verificado,Reactivación Automática Mercado Libre
MLM3424165935,ACCDAH850,Divisor Saxxon Modelo Psuwb07  4 Cámaras 1 Conector Hembra +,Fuentes de alimentacion para...,https://static.ctonline.mx/imagenes/ACCDAH850/ACCDAH850_800.jpg,800x800 px,Fondo blanco puro verificado,Reactivación Automática Mercado Libre
MLM3424389327,ACCDAH1300,"Fuente De Poder Dahua 12v 1a Dh-pfm321d-us Conector Macho, R",Fuentes de alimentacion para...,https://static.ctonline.mx/imagenes/ACCDAH1300/ACCDAH1300_800.jpg,800x800 px,Fondo blanco puro verificado,Reactivación Automática Mercado Libre
MLM3424389331,ACCPVS700,"Fuente De Poder Centralizada De 8 Canales De 12v, 5amps. Mar",Fuentes de alimentacion para...,https://static.ctonline.mx/imagenes/ACCPVS700/ACCPVS700_800.jpg,800x800 px,Fondo blanco puro verificado,Reactivación Automática Mercado Libre
MLM3424389353,ACCEPC320,"Fuente De Poder Epcom (plk-12-dc-20-abk), 12-14.8 Vcd @ 20a,",Fuentes de alimentacion para...,https://static.ctonline.mx/imagenes/ACCEPC320/ACCEPC320_800.jpg,800x800 px,Fondo blanco puro verificado,Reactivación Automática Mercado Libre
MLM3424389391,ACCPVS360,"Fuente De Poder Individual De 12volts, 3 Amper. Marca Provis",Fuentes de alimentacion para...,https://static.ctonline.mx/imagenes/ACCPVS360/ACCPVS360_800.jpg,800x800 px,Fondo blanco puro verificado,Reactivación Automática Mercado Libre
MLM3424389597,IMPSMP1330,"Impresora Móvil De Etiquetas Térmica Directa, Bluetooth, 3pu",Fuentes de alimentacion para...,https://static.ctonline.mx/imagenes/IMPSMP1330/IMPSMP1330_800.jpg,800x800 px,Fondo blanco puro verificado,Reactivación Automática Mercado Libre
MLM3424389879,ACCPVS150,"Fuente De Poder Centralizada De 9 Canales De 12v, 10amps. Ma",Fuentes de alimentacion para...,https://static.ctonline.mx/imagenes/ACCPVS150/ACCPVS150_800.jpg,800x800 px,Fondo blanco puro verificado,Reactivación Automática Mercado Libre
MLM3424390153,GABNCB290,"Fuente De Poder Volt Pulse 500 Na-2918 Potencia 500 W, Facto",Fuentes de alimentacion para...,https://static.ctonline.mx/imagenes/GABNCB290/GABNCB290_800.jpg,800x800 px,Fondo blanco puro verificado,Reactivación Automática Mercado Libre
MLM3424390377,GABYEY260,"Fuente De Poder Yeyian Pegasus Yfg-85031-01 80+ Gold850w, Pc",Fuentes de alimentacion para...,https://static.ctonline.mx/imagenes/GABYEY260/GABYEY260_800.jpg,800x800 px,Fondo blanco puro verificado,Reactivación Automática Mercado Libre
MLM3424390403,IMPSMP1340,"Impresora Móvil De Etiquetas Térmica Directa, Wifi, 3 Pulgad",Fuentes de alimentacion para...,https://static.ctonline.mx/imagenes/IMPSMP1340/IMPSMP1340_800.jpg,800x800 px,Fondo blanco puro verificado,Reactivación Automática Mercado Libre
MLM3424390433,IMPSMP1360,"Impresora Móvil De Etiquetas Térmica Directa, Bluetooth, 4 P",Fuentes de alimentacion para...,https://static.ctonline.mx/imagenes/IMPSMP1360/IMPSMP1360_800.jpg,800x800 px,Fondo blanco puro verificado,Reactivación Automática Mercado Libre
MLM3424390501,NBKQIA020,"No Break Ups 1000va Qian Qei-1000-01, Capacidad De La Fuente",Fuentes de alimentacion para...,https://static.ctonline.mx/imagenes/NBKQIA020/NBKQIA020_800.jpg,800x800 px,Fondo blanco puro verificado,Reactivación Automática Mercado Libre
MLM3424390547,GABEVO520,Fuente De Poder Evotec De 600w Ev-600,Fuentes de alimentacion para...,https://static.ctonline.mx/imagenes/GABEVO520/GABEVO520_800.jpg,800x800 px,Fondo blanco puro verificado,Reactivación Automática Mercado Libre
MLM3424390567,GABYEY320,"Fuente De Poder Raiden, 650w De Yeyian Yfg-65002-01, Diseñad",Fuentes de alimentacion para...,https://static.ctonline.mx/imagenes/GABYEY320/GABYEY320_800.jpg,800x800 px,Fondo blanco puro verificado,Reactivación Automática Mercado Libre
MLM3424390819,GABACT510,Fuente De Poder Acteck  Blazar Evo Ft600ew Advanced Series A,Fuentes de alimentacion para...,https://static.ctonline.mx/imagenes/GABACT510/GABACT510_800.jpg,800x800 px,Fondo blanco puro verificado,Reactivación Automática Mercado Libre
MLM3424390825,ACCGDM110,"Fuente De Poder Grandstream Gspsu-grp26x/2612 5v, 600ma, Par",Fuentes de alimentacion para...,https://static.ctonline.mx/imagenes/ACCGDM110/ACCGDM110_800.jpg,800x800 px,Fondo blanco puro verificado,Reactivación Automática Mercado Libre
MLM3424390907,GABYEY310,Fuente De Poder Raiden Yeyian Yfb-90000-01 De 650w Con Certi,Fuentes de alimentacion para...,https://static.ctonline.mx/imagenes/GABYEY310/GABYEY310_800.jpg,800x800 px,Fondo blanco puro verificado,Reactivación Automática Mercado Libre
MLM3424390929,GABBLR490,Fuente De Poder 750w 80 Plus Bronce Balam Rush Gr Burst Gr75,Fuentes de alimentacion para...,https://static.ctonline.mx/imagenes/GABBLR490/GABBLR490_800.jpg,800x800 px,Fondo blanco puro verificado,Reactivación Automática Mercado Libre
MLM3424391077,GABNCB340,Fuente De Poder Fusion Nova 750 Gold Na-2598 Potencia Eficie,Fuentes de alimentacion para...,https://static.ctonline.mx/imagenes/GABNCB340/GABNCB340_800.jpg,800x800 px,Fondo blanco puro verificado,Reactivación Automática Mercado Libre
MLM3424391087,GABNCB350,Fuente De Poder Pulse Core 750 Bronze Na-2604 Fuente De Pode,Fuentes de alimentacion para...,https://static.ctonline.mx/imagenes/GABNCB350/GABNCB350_800.jpg,800x800 px,Fondo blanco puro verificado,Reactivación Automática Mercado Libre
MLM3424391115,GABSTY270,Fuente De Poder Xz650m Atx 650w Negro. Xzps650m1b. Fuente De,Fuentes de alimentacion para...,https://static.ctonline.mx/imagenes/GABSTY270/GABSTY270_800.jpg,800x800 px,Fondo blanco puro verificado,Reactivación Automática Mercado Libre
MLM3424391117,GABSAX100,Saxxon Psu12005e - Fuente De Poder Regulada De 12 Vcc 0.5 Am,Fuentes de alimentacion para...,https://static.ctonline.mx/imagenes/GABSAX100/GABSAX100_800.jpg,800x800 px,Fondo blanco puro verificado,Reactivación Automática Mercado Libre
MLM3424391183,ACCDAH800,"Fuente De Poder, 12v A 4 Amp, Color Negro, Ideal Para Equipo",Fuentes de alimentacion para...,https://static.ctonline.mx/imagenes/ACCDAH800/ACCDAH800_800.jpg,800x800 px,Fondo blanco puro verificado,Reactivación Automática Mercado Libre
MLM3424391391,ACCSAX170,Saxxon Psuwb07 - Divisor De Energía Para 4 Cámaras/ 1 Conect,Fuentes de alimentacion para...,https://static.ctonline.mx/imagenes/ACCSAX170/ACCSAX170_800.jpg,800x800 px,Fondo blanco puro verificado,Reactivación Automática Mercado Libre
MLM3424391709,GABYEY270,"Fuente De Poder Yeyian Pegasus Yfp-1k0-31 + Platinum 1000w,",Fuentes de alimentacion para...,https://static.ctonline.mx/imagenes/GABYEY270/GABYEY270_800.jpg,800x800 px,Fondo blanco puro verificado,Reactivación Automática Mercado Libre
MLM3424392023,CPUQIA910,"Pc Office, Monitor 22'', Regulador Qian Modelo Qpi-op340ta-4",Fuentes de alimentacion para...,https://static.ctonline.mx/imagenes/CPUQIA910/CPUQIA910_800.jpg,800x800 px,Fondo blanco puro verificado,Reactivación Automática Mercado Libre
MLM3424392041,GABBLR800,Fuente De Poder 1000w 80 Plus Gold Magnetar 1000zr Balam Rus,Fuentes de alimentacion para...,https://static.ctonline.mx/imagenes/GABBLR800/GABBLR800_800.jpg,800x800 px,Fondo blanco puro verificado,Reactivación Automática Mercado Libre
MLM3424392047,GABSTY290,Fuente De Poder Xz850m Atx 850w Negro. Xzps850mb. Fuente De,Fuentes de alimentacion para...,https://static.ctonline.mx/imagenes/GABSTY290/GABSTY290_800.jpg,800x800 px,Fondo blanco puro verificado,Reactivación Automática Mercado Libre
MLM3424392073,GABSAX090,Saxxon Psu1230d18 - Fuente De Poder Profesional De 12 Vcd /,Fuentes de alimentacion para...,https://static.ctonline.mx/imagenes/GABSAX090/GABSAX090_800.jpg,800x800 px,Fondo blanco puro verificado,Reactivación Automática Mercado Libre
MLM3424392141,GABSTY100,Gabinete Micro Atx Stylos Stpgac5b. Gabinete Para Pc. Fuente,Fuentes de alimentacion para...,https://static.ctonline.mx/imagenes/GABSTY100/GABSTY100_800.jpg,800x800 px,Fondo blanco puro verificado,Reactivación Automática Mercado Libre
MLM3424392463,GABTMK2450,Fuente De Poder Thermaltake Toughpower Gf A3 850w Tt Premium,Fuentes de alimentacion para...,https://static.ctonline.mx/imagenes/GABTMK2450/GABTMK2450_800.jpg,800x800 px,Fondo blanco puro verificado,Reactivación Automática Mercado Libre
MLM3424392521,GABTMK2270,Fuente De Poder Thermaltake Toughpower Gf3 850w 80+ Plus Gol,Fuentes de alimentacion para...,https://static.ctonline.mx/imagenes/GABTMK2270/GABTMK2270_800.jpg,800x800 px,Fondo blanco puro verificado,Reactivación Automática Mercado Libre
MLM3424392533,ACCDAH580,"Fuente De Poder Regulada En Gabinete, 12v A 20 A, Distribuid",Fuentes de alimentacion para...,https://static.ctonline.mx/imagenes/ACCDAH580/ACCDAH580_800.jpg,800x800 px,Fondo blanco puro verificado,Reactivación Automática Mercado Libre
MLM3424392711,ACCDAH1660,Dahua Pfm322 - Fuente De Poder Regulada De 12 Vcc 2.8 Ampere,Fuentes de alimentacion para...,https://static.ctonline.mx/imagenes/ACCDAH1660/ACCDAH1660_800.jpg,800x800 px,Fondo blanco puro verificado,Reactivación Automática Mercado Libre
MLM3424392721,ACCDAH1710,Fuente Poder 12v3a S042-1a120300hu Fuente De Poder De 12 Vcc,Fuentes de alimentacion para...,https://static.ctonline.mx/imagenes/ACCDAH1710/ACCDAH1710_800.jpg,800x800 px,Fondo blanco puro verificado,Reactivación Automática Mercado Libre
MLM3424392927,NBKQIA010,Qian Ups Uninterruptible Power Supply 500va - Sku: Qei-500v-,Fuentes de alimentacion para...,https://static.ctonline.mx/imagenes/NBKQIA010/NBKQIA010_800.jpg,800x800 px,Fondo blanco puro verificado,Reactivación Automática Mercado Libre
MLM3424392989,ACCEPC470,Fuente De Poder Profesional Epcom Xp-16dc-20-4kv Heavy Duty,Fuentes de alimentacion para...,https://static.ctonline.mx/imagenes/ACCEPC470/ACCEPC470_800.jpg,800x800 px,Fondo blanco puro verificado,Reactivación Automática Mercado Libre
MLM3424393023,ACCDAH2500,"Fuente Saxxon Ka3602a1203000p - Fuente De Poder Regulada, Al",Fuentes de alimentacion para...,https://static.ctonline.mx/imagenes/ACCDAH2500/ACCDAH2500_800.jpg,800x800 px,Fondo blanco puro verificado,Reactivación Automática Mercado Libre
MLM3424393037,GABSTY460,Fuente De Poder Xzeal Xz1000m Atx 1000w 80 Plus Gold Modular,Fuentes de alimentacion para...,https://static.ctonline.mx/imagenes/GABSTY460/GABSTY460_800.jpg,800x800 px,Fondo blanco puro verificado,Reactivación Automática Mercado Libre
MLM3424393149,GABACT370,Fuente De Poder Acteck  Blazar Evo  Ft600e Advanced Series A,Fuentes de alimentacion para...,https://static.ctonline.mx/imagenes/GABACT370/GABACT370_800.jpg,800x800 px,Fondo blanco puro verificado,Reactivación Automática Mercado Libre
MLM3424393203,GABNCB330,Fuente De Poder Fusion Nova 850 Gold Na-2581 Fuente De Poder,Fuentes de alimentacion para...,https://static.ctonline.mx/imagenes/GABNCB330/GABNCB330_800.jpg,800x800 px,Fondo blanco puro verificado,Reactivación Automática Mercado Libre
MLM3424393233,GABACT350,Fuente De Poder Acteck Blazar Evo Ft700ew Advanced Series At,Fuentes de alimentacion para...,https://static.ctonline.mx/imagenes/GABACT350/GABACT350_800.jpg,800x800 px,Fondo blanco puro verificado,Reactivación Automática Mercado Libre
MLM3424393263,GABVGO040,Fuente De Poder Game Factor Atx Psg-650 12 V 2.3. Potencia:,Fuentes de alimentacion para...,https://static.ctonline.mx/imagenes/GABVGO040/GABVGO040_800.jpg,800x800 px,Fondo blanco puro verificado,Reactivación Automática Mercado Libre
MLM3424393285,GABNCB120,"Fuente De Poder Naceb (na-0625), Certificación 80 Plus Bronz",Fuentes de alimentacion para...,https://static.ctonline.mx/imagenes/GABNCB120/GABNCB120_800.jpg,800x800 px,Fondo blanco puro verificado,Reactivación Automática Mercado Libre
MLM3424393409,GABBLR550,Fuente De Poder 1250w 80 Plus Platino Balam Rush  Magnetar 1,Fuentes de alimentacion para...,https://static.ctonline.mx/imagenes/GABBLR550/GABBLR550_800.jpg,800x800 px,Fondo blanco puro verificado,Reactivación Automática Mercado Libre
MLM3424393453,ACCSTR040,Fuente De Poder Star Micronics Sta-ps60a-24b (30782110) Para,Fuentes de alimentacion para...,https://static.ctonline.mx/imagenes/ACCSTR040/ACCSTR040_800.jpg,800x800 px,Fondo blanco puro verificado,Reactivación Automática Mercado Libre
MLM3424393501,ACCZBR1520,"Zebra Fuente De Alimentación Power Supply Adaptor, Power- Br",Fuentes de alimentacion para...,https://static.ctonline.mx/imagenes/ACCZBR1520/ACCZBR1520_800.jpg,800x800 px,Fondo blanco puro verificado,Reactivación Automática Mercado Libre
MLM6133201658,ACCDAH1310,Fuente De Poder Dahua 12v 5a Dh-pfm341-9ch Distribuidor De E,Fuentes de alimentacion para...,https://static.ctonline.mx/imagenes/ACCDAH1310/ACCDAH1310_800.jpg,800x800 px,Fondo blanco puro verificado,Reactivación Automática Mercado Libre
MLM6133201664,GABSAX040,Saxxon Psu1220-d9 - Fuente De Poder De 12 Vcd/ 20 Amperes/ P,Fuentes de alimentacion para...,https://static.ctonline.mx/imagenes/GABSAX040/GABSAX040_800.jpg,800x800 px,Fondo blanco puro verificado,Reactivación Automática Mercado Libre
MLM6133201770,GABBLR820,Fuente De Poder 850w 80 Plus Gold Gr Burst Gr850g Balam Rush,Fuentes de alimentacion para...,https://static.ctonline.mx/imagenes/GABBLR820/GABBLR820_800.jpg,800x800 px,Fondo blanco puro verificado,Reactivación Automática Mercado Libre
MLM6133201910,GABBLR560,Fuente De Poder 1250w 80 Plus Platino Balam Rush  Magnetar 1,Fuentes de alimentacion para...,https://static.ctonline.mx/imagenes/GABBLR560/GABBLR560_800.jpg,800x800 px,Fondo blanco puro verificado,Reactivación Automática Mercado Libre
MLM6133201978,ACCHHP780,Fuente De Poder Honeywell Para Impresora Microflash 2te (220,Fuentes de alimentacion para...,https://static.ctonline.mx/imagenes/ACCHHP780/ACCHHP780_800.jpg,800x800 px,Fondo blanco puro verificado,Reactivación Automática Mercado Libre
MLM6133202498,GABBLR810,Fuente De Poder 1000w 80 Plus Gold Magnetar 1000zr Balam Rus,Fuentes de alimentacion para...,https://static.ctonline.mx/imagenes/GABBLR810/GABBLR810_800.jpg,800x800 px,Fondo blanco puro verificado,Reactivación Automática Mercado Libre
MLM6133202710,GABVGO350,"Fuente De Poder Slim 500w Atx Vorago Psu-102 20+4 Pines X 1,",Fuentes de alimentacion para...,https://static.ctonline.mx/imagenes/GABVGO350/GABVGO350_800.jpg,800x800 px,Fondo blanco puro verificado,Reactivación Automática Mercado Libre
MLM6133202766,GABBLR530,Fuente De Poder 650w 80 Plus White Balam Rush Pulsar 650pr N,Fuentes de alimentacion para...,https://static.ctonline.mx/imagenes/GABBLR530/GABBLR530_800.jpg,800x800 px,Fondo blanco puro verificado,Reactivación Automática Mercado Libre
MLM6133202780,GABACT340,Fuente De Poder Blazar Prime Acteck Ft500p 500w. Ventilador:,Fuentes de alimentacion para...,https://static.ctonline.mx/imagenes/GABACT340/GABACT340_800.jpg,800x800 px,Fondo blanco puro verificado,Reactivación Automática Mercado Libre
MLM6133202800,ACCDAH1240,Fuente De Poder 11-15 Vcd 20a Psu1220-d16h Fuente De Poder P,Fuentes de alimentacion para...,https://static.ctonline.mx/imagenes/ACCDAH1240/ACCDAH1240_800.jpg,800x800 px,Fondo blanco puro verificado,Reactivación Automática Mercado Libre
MLM6133202830,ACCZBR2430,"Zebra Fuente Pwr-bua5v16w0ww Power Supply Adaptor, Power- Br",Fuentes de alimentacion para...,https://static.ctonline.mx/imagenes/ACCZBR2430/ACCZBR2430_800.jpg,800x800 px,Fondo blanco puro verificado,Reactivación Automática Mercado Libre
MLM6133203040,GABSTY280,Fuente De Poder Xz500 Atx 500w Negro. Xzps500b. Fuente De Po,Fuentes de alimentacion para...,https://static.ctonline.mx/imagenes/GABSTY280/GABSTY280_800.jpg,800x800 px,Fondo blanco puro verificado,Reactivación Automática Mercado Libre
MLM6133203110,ACCPVS460,"Fuente De Poder Individual De 12volts, 5 Amper. Marca Provis",Fuentes de alimentacion para...,https://static.ctonline.mx/imagenes/ACCPVS460/ACCPVS460_800.jpg,800x800 px,Fondo blanco puro verificado,Reactivación Automática Mercado Libre
MLM6133203114,GABEVO170,Fuente De Poder Para Ensamble. Compatible Con Gabinetes Atx,Fuentes de alimentacion para...,https://static.ctonline.mx/imagenes/GABEVO170/GABEVO170_800.jpg,800x800 px,Fondo blanco puro verificado,Reactivación Automática Mercado Libre
MLM6133203194,GABNCB140,"Fuente De Poder Naceb (na-0627), Certificación 80 Plus Gold,",Fuentes de alimentacion para...,https://static.ctonline.mx/imagenes/GABNCB140/GABNCB140_800.jpg,800x800 px,Fondo blanco puro verificado,Reactivación Automática Mercado Libre
MLM6133203204,GABSAX120,Saxxon Psu12015e - Fuente De Poder Regulada De 12 Vcc 1.5 Am,Fuentes de alimentacion para...,https://static.ctonline.mx/imagenes/GABSAX120/GABSAX120_800.jpg,800x800 px,Fondo blanco puro verificado,Reactivación Automática Mercado Libre
MLM6133203246,GABSTY420,Fuente De Poder Stylos Sfx 500w Negro Stfpsfx1b,Fuentes de alimentacion para...,https://static.ctonline.mx/imagenes/GABSTY420/GABSTY420_800.jpg,800x800 px,Fondo blanco puro verificado,Reactivación Automática Mercado Libre
MLM6133203314,GABNCB300,"Fuente De Poder Volt Pulse 600 Na-2925 Potencia 600 W, Facto",Fuentes de alimentacion para...,https://static.ctonline.mx/imagenes/GABNCB300/GABNCB300_800.jpg,800x800 px,Fondo blanco puro verificado,Reactivación Automática Mercado Libre
MLM6133203482,GABSTY070,Fuente De Poder Stylos  Xzeal Xzps650b. Fuente De Poder Gami,Fuentes de alimentacion para...,https://static.ctonline.mx/imagenes/GABSTY070/GABSTY070_800.jpg,800x800 px,Fondo blanco puro verificado,Reactivación Automática Mercado Libre
MLM6133203760,GABSAX080,Saxxon Psu1210d18 - Fuente De Poder De 12 Vcd/ 10 Amperes/ P,Fuentes de alimentacion para...,https://static.ctonline.mx/imagenes/GABSAX080/GABSAX080_800.jpg,800x800 px,Fondo blanco puro verificado,Reactivación Automática Mercado Libre
MLM6133203768,GABNCB160,Fuente De Poder Naceb 750w Atx Modular 80+ Bronze Na-0635,Fuentes de alimentacion para...,https://static.ctonline.mx/imagenes/GABNCB160/GABNCB160_800.jpg,800x800 px,Fondo blanco puro verificado,Reactivación Automática Mercado Libre
MLM6133203818,GABACT520,Fuente De Poder Acteck Blazar Evo Acteck Ft500ew Advanced Se,Fuentes de alimentacion para...,https://static.ctonline.mx/imagenes/GABACT520/GABACT520_800.jpg,800x800 px,Fondo blanco puro verificado,Reactivación Automática Mercado Libre
MLM6133203964,GABBLR540,Fuente De Poder 550w 80 Plus White Balam Rush Pulsar 550pr N,Fuentes de alimentacion para...,https://static.ctonline.mx/imagenes/GABBLR540/GABBLR540_800.jpg,800x800 px,Fondo blanco puro verificado,Reactivación Automática Mercado Libre
MLM6133203984,GABBLR500,Fuente De Poder 650w 80 Plus Bronce Balam Rush Gr Burst Gr65,Fuentes de alimentacion para...,https://static.ctonline.mx/imagenes/GABBLR500/GABBLR500_800.jpg,800x800 px,Fondo blanco puro verificado,Reactivación Automática Mercado Libre
MLM6133204010,ACCDAH1940,Dahua Dh-pfm342-9ch - Fuente De Poder De 12 Vcc 10 Amper/ Co,Fuentes de alimentacion para...,https://static.ctonline.mx/imagenes/ACCDAH1940/ACCDAH1940_800.jpg,800x800 px,Fondo blanco puro verificado,Reactivación Automática Mercado Libre
MLM6133204318,GABNCB320,"Fuente De Poder Grid Pulse 500 Na-2963 Potencia 500 W, Facto",Fuentes de alimentacion para...,https://static.ctonline.mx/imagenes/GABNCB320/GABNCB320_800.jpg,800x800 px,Fondo blanco puro verificado,Reactivación Automática Mercado Libre
MLM6133204392,IMPSMP1390,"Impresora Móvil De Etiquetas Térmica Directa, Bluetooth, 2 P",Fuentes de alimentacion para...,https://static.ctonline.mx/imagenes/IMPSMP1390/IMPSMP1390_800.jpg,800x800 px,Fondo blanco puro verificado,Reactivación Automática Mercado Libre
MLM6133204742,ACCTSN020,Fuente De Poder Externa Para Monitores Touchscreen De Montaj,Fuentes de alimentacion para...,https://static.ctonline.mx/imagenes/ACCTSN020/ACCTSN020_800.jpg,800x800 px,Fondo blanco puro verificado,Reactivación Automática Mercado Libre
MLM6133204750,IMPSMP1370,"Impresora Móvil De Etiquetas Térmica Directa, Wifi, 4 Pulgad",Fuentes de alimentacion para...,https://static.ctonline.mx/imagenes/IMPSMP1370/IMPSMP1370_800.jpg,800x800 px,Fondo blanco puro verificado,Reactivación Automática Mercado Libre
MLM6133204832,IMPSMP1400,"Impresora Móvil De Etiquetas Térmica Directa, Wifi, 2 Pulgad",Fuentes de alimentacion para...,https://static.ctonline.mx/imagenes/IMPSMP1400/IMPSMP1400_800.jpg,800x800 px,Fondo blanco puro verificado,Reactivación Automática Mercado Libre
MLM6133204890,ACCDAH540,Bolsa 10 Conectores Alimentacion Psubr12h Bolsa De 10 Conect,Fuentes de alimentacion para...,https://static.ctonline.mx/imagenes/ACCDAH540/ACCDAH540_800.jpg,800x800 px,Fondo blanco puro verificado,Reactivación Automática Mercado Libre
MLM6133204984,GABSAX050,Saxxon Energia Psu1205a-4k - Fuente De Poder Regulable Metál,Fuentes de alimentacion para...,https://static.ctonline.mx/imagenes/GABSAX050/GABSAX050_800.jpg,800x800 px,Fondo blanco puro verificado,Reactivación Automática Mercado Libre
MLM6133204996,ACCHKV3590,Fuente De Poder Regulada 12 Vcc Ds-2fa1205-c8/k / 13.5 Vcc /,Fuentes de alimentacion para...,https://static.ctonline.mx/imagenes/ACCHKV3590/ACCHKV3590_800.jpg,800x800 px,Fondo blanco puro verificado,Reactivación Automática Mercado Libre
MLM6133205030,ACCZBR1610,"Zebra Pwr-wua5v4w0us Power Supply Adaptor, Power- Wall Cube,",Fuentes de alimentacion para...,https://static.ctonline.mx/imagenes/ACCZBR1610/ACCZBR1610_800.jpg,800x800 px,Fondo blanco puro verificado,Reactivación Automática Mercado Libre
MLM6133205178,GABSTY060,Gabinete Micro Atx Stylos Stpgac4b. Gabinete Para Pc Modelo,Fuentes de alimentacion para...,https://static.ctonline.mx/imagenes/GABSTY060/GABSTY060_800.jpg,800x800 px,Fondo blanco puro verificado,Reactivación Automática Mercado Libre
MLM6133205182,ACCSAX050,Saxxon Psubr12h - Bolsa De 10 Conectores Macho Para Alimenta,Fuentes de alimentacion para...,https://static.ctonline.mx/imagenes/ACCSAX050/ACCSAX050_800.jpg,800x800 px,Fondo blanco puro verificado,Reactivación Automática Mercado Libre
MLM6133205250,GABBLR570,Fuente De Poder 1050w 80 Plus Platino Balam Rush  Magnetar 1,Fuentes de alimentacion para...,https://static.ctonline.mx/imagenes/GABBLR570/GABBLR570_800.jpg,800x800 px,Fondo blanco puro verificado,Reactivación Automática Mercado Libre
MLM6133205352,GABBLR830,Fuente De Poder 750w 80 Plus Gold Gr Burst Gr750g Balam Rush,Fuentes de alimentacion para...,https://static.ctonline.mx/imagenes/GABBLR830/GABBLR830_800.jpg,800x800 px,Fondo blanco puro verificado,Reactivación Automática Mercado Libre
MLM6133205356,GABBLR470,Fuente De Poder 850w 80 Plus Gold Balam Rush Gr Burst Gr850g,Fuentes de alimentacion para...,https://static.ctonline.mx/imagenes/GABBLR470/GABBLR470_800.jpg,800x800 px,Fondo blanco puro verificado,Reactivación Automática Mercado Libre
MLM6133205386,ACCDAH2120,Fuente De Poder 12v 1.5a Dh-pfm320d-015 Fuente De Poder De 1,Fuentes de alimentacion para...,https://static.ctonline.mx/imagenes/ACCDAH2120/ACCDAH2120_800.jpg,800x800 px,Fondo blanco puro verificado,Reactivación Automática Mercado Libre
MLM6133205462,GABBLR480,Fuente De Poder 750w 80 Plus Gold Balam Rush Gr Burst Gr750g,Fuentes de alimentacion para...,https://static.ctonline.mx/imagenes/GABBLR480/GABBLR480_800.jpg,800x800 px,Fondo blanco puro verificado,Reactivación Automática Mercado Libre
MLM6133205584,ACCPVS220,"Fuente De Poder Individual De 12volts, 1 Amper. Marca Provis",Fuentes de alimentacion para...,https://static.ctonline.mx/imagenes/ACCPVS220/ACCPVS220_800.jpg,800x800 px,Fondo blanco puro verificado,Reactivación Automática Mercado Libre
MLM6133205588,GABACT380,Fuente De Poder Acteck Blazar Evo Acteck Ft500e Advanced Ser,Fuentes de alimentacion para...,https://static.ctonline.mx/imagenes/GABACT380/GABACT380_800.jpg,800x800 px,Fondo blanco puro verificado,Reactivación Automática Mercado Libre
MLM6133205652,GABBLR580,Fuente De Poder 1050w 80 Plus Platino Balam Rush  Magnetar 1,Fuentes de alimentacion para...,https://static.ctonline.mx/imagenes/GABBLR580/GABBLR580_800.jpg,800x800 px,Fondo blanco puro verificado,Reactivación Automática Mercado Libre
MLM6133366308,GABSAX110,Saxxon Psu1201e - Fuente De Poder Regulada De 12 Vcc 1 Amper,Fuentes de alimentacion para...,https://static.ctonline.mx/imagenes/GABSAX110/GABSAX110_800.jpg,800x800 px,Fondo blanco puro verificado,Reactivación Automática Mercado Libre
MLM6133366352,FDPMTR010,Fuente De Poder Honeywell Para Lectores /1900g/1200g/1300g/m,Fuentes de alimentacion para...,https://static.ctonline.mx/imagenes/FDPMTR010/FDPMTR010_800.jpg,800x800 px,Fondo blanco puro verificado,Reactivación Automática Mercado Libre
MLM6133366374,GABGET180,Fuente De Poder Getttech Gfs-55020-01 Factor De Forma Atx 12,Fuentes de alimentacion para...,https://static.ctonline.mx/imagenes/GABGET180/GABGET180_800.jpg,800x800 px,Fondo blanco puro verificado,Reactivación Automática Mercado Libre
MLM6133366376,IMPEPS300,Fuente De Poder Ps-180-343 (c825343) Para Impresoras Epson T,Fuentes de alimentacion para...,https://static.ctonline.mx/imagenes/IMPEPS300/IMPEPS300_800.jpg,800x800 px,Fondo blanco puro verificado,Reactivación Automática Mercado Libre
MLM6133366756,ACCDAH2910,Fuente De Poder Dahua Dh-pfm325d-1210us Regulada De 12 Vcc,Fuentes de alimentacion para...,https://static.ctonline.mx/imagenes/ACCDAH2910/ACCDAH2910_800.jpg,800x800 px,Fondo blanco puro verificado,Reactivación Automática Mercado Libre
MLM6133366830,ACCHKV880,Fuente De Poder  Hikvision Modelo Ps-12-dc-4c  De 4 Salidas,Fuentes de alimentacion para...,https://static.ctonline.mx/imagenes/ACCHKV880/ACCHKV880_800.jpg,800x800 px,Fondo blanco puro verificado,Reactivación Automática Mercado Libre
MLM6133366914,GABSAX060,Saxxon Energia Psu1208a - Fuente De Poder Regulable Metálica,Fuentes de alimentacion para...,https://static.ctonline.mx/imagenes/GABSAX060/GABSAX060_800.jpg,800x800 px,Fondo blanco puro verificado,Reactivación Automática Mercado Libre
MLM6133367044,ACCHKV3680,Fuente De Poder Regulada 12 Vcc Ds-2fa1225-c4/k / 13.5 Vcc /,Fuentes de alimentacion para...,https://static.ctonline.mx/imagenes/ACCHKV3680/ACCHKV3680_800.jpg,800x800 px,Fondo blanco puro verificado,Reactivación Automática Mercado Libre
MLM6133367052,GABBLR520,Fuente De Poder 500w 80 Plus Bronce Balam Rush Gr Burst Gr50,Fuentes de alimentacion para...,https://static.ctonline.mx/imagenes/GABBLR520/GABBLR520_800.jpg,800x800 px,Fondo blanco puro verificado,Reactivación Automática Mercado Libre
MLM6133367464,ACCDAH1950,Dahua Dh-pfm343-19ch - Fuente De Poder De 12 Vcc 20 Ampers/,Fuentes de alimentacion para...,https://static.ctonline.mx/imagenes/ACCDAH1950/ACCDAH1950_800.jpg,800x800 px,Fondo blanco puro verificado,Reactivación Automática Mercado Libre
MLM6133367606,GABSAX070,Saxxon Psu1210d9 - Fuente De Poder De 12 Vcd/ 10 Amperes/ Pa,Fuentes de alimentacion para...,https://static.ctonline.mx/imagenes/GABSAX070/GABSAX070_800.jpg,800x800 px,Fondo blanco puro verificado,Reactivación Automática Mercado Libre
MLM6133367630,ACCZBR1850,Zebra Fuente De Alimentación Pwr-wua5v12w0us Power Supply-10,Fuentes de alimentacion para...,https://static.ctonline.mx/imagenes/ACCZBR1850/ACCZBR1850_800.jpg,800x800 px,Fondo blanco puro verificado,Reactivación Automática Mercado Libre
MLM6133367674,GABACT360,Fuente De Poder Acteck Blazar Evo Ft700e Advanced Series Atx,Fuentes de alimentacion para...,https://static.ctonline.mx/imagenes/GABACT360/GABACT360_800.jpg,800x800 px,Fondo blanco puro verificado,Reactivación Automática Mercado Libre
MLM6133367770,GABVGO070,Fuente De Poder Vorago Psu-200 600w Atx 12v 1.3 Alimentación,Fuentes de alimentacion para...,https://static.ctonline.mx/imagenes/GABVGO070/GABVGO070_800.jpg,800x800 px,Fondo blanco puro verificado,Reactivación Automática Mercado Libre
MLM6133367844,GABACT570,Fuente De Poder Tfx  Blazar Fx500 Acteck  Advanced Series 50,Fuentes de alimentacion para...,https://static.ctonline.mx/imagenes/GABACT570/GABACT570_800.jpg,800x800 px,Fondo blanco puro verificado,Reactivación Automática Mercado Libre
MLM6133368022,GABNCB130,"Fuente De Poder Naceb (na-0626), Certificación 80 Plus Bronz",Fuentes de alimentacion para...,https://static.ctonline.mx/imagenes/GABNCB130/GABNCB130_800.jpg,800x800 px,Fondo blanco puro verificado,Reactivación Automática Mercado Libre
MLM6133368098,KITHKV380,Kit Turbohd 1080p Hk-1080-cv / Dvr 4 Canales / 4 Cámaras Bal,Fuentes de alimentacion para...,https://static.ctonline.mx/imagenes/KITHKV380/KITHKV380_800.jpg,800x800 px,Fondo blanco puro verificado,Reactivación Automática Mercado Libre
MLM6133368108,GABACT400,Pack 12 Fuente De Poder Acteck Blazar Basic Acteck Ft500b Es,Fuentes de alimentacion para...,https://static.ctonline.mx/imagenes/GABACT400/GABACT400_800.jpg,800x800 px,Fondo blanco puro verificado,Reactivación Automática Mercado Libre
MLM6133368172,ACCSAX030,Saxxon Psu1202e - Fuente De Poder Regulada De 12 Vcc 2 Amper,Fuentes de alimentacion para...,https://static.ctonline.mx/imagenes/ACCSAX030/ACCSAX030_800.jpg,800x800 px,Fondo blanco puro verificado,Reactivación Automática Mercado Libre
MLM6133368186,GABNCB310,"Fuente De Poder Volt Pulse 700 Na-2956 Potencia 700 W, Facto",Fuentes de alimentacion para...,https://static.ctonline.mx/imagenes/GABNCB310/GABNCB310_800.jpg,800x800 px,Fondo blanco puro verificado,Reactivación Automática Mercado Libre
MLM6133368504,ACCPVS160,"Fuente De Poder Centralizada De 16 Canales De 12v, 12amps. M",Fuentes de alimentacion para...,https://static.ctonline.mx/imagenes/ACCPVS160/ACCPVS160_800.jpg,800x800 px,Fondo blanco puro verificado,Reactivación Automática Mercado Libre
MLM6133368506,ACCCIS1820,"Fuente De Poder Pwr-cc1-150wac= Cisco, Fuente De Poder Prima",Fuentes de alimentacion para...,https://static.ctonline.mx/imagenes/ACCCIS1820/ACCCIS1820_800.jpg,800x800 px,Fondo blanco puro verificado,Reactivación Automática Mercado Libre
MLM6133368584,VENITL040,"Ventilador De Fuente De Poder/gabinetes, 8mm, 4 Pines, Rodam",Fuentes de alimentacion para...,https://static.ctonline.mx/imagenes/VENITL040/VENITL040_800.jpg,800x800 px,Fondo blanco puro verificado,Reactivación Automática Mercado Libre
MLM6133368706,ACCPVS240,Divisor De Fuente De Poder De 1 Entrada A 4 Salidas. Marca P,Fuentes de alimentacion para...,https://static.ctonline.mx/imagenes/ACCPVS240/ACCPVS240_800.jpg,800x800 px,Fondo blanco puro verificado,Reactivación Automática Mercado Libre
MLM6133368740,ACCSAX040,Saxxon Psubr13b - Bolsa De 10 Conectores Hembra / Para Fuent,Fuentes de alimentacion para...,https://static.ctonline.mx/imagenes/ACCSAX040/ACCSAX040_800.jpg,800x800 px,Fondo blanco puro verificado,Reactivación Automática Mercado Libre
MLM6133368778,ACCCIS1810,"Fuente De Poder Secundaria Pwr-c6-600wac/2 Cisco, Fuente De",Fuentes de alimentacion para...,https://static.ctonline.mx/imagenes/ACCCIS1810/ACCCIS1810_800.jpg,800x800 px,Fondo blanco puro verificado,Reactivación Automática Mercado Libre
MLM6133369188,GABSTY430,Fuente De Poder Stylos 500w Atx Stfpatx1b,Fuentes de alimentacion para...,https://static.ctonline.mx/imagenes/GABSTY430/GABSTY430_800.jpg,800x800 px,Fondo blanco puro verificado,Reactivación Automática Mercado Libre
MLM6133369350,LTVHSE070,Laser Tv Hisense 80 - 150  Px3-pro Dlp 4k Google Tv Dlp Blue,Fuentes de alimentacion para...,https://static.ctonline.mx/imagenes/LTVHSE070/LTVHSE070_800.jpg,800x800 px,Fondo blanco puro verificado,Reactivación Automática Mercado Libre
MLM6133369520,GABBLR510,Fuente De Poder 550w 80 Plus Bronce Balam Rush Gr Burst Gr55,Fuentes de alimentacion para...,https://static.ctonline.mx/imagenes/GABBLR510/GABBLR510_800.jpg,800x800 px,Fondo blanco puro verificado,Reactivación Automática Mercado Libre
MLM6133369558,ACCGDM130,"Fuente De Poder Grandstream Psu-grp26x/2612-s 5v, 600ma, Par",Fuentes de alimentacion para...,https://static.ctonline.mx/imagenes/ACCGDM130/ACCGDM130_800.jpg,800x800 px,Fondo blanco puro verificado,Reactivación Automática Mercado Libre
MLM6133369560,GABGET190,Fuente De Poder Getttech Gfs-60020-01 Proporciona La Energía,Fuentes de alimentacion para...,https://static.ctonline.mx/imagenes/GABGET190/GABGET190_800.jpg,800x800 px,Fondo blanco puro verificado,Reactivación Automática Mercado Libre
MLM6133369614,GABACT390,Fuente De Poder Acteck Blazar Evo Acteck Fs500e Advanced Ser,Fuentes de alimentacion para...,https://static.ctonline.mx/imagenes/GABACT390/GABACT390_800.jpg,800x800 px,Fondo blanco puro verificado,Reactivación Automática Mercado Libre
MLM3424392341,COMHYU530,"Computadora Portátil Hyundai Hybook Pro, Ht15ca10s01gyb, Int",Memorias RAM,https://static.ctonline.mx/imagenes/COMHYU530/COMHYU530_800.jpg,800x800 px,Fondo blanco puro verificado,Reactivación Automática Mercado Libre
MLM6133369434,MEMKGN4600,Memoria Kingston Propietaria 16gb Ddr5 5600mt/s Non-ecc Unbu,Memorias RAM,https://static.ctonline.mx/imagenes/MEMKGN4600/MEMKGN4600_800.jpg,800x800 px,Fondo blanco puro verificado,Reactivación Automática Mercado Libre
MLM3424165289,MEMKGN5130,Memoria Kingston Propietaria 8gb Ddr5 5600mt/s Non-ecc Unbuf,Memorias RAM,https://static.ctonline.mx/imagenes/MEMKGN5130/MEMKGN5130_800.jpg,800x800 px,Fondo blanco puro verificado,Reactivación Automática Mercado Libre
MLM3424165857,MEMKGN3290,Memoria Kingston 16gb 3200mt/s Ddr4 Non-ecc Cl22 Sodimm 1rx8,Memorias RAM,https://static.ctonline.mx/imagenes/MEMKGN3290/MEMKGN3290_800.jpg,800x800 px,Fondo blanco puro verificado,Reactivación Automática Mercado Libre
MLM3424389581,COMVAI010,Computadora Portátil Vaio Rbvwnc71419-bk 15.6  Fhd Intel Cor,Memorias RAM,https://static.ctonline.mx/imagenes/COMVAI010/COMVAI010_800.jpg,800x800 px,Fondo blanco puro verificado,Reactivación Automática Mercado Libre
MLM3424390473,MEMKGN4090,Memoria Kingston 16gb 3200mt/s Ddr4 Non-ecc Cl22 Sodimm 2rx8,Memorias RAM,https://static.ctonline.mx/imagenes/MEMKGN4090/MEMKGN4090_800.jpg,800x800 px,Fondo blanco puro verificado,Reactivación Automática Mercado Libre
MLM3424390497,MEMDAT5970,Memoria Ddr4 De 8gb Sodimm 2666mhz Adata Ad4s26668g19-sgn,Memorias RAM,https://static.ctonline.mx/imagenes/MEMDAT5970/MEMDAT5970_800.jpg,800x800 px,Fondo blanco puro verificado,Reactivación Automática Mercado Libre
MLM3424390659,COMHYU560,Computadora Portátil  Hyundai Hybook Ht14cb10s02bk Intel Cor,Memorias RAM,https://static.ctonline.mx/imagenes/COMHYU560/COMHYU560_800.jpg,800x800 px,Fondo blanco puro verificado,Reactivación Automática Mercado Libre
MLM3424390713,COMHYU540,"Computadora Portátil Hyundai Hybook, Ht14cc4s02. Intel Gemin",Memorias RAM,https://static.ctonline.mx/imagenes/COMHYU540/COMHYU540_800.jpg,800x800 px,Fondo blanco puro verificado,Reactivación Automática Mercado Libre
MLM3424390803,MEMDAT6080,Memoria Ddr4 De 32gb Sodimm 3200mhz Adata Ad4s320032g22-sgn,Memorias RAM,https://static.ctonline.mx/imagenes/MEMDAT6080/MEMDAT6080_800.jpg,800x800 px,Fondo blanco puro verificado,Reactivación Automática Mercado Libre
MLM3424390857,MEMKGN5280,Memoria Kingston 8gb 5600mts Ddr5 Non-ecc Cl46 Sodimm 1rx16,Memorias RAM,https://static.ctonline.mx/imagenes/MEMKGN5280/MEMKGN5280_800.jpg,800x800 px,Fondo blanco puro verificado,Reactivación Automática Mercado Libre
MLM3424391101,MEMDAT5710,Memoria Ddr4 De 16gb Sodimm 2666mhz Adata Ad4s266616g19-sgn,Memorias RAM,https://static.ctonline.mx/imagenes/MEMDAT5710/MEMDAT5710_800.jpg,800x800 px,Fondo blanco puro verificado,Reactivación Automática Mercado Libre
MLM3424391353,MEMDAT5960,Memoria Ddr4 De 8gb Sodimm 3200mhz Adata Ad4s32008g22-sgn,Memorias RAM,https://static.ctonline.mx/imagenes/MEMDAT5960/MEMDAT5960_800.jpg,800x800 px,Fondo blanco puro verificado,Reactivación Automática Mercado Libre
MLM3424391511,COMHPI4510,Computadora Portátil Hp 200 G2a (d6pd6at#abm). Procesador Am,Memorias RAM,https://static.ctonline.mx/imagenes/COMHPI4510/COMHPI4510_800.jpg,800x800 px,Fondo blanco puro verificado,Reactivación Automática Mercado Libre
MLM3424391657,MEMKGN3630,Memoria Kingston 32gb 3200mt/s Ddr4 Non-ecc Cl22 Sodimm 2rx8,Memorias RAM,https://static.ctonline.mx/imagenes/MEMKGN3630/MEMKGN3630_800.jpg,800x800 px,Fondo blanco puro verificado,Reactivación Automática Mercado Libre
MLM3424391835,MEMKGN4990,Memoria Kingston 8gb 3200mt/s Ddr4 Non-ecc Cl22 Sodimm 1rx8,Memorias RAM,https://static.ctonline.mx/imagenes/MEMKGN4990/MEMKGN4990_800.jpg,800x800 px,Fondo blanco puro verificado,Reactivación Automática Mercado Libre
MLM3424393237,LCTMTR2090,Terminal Portátil Marca Honeywell Modelo Ck65 (ck65-l0n-bsc2,Memorias RAM,https://static.ctonline.mx/imagenes/LCTMTR2090/LCTMTR2090_800.jpg,800x800 px,Fondo blanco puro verificado,Reactivación Automática Mercado Libre
MLM6133201602,MEMSTY400,Memoria Ram Stylos St-10 Sodimm Ddr4 8gb 3200mhz Strams0832,Memorias RAM,https://static.ctonline.mx/imagenes/MEMSTY400/MEMSTY400_800.jpg,800x800 px,Fondo blanco puro verificado,Reactivación Automática Mercado Libre
MLM6133202528,MEMDAT6510,"Memoria Ram Adata, Ddr5 32gb Sodimm 4800mhz. Np. Ad5s480032g",Memorias RAM,https://static.ctonline.mx/imagenes/MEMDAT6510/MEMDAT6510_800.jpg,800x800 px,Fondo blanco puro verificado,Reactivación Automática Mercado Libre
MLM6133202610,CPUECS280,Mini Pc Ecs Liva Z5 Plus Cpu Intel U300 Memoria Ram 2 X So-d,Memorias RAM,https://static.ctonline.mx/imagenes/CPUECS280/CPUECS280_800.jpg,800x800 px,Fondo blanco puro verificado,Reactivación Automática Mercado Libre
MLM6133202962,MEMDAT6530,"Memoria Ram Adata, Ddr5 8gb Sodimm 4800mhz. Np. Ad5s48008g-s",Memorias RAM,https://static.ctonline.mx/imagenes/MEMDAT6530/MEMDAT6530_800.jpg,800x800 px,Fondo blanco puro verificado,Reactivación Automática Mercado Libre
MLM6133203224,MEMKGN2350,Memoria Kingston Propietaria 8gb Ddr4 3200mt/s Non-ecc Unbuf,Memorias RAM,https://static.ctonline.mx/imagenes/MEMKGN2350/MEMKGN2350_800.jpg,800x800 px,Fondo blanco puro verificado,Reactivación Automática Mercado Libre
MLM6133203418,CPUECS370,Mini Pc Ecs Liva Z7 Plus Cpu Intel Ultra 5 125h Memoria Ram,Memorias RAM,https://static.ctonline.mx/imagenes/CPUECS370/CPUECS370_800.jpg,800x800 px,Fondo blanco puro verificado,Reactivación Automática Mercado Libre
MLM6133203522,MEMDAT6780,"Memoria Ram Adata, Ddr5 16gb Sodimm 5600mhz. Ad5s560016g-s",Memorias RAM,https://static.ctonline.mx/imagenes/MEMDAT6780/MEMDAT6780_800.jpg,800x800 px,Fondo blanco puro verificado,Reactivación Automática Mercado Libre
MLM6133203726,MEMKGN4850,Memoria Kingston 32gb 5600mts Ddr5 Non-ecc Cl46 Sodimm 2rx8,Memorias RAM,https://static.ctonline.mx/imagenes/MEMKGN4850/MEMKGN4850_800.jpg,800x800 px,Fondo blanco puro verificado,Reactivación Automática Mercado Libre
MLM6133203838,COMASS8380,Computadora Portátil Asus Vivobook 15 Modelo X1504za-nj302w,Memorias RAM,https://static.ctonline.mx/imagenes/COMASS8380/COMASS8380_800.jpg,800x800 px,Fondo blanco puro verificado,Reactivación Automática Mercado Libre
MLM6133204052,LCTMTR2030,Terminal Portátil Marca Honeywell Modelo Ck65 (ck65-l0n-b8c2,Memorias RAM,https://static.ctonline.mx/imagenes/LCTMTR2030/LCTMTR2030_800.jpg,800x800 px,Fondo blanco puro verificado,Reactivación Automática Mercado Libre
MLM6133204076,LCTMTR2150,Terminal Portátil Marca Honeywell Modelo Ck65 (ck65-l0n-b8n2,Memorias RAM,https://static.ctonline.mx/imagenes/LCTMTR2150/LCTMTR2150_800.jpg,800x800 px,Fondo blanco puro verificado,Reactivación Automática Mercado Libre
MLM6133204192,CPUECS290,Mini Pc Ecs Liva Z5 Plus Cpu Intel Ci3-1315u Memoria Ram 2 X,Memorias RAM,https://static.ctonline.mx/imagenes/CPUECS290/CPUECS290_800.jpg,800x800 px,Fondo blanco puro verificado,Reactivación Automática Mercado Libre
MLM6133204254,MEMKGN3320,Memoria Kingston Propietaria 16gb Ddr4 3200mt/s Non-ecc Unbu,Memorias RAM,https://static.ctonline.mx/imagenes/MEMKGN3320/MEMKGN3320_800.jpg,800x800 px,Fondo blanco puro verificado,Reactivación Automática Mercado Libre
MLM6133204450,MEMDAT6790,"Memoria Ram Adata, Ddr5 32gb Sodimm 4800mhz. Ad5s560032g-s",Memorias RAM,https://static.ctonline.mx/imagenes/MEMDAT6790/MEMDAT6790_800.jpg,800x800 px,Fondo blanco puro verificado,Reactivación Automática Mercado Libre
MLM6133204918,MEMDAT5890,Memoria Ddr4 De 16gb Sodimm 3200mhz Adata Ad4s320016g22-sgn,Memorias RAM,https://static.ctonline.mx/imagenes/MEMDAT5890/MEMDAT5890_800.jpg,800x800 px,Fondo blanco puro verificado,Reactivación Automática Mercado Libre
MLM6133204940,MEMKGN2710,Memoria Kingston Propietaria 32gb Ddr4 3200mt/s Non-ecc Unbu,Memorias RAM,https://static.ctonline.mx/imagenes/MEMKGN2710/MEMKGN2710_800.jpg,800x800 px,Fondo blanco puro verificado,Reactivación Automática Mercado Libre
MLM6133205112,COMHPI4180,Computadora Portátil Hp 255r 15.6¨ (c7gn5at#abm). Procesador,Memorias RAM,https://static.ctonline.mx/imagenes/COMHPI4180/COMHPI4180_800.jpg,800x800 px,Fondo blanco puro verificado,Reactivación Automática Mercado Libre
MLM6133205342,MEMKGN2280,Memoria Kingston Propietaria 16gb Ddr4 3200mt/s Non-ecc Unbu,Memorias RAM,https://static.ctonline.mx/imagenes/MEMKGN2280/MEMKGN2280_800.jpg,800x800 px,Fondo blanco puro verificado,Reactivación Automática Mercado Libre
MLM6133366240,COMVAI030,Computadora Portátil Vaio Rbvwnc71419-sl 15.6    Intel Core,Memorias RAM,https://static.ctonline.mx/imagenes/COMVAI030/COMVAI030_800.jpg,800x800 px,Fondo blanco puro verificado,Reactivación Automática Mercado Libre
MLM6133366410,CPUECS360,"Mini Pc Ecs 95-662-qc3013 Procesador Incorporado* No, Tipo D",Memorias RAM,https://static.ctonline.mx/imagenes/CPUECS360/CPUECS360_800.jpg,800x800 px,Fondo blanco puro verificado,Reactivación Automática Mercado Libre
MLM6133366422,CPUECS380,Mini Pc Ecs Liva Z7 Plus Cpu Intel Ultra 7 155h Memoria Ram,Memorias RAM,https://static.ctonline.mx/imagenes/CPUECS380/CPUECS380_800.jpg,800x800 px,Fondo blanco puro verificado,Reactivación Automática Mercado Libre
MLM6133366478,COMECS270,Computadora Portátil Ep20an2 Procesador N100 Intel Adl N-ser,Memorias RAM,https://static.ctonline.mx/imagenes/COMECS270/COMECS270_800.jpg,800x800 px,Fondo blanco puro verificado,Reactivación Automática Mercado Libre
MLM6133367132,MEMDAT6470,"Memoria Ram Adata, Ddr5 16gb Sodimm 4800mhz. Np. Ad5s480016g",Memorias RAM,https://static.ctonline.mx/imagenes/MEMDAT6470/MEMDAT6470_800.jpg,800x800 px,Fondo blanco puro verificado,Reactivación Automática Mercado Libre
MLM6133367194,MEMKGN4880,Memoria Kingston Propietaria 32gb Ddr5 5600mt/s Non-ecc Unbu,Memorias RAM,https://static.ctonline.mx/imagenes/MEMKGN4880/MEMKGN4880_800.jpg,800x800 px,Fondo blanco puro verificado,Reactivación Automática Mercado Libre
MLM6133367824,LCTMTR1930,Terminal Portátil Marca Honeywell Modelo Ck65 (ck65-l0n-bmc2,Memorias RAM,https://static.ctonline.mx/imagenes/LCTMTR1930/LCTMTR1930_800.jpg,800x800 px,Fondo blanco puro verificado,Reactivación Automática Mercado Libre
MLM6133368148,MEMDAT6770,"Memoria Ram Adata, Ddr5 8gb Sodimm 5600mhz. Ad5s56008g-s",Memorias RAM,https://static.ctonline.mx/imagenes/MEMDAT6770/MEMDAT6770_800.jpg,800x800 px,Fondo blanco puro verificado,Reactivación Automática Mercado Libre
MLM6133368246,MEMSTY410,Memoria Ram Stylos St-10 Sodimm Ddr4 16gb 3200mhz Strams1632,Memorias RAM,https://static.ctonline.mx/imagenes/MEMSTY410/MEMSTY410_800.jpg,800x800 px,Fondo blanco puro verificado,Reactivación Automática Mercado Libre
MLM6133368256,MEMKGN5060,Memoria Kingston 8gb 1600mt/s Ddr3 Non-ecc Cl11 Sodimm 2rx8,Memorias RAM,https://static.ctonline.mx/imagenes/MEMKGN5060/MEMKGN5060_800.jpg,800x800 px,Fondo blanco puro verificado,Reactivación Automática Mercado Libre
MLM6133369250,COMMSI520,Computadora Portátil Msi Gaming 15.6  Thingf6312814/ob  Inte,Memorias RAM,https://static.ctonline.mx/imagenes/COMMSI520/COMMSI520_800.jpg,800x800 px,Fondo blanco puro verificado,Reactivación Automática Mercado Libre
MLM6133369604,COMVAI040,Computadora Portátil Vaio Rbvwnc51518-sl 15.6   Fhd Intel Co,Memorias RAM,https://static.ctonline.mx/imagenes/COMVAI040/COMVAI040_800.jpg,800x800 px,Fondo blanco puro verificado,Reactivación Automática Mercado Libre
MLM3424392567,ACCKNS2390,Trackball Pro Fit® Ergo Tb550 K72196ww Kensington. Un Diseño,Tarjetas madre de computadoras,https://static.ctonline.mx/imagenes/ACCKNS2390/ACCKNS2390_800.jpg,800x800 px,Fondo blanco puro verificado,Reactivación Automática Mercado Libre
MLM3424392965,GABVGO240,"Fuente De Poder. Psg1050 1050w. Atx 12v, 1x 20+4 Pines Mothe",Tarjetas madre de computadoras,https://static.ctonline.mx/imagenes/GABVGO240/GABVGO240_800.jpg,800x800 px,Fondo blanco puro verificado,Reactivación Automática Mercado Libre
MLM6133205496,ACCTPL1610,Adaptador Usb Tipo C A Hdmi (ua520c) Resolución Máxima: Sopo,Tarjetas madre de computadoras,https://static.ctonline.mx/imagenes/ACCTPL1610/ACCTPL1610_800.jpg,800x800 px,Fondo blanco puro verificado,Reactivación Automática Mercado Libre
MLM6133366366,ACCOKI040,Unidad Dúplex Okidata 70047803. Para La Impresora: B6500. (e,Tarjetas madre de computadoras,https://static.ctonline.mx/imagenes/ACCOKI040/ACCOKI040_800.jpg,800x800 px,Fondo blanco puro verificado,Reactivación Automática Mercado Libre
MLM6133367666,ROUTPL1310,"Router Wi-fi 7 Doble Banda B6500 (archer Be400) Banda De 6,5",Tarjetas madre de computadoras,https://static.ctonline.mx/imagenes/ROUTPL1310/ROUTPL1310_800.jpg,800x800 px,Fondo blanco puro verificado,Reactivación Automática Mercado Libre
MLM6133368644,CPUYEY690,Yeyian Gaming Pc Hussar Negro Core Ultra 5 225 Modelo: Ypi-h,Tarjetas madre de computadoras,https://static.ctonline.mx/imagenes/CPUYEY690/CPUYEY690_800.jpg,800x800 px,Fondo blanco puro verificado,Reactivación Automática Mercado Libre
